Gender,Age,Department,Attendance (%),Midterm_Score,Final_Score,Assignments_Avg,Quizzes_Avg,Participation_Score,Projects_Score,Total_Score,Grade,test_preparation_course,math_score,reading_score,writing_score,science_score
Female,22.0,Engineering,52.29,55.03,57.82,84.22,74.06,3.99,85.9,56.09,F,1,89,38.0,85.0,26.0
Male,18.0,Engineering,97.27,97.23,45.8,74.32,94.24,8.32,55.65,50.64,A,0,65,100.0,67.0,96.0
Male,24.0,Business,57.19,67.05,93.68,67.7,85.7,5.05,73.79,70.3,D,0,10,99.0,97.0,58.0
Female,24.0,Mathematics,95.15,47.79,80.63,66.06,93.51,6.54,92.12,61.63,A,1,22,51.0,41.0,84.0
Female,23.0,CS,54.18,46.59,78.89,96.85,83.7,5.97,68.42,66.13,F,1,26,58.0,64.0,65.0
Male,21.0, engineering ,81.08,78.85,43.53,71.4,52.2,6.38,67.29,62.08,B,0,40,49.0,69.0,48.0
Male,24.0,Business,57.6,66.26,89.07,84.52,98.4,2.3,93.65,83.21,F,0,34,48.0,84.0,73.0
Male,19.0,Engineering,51.91,45.67,73.96,80.12,95.9,3.73,93.24,81.93,F,1,25,80.0,34.0,17.0
Female,21.0,CS,85.97,84.42,90.87,57.05,56.33,0.51,94.01,95.62,A,1,28,79.0,100.0,76.0
Female,22.0,Engineering,64.01,87.96,98.47,96.98,55.63,5.88,78.6,84.99,A,0,71,22.0,85.0,39.0
Female,23.0,CS,85.72,83.52,97.43,67.29,76.95,,97.62,58.25,A,0,55,64.0,87.0,60.0
Female,20.0,Engineering,77.75,52.14,91.37,52.24,87.85,7.61,90.95,87.58,C,0,99,53.0,54.0,55.0
Male,21.0,Engineering,55.44,81.39,40.66,65.02,69.11,2.06,70.78,59.06,F,0,29,83.43,76.0,91.0
Male,18.0,Business,96.61,40.64,93.14,66.78,56.82,4.37,81.48,77.93,A,1,18,70.0,84.31,45.0
Male,19.0,Engineering,72.62,58.31,44.5,54.64,75.53,1.81,56.09,53.85,B,1,72,97.0,52.0,69.69
Male,18.0,CS,86.72,63.93,91.07,81.0,66.88,6.14,77.57,52.37,A,0,23,96.0,34.0,54.0
Female,21.0,CS,75.05,90.11,56.81,67.34,67.59,8.48,63.16,73.21,F,0,35,70.0,87.0,91.0
Female,23.0,Business,80.22,63.42,76.6,81.46,82.25,7.65,64.18,55.25,F,1,38,82.0,82.0,73.0
Male,20.0,CS,65.14,40.68,42.28,50.34,94.28,9.44,56.29,65.33,B,1,41,76.0,78.0,99.32
Male,20.0,Engineering,60.02,61.14,86.27,99.1,77.93,9.72,67.91,66.94,D,1,22,73.0,80.87,75.0
Male,18.0,CS,77.13,69.94,46.7,86.59,84.38,7.72,74.07,88.47,D,1,44,36.75,50.0,47.0
Male,22.0,Business,72.01,96.94,64.64,82.97,83.0,2.87,80.02,66.63,C,1,25,68.0,62.0,54.0
Male,22.0,Engineering,69.51,96.46,89.05,85.79,,2.19,65.24,74.72,C,1,39,71.0,49.0,78.0
Female,23.0,CS,83.63,50.85,81.72,58.58,65.54,4.48,89.61,88.63,D,1,85,97.0,43.0,57.0
Female,20.0,CS,84.53,51.11,40.36,55.59,68.89,9.94,76.05,60.24,A,0,30,63.0,63.0,9.0
Male,18.0,Business,52.3,49.8,64.18,57.63,65.79,4.13,81.9,90.24,C,1,100,38.0,74.0,95.0
Male,18.0,Engineering,66.94,87.34,42.52,62.34,95.87,1.99,63.91,91.59,A,0,61,64.0,81.0,44.0
Male,18.0,Business,70.59,40.36,80.41,58.41,91.33,9.44,90.71,99.44,D,0,47,49.0,98.0,46.0
Female,21.0,Business,54.84,47.63,98.14,83.7,78.97,3.86,81.21,72.2,D,0,37,57.0,57.0,82.0
Female,23.0,Mathematics,61.8,72.28,79.32,71.04,95.61,6.91,93.12,68.53,A,1,49,54.0,61.0,78.0
Female,22.0,CS,52.58,54.85,53.46,76.89,94.32,7.88,58.0,85.1,F,1,72,89.0,64.0,81.0
Male,22.0,Mathematics,99.81,45.54,61.31,52.37,96.38,8.43,69.03,52.91,B,0,18,69.0,82.0,9.0
Female,21.0,CS,77.18,61.59,98.6,,61.09,8.21,55.65,51.99,D,0,11,67.0,60.0,31.0
Male,19.0,CS,54.37,56.45,53.44,58.53,85.88,8.36,60.78,66.75,D,1,41,77.0,97.0,65.0
Female,21.0,Business,51.01,70.67,73.69,68.01,80.46,6.68,69.73,86.48,F,0,32,71.0,74.0,70.0
Female,23.0,CS,85.96,98.75,64.03,53.6,86.69,4.04,94.73,55.82,A,0,85,76.0,74.0,57.0
Female,18.0,CS,71.96,47.46,86.1,56.84,63.17,6.67,77.85,81.78,F,0,78,82.0,52.0,71.0
Male,21.0,CS,89.34,62.36,92.04,83.29,84.74,8.37,66.52,63.48,A,1,36,70.0,57.0,93.0
Male,18.0,Engineering,96.17,95.92,60.45,84.63,70.49,3.51,87.34,82.58,A,0,68,66.0,86.0,99.0
Female,23.0,Engineering,79.97,92.61,79.62,,91.7,2.97,50.98,72.85,A,0,97,89.0,64.0,66.0
Male,24.0,Business,59.36,63.66,72.94,77.61,89.77,3.44,68.5,55.76,C,0,38,97.0,55.0,62.0
Male,23.0,BUSINESS,89.11,81.94,56.71,97.63,60.57,5.51,80.04,62.36,A,0,38,92.0,95.0,50.0
Male,20.0,Engineering,97.79,45.27,56.32,75.36,59.19,0.52,79.16,60.99,A,0,45,38.0,54.0,65.0
Male,18.0,CS,79.01,,72.32,72.47,85.89,7.79,80.38,58.23,A,0,78,84.22,81.0,71.0
Male,22.0,Mathematics,84.1,98.37,,62.38,77.52,1.39,60.58,73.42,D,0,64,81.0,68.33,96.0
Male,21.0,CS,66.87,72.25,88.65,54.94,77.86,1.33,66.85,97.73,C,0,60,43.0,33.0,84.58
Male,24.0,CS,53.36,69.91,,77.41,87.63,1.98,96.58,82.9,C,0,60,56.0,78.0,67.0
Female,23.0,CS,86.73,51.24,45.67,65.74,92.75,5.77,98.7,91.8,A,0,38,90.0,53.0,60.0
Male,18.0,Engineering,96.39,78.03,60.53,76.2,61.95,2.86,65.6,99.05,B,0,69,98.0,98.0,46.0
Male,24.0,CS,81.45,75.43,47.09,60.31,77.78,3.68,82.23,77.03,B,0,87,63.0,48.0,55.0
Female,19.0,Computer Science,89.49,79.12,68.54,91.91,91.45,9.32,62.06,61.9,A,0,83,56.0,11.55,36.86
Female,20.0,CS,58.58,41.56,63.98,99.98,93.64,8.47,68.43,96.39,D,1,42,64.0,57.0,94.0
Female,19.0,CS,60.6,72.92,83.31,66.12,64.37,8.52,89.62,84.95,B,1,72,63.68,69.0,28.0
Female,23.0,Engineering,76.6,,97.18,92.12,55.21,5.78,75.06,97.95,C,0,69,100.0,59.0,9.0
Male,19.0,Business,73.08,52.45,85.21,93.65,61.64,8.66,92.48,82.55,B,0,52,98.0,73.0,75.0
Female,19.0,Business,81.75,52.5,50.77,95.15,97.27,7.79,81.44,88.76,A,1,65,66.0,60.0,57.0
Female,20.0,CS,64.58,56.57,96.13,67.14,73.12,9.53,81.45,94.53,F,1,27,55.0,100.0,38.0
Male,20.0,CS,89.58,82.7,63.53,87.8,70.93,0.64,51.69,87.96,A,0,46,91.0,30.0,69.0
Male,20.0,Mathematics,90.41,76.38,68.45,61.44,50.65,0.29,87.48,78.13,B,1,12,83.0,74.0,63.0
Male,24.0,CS,73.19,90.75,65.29,81.24,52.55,1.75,98.89,73.6,F,0,51,73.0,100.0,60.0
Female,20.0,Business,59.04,57.74,56.83,85.24,83.43,9.29,73.65,91.17,D,0,32,100.0,77.0,61.0
Male,19.0,CS,82.34,94.72,93.7,85.34,79.49,6.06,57.93,88.6,B,0,75,86.0,73.0,79.0
Female,22.0,Mathematics,99.64,84.62,59.93,60.36,78.78,4.26,98.85,68.32,A,1,60,53.0,82.0,71.0
Male,22.0,CS,81.13,63.7,74.72,92.44,55.52,,64.51,74.92,F,0,20,76.0,63.0,71.0
Male,20.0,Engineering,,45.72,54.4,71.05,67.6,8.3,70.46,81.75,C,1,85,82.0,80.0,72.0
Female,24.0,Business,50.86,55.42,87.84,60.82,90.62,9.29,53.87,51.42,F,0,81,88.0,100.0,100.0
Male,21.0,Engineering,66.02,97.41,86.45,77.13,58.75,7.3,55.54,62.38,A,0,98,40.0,32.0,51.0
Male,18.0,CS,59.79,58.62,57.78,93.17,94.13,7.6,60.83,62.51,D,1,72,90.0,61.0,65.0
Male,23.0,Engineering,90.65,59.79,80.89,98.35,56.07,3.2,77.42,94.16,A,0,83,89.0,56.0,74.0
Male,24.0,Business,92.24,51.38,82.23,87.41,58.46,4.67,77.89,66.57,A,0,100,62.0,32.0,74.0
Male,21.0,CS,,88.41,73.75,50.28,73.89,8.85,80.31,77.26,B,0,24,86.0,68.0,52.0
Female,23.0,CS,66.28,56.54,76.04,56.74,97.26,7.86,79.19,91.58,C,0,71,90.0,68.0,72.0
Female,,Engineering,61.81,59.82,74.47,53.81,66.48,6.84,74.76,62.98,B,0,20,73.0,100.0,56.0
Male,21.0,CS,95.42,64.86,44.91,55.06,82.91,0.65,90.1,56.19,A,0,23,57.0,65.0,65.0
Female,22.0,Engineering,75.13,66.02,80.22,69.15,79.43,0.4,96.69,97.42,A,1,82,30.0,53.0,75.0
 FEMALE ,18.0,CS,82.81,64.68,68.19,66.92,57.48,1.3,63.49,85.23,F,0,49,30.0,53.0,33.0
Female,21.0,Engineering,70.77,70.22,66.31,52.29,62.41,5.81,56.51,58.85,A,0,35,62.0,33.0,46.0
Male,20.0,Computer Science,81.55,88.87,91.6,94.11,96.51,5.36,71.25,90.99,D,0,55,58.0,98.0,74.0
Male,23.0,Engineering,69.29,89.16,41.39,80.77,59.24,9.43,51.32,89.36,A,0,32,100.0,78.0,36.0
Male,24.0,CS,66.98,87.9,55.08,80.16,84.75,6.95,94.17,91.88,A,0,19,60.0,25.0,78.0
Female,22.0,CS,81.72,46.07,,66.03,98.23,2.94,61.99,63.81,A,1,47,70.0,100.0,90.0
Female,23.0,CS,79.53,87.98,42.12,70.51,55.98,1.61,77.46,72.43,D,1,48,76.0,80.0,100.0
Male,20.0,Mathematics,81.34,47.22,56.54,65.88,69.96,8.5,55.75,84.68,A,0,29,77.0,44.0,79.0
Male,20.0,CS,57.47,47.48,99.31,71.92,61.2,4.6,77.66,69.53,D,0,34,70.0,41.0,53.0
Female,21.0,Business,68.43,96.87,56.21,80.52,61.08,6.53,51.95,53.5,F,0,74,69.0,26.0,60.0
Female,20.0,CS,70.76,89.16,79.82,74.65,55.95,5.65,88.44,56.82,C,0,44,90.0,58.0,72.0
Male,18.0,CS,81.43,73.14,47.1,91.9,82.48,1.07,97.77,79.86,C,1,28,82.0,87.0,52.0
Female,20.0,Engineering,95.73,92.5,76.11,95.01,87.32,0.57,65.35,68.76,B,0,72,76.0,49.0,88.0
Female,21.0,Engineering,57.15,99.36,99.07,73.48,83.84,3.77,62.91,50.27,C,1,43,82.0,50.0,56.0
Female,23.0,Mathematics,80.47,76.64,57.51,61.99,96.23,3.62,72.4,88.34,F,0,71,65.0,59.0,60.0
Female,20.0,Mathematics,59.69,76.77,90.88,97.26,57.28,6.74,81.0,70.84,C,1,62,58.0,45.0,33.0
Female,22.0,Business,75.11,85.27,99.85,86.75,65.99,6.32,59.45,65.69,B,0,42,60.0,80.0,74.0
Female,24.0,Engineering,71.49,53.93,75.31,82.01,67.23,9.69,90.17,85.68,D,0,43,86.0,83.0,93.0
Female,22.0,Engineering,86.45,50.03,58.56,87.27,61.6,,59.93,72.76,A,1,21,60.0,18.0,66.0
Male,22.0,CS,59.99,85.57,80.41,75.83,57.11,4.97,50.27,84.74,F,0,72,86.0,23.0,62.0
Male,23.0,Mathematics,79.72,60.69,90.69,53.38,74.34,5.0,76.21,50.66,D,0,93,85.0,30.0,79.0
Female,19.0,Engineering,94.19,48.1,50.28,57.66,91.72,6.74,55.76,50.47,A,0,66,91.0,95.0,59.0
Female,24.0,Engineering,95.53,58.89,67.15,57.37,97.73,1.14,84.91,78.0,A,1,65,65.0,64.0,27.0
Female,22.0,CS,97.94,61.52,59.15,71.03,56.47,10.0,58.37,99.11,B,0,47,64.0,54.0,23.0
Male,22.0,CS,88.66,97.91,57.0,57.87,91.16,5.19,90.87,63.62,B,0,0,37.0,62.0,94.0
Male,19.0,Mathematics,95.3,81.88,91.65,92.73,91.23,9.1,73.52,84.14,A,1,25,78.0,69.0,36.0
Female,23.0,CS,61.73,71.85,65.3,,69.45,9.67,78.31,58.61,F,1,78,82.0,62.0,15.0
Male,24.0,Engineering,59.88,98.13,60.34,68.41,55.5,5.82,59.33,65.58,F,0,82,84.0,82.0,79.0
Female,22.0,CS,50.32,94.19,76.21,53.48,99.5,1.03,57.33,53.9,D,1,46,98.0,96.0,100.0
Female,21.0,Business,85.34,70.72,53.16,79.55,82.78,5.73,81.56,94.04,A,0,13,100.0,68.0,10.0
Female,23.0,CS,96.87,94.34,53.79,55.83,99.11,5.98,62.77,65.52,A,0,28,79.0,71.0,42.0
Female,24.0,Business,59.35,64.26,71.22,87.16,74.18,7.89,69.3,61.52,D,0,35,74.0,58.0,51.0
Female,22.0,CS,81.85,53.83,64.56,90.14,69.76,0.48,73.97,86.53,F,1,39,64.0,93.0,77.0
Female,22.0,Business,87.32,53.96,57.7,77.2,62.36,4.66,61.48,59.97,A,1,51,69.0,68.0,36.0
Female,19.0,Business,96.38,79.74,43.24,57.48,99.18,9.23,89.77,62.01,B,0,71,89.0,71.0,83.0
Male,24.0,CS,82.34,70.06,71.25,89.34,62.66,9.91,96.97,55.18,F,0,45,65.0,37.0,50.0
Female,21.0,Engineering,98.51,79.54,89.0,65.39,51.19,1.91,71.59,98.14,B,1,57,60.0,56.0,52.0
Male,23.0,CS,67.23,81.16,91.08,61.13,75.62,8.71,95.88,62.38,B,1,44,89.0,100.0,88.0
Female,20.0,CS,67.5,41.34,54.13,73.53,68.85,1.46,94.13,99.78,C,0,20,69.0,78.0,61.0
Female,18.0,Business,77.15,43.24,75.98,96.13,63.07,8.41,58.3,58.81,C,0,54,95.0,71.0,80.0
Male,21.0,Engineering,69.18,71.96,91.35,64.87,81.73,2.77,58.67,51.03,B,0,28,53.0,84.0,38.0
Male,20.0,CS,50.07,51.46,64.52,95.28,68.21,9.6,73.87,94.78,D,0,21,47.0,55.0,49.0
Female,21.0,CS,71.56,77.95,95.93,52.68,70.11,6.95,76.29,79.0,B,1,66,91.0,40.0,40.0
Male,24.0,CS,87.59,,94.18,54.18,51.15,3.99,67.06,67.57,B,1,18,95.0,72.0,49.0
Female,20.0,Business,87.35,75.15,52.49,84.93,79.45,2.81,65.65,75.67,A,0,70,59.0,29.0,50.0
Female,24.0,CS,67.25,58.15,55.54,59.53,56.1,2.35,71.57,63.04,B,0,30,63.0,76.0,48.0
Male,20.0,Mathematics,76.11,78.39,50.83,65.83,60.69,6.81,84.52,81.74,C,0,98,68.0,100.0,69.0
Male,21.0,Mathematics,68.0,89.77,51.76,56.82,85.86,8.96,54.22,80.82,B,0,85,98.0,64.0,73.0
Male,19.0,CS,50.8,99.88,94.47,,65.66,7.55,85.53,54.01,D,0,75,90.0,51.0,91.0
Male,21.0,CS,78.12,90.31,95.87,64.02,58.16,8.35,96.31,95.53,D,1,97,100.0,69.0,58.0
Female,24.0,Business,56.19,73.45,43.11,86.82,78.87,7.81,88.18,73.03,C,0,20,76.0,27.0,43.0
Male,21.0,CS,54.0,51.61,75.62,85.1,60.75,9.79,59.58,59.76,F,1,50,100.0,67.0,100.0
Male,20.0,CS,87.77,80.89,73.85,97.75,63.55,7.58,54.37,65.37,A,1,65,85.0,72.0,72.0
Male,18.0,CS,50.48,96.26,63.43,86.22,81.07,2.1,74.52,93.31,D,1,23,100.0,92.0,67.0
Male,20.0,Engineering,97.95,52.71,77.9,84.74,86.99,7.92,97.82,69.16,A,0,32,48.0,51.0,9.0
Male,22.0,Business,75.76,55.36,96.84,84.71,86.98,3.22,90.95,78.1,A,0,61,59.0,100.0,54.0
Female,21.0,CS,99.15,48.94,50.22,94.15,74.11,9.96,78.14,97.38,A,0,73,78.0,96.0,81.0
Female,23.0,CS,52.9,84.2,47.22,64.81,72.71,3.77,57.15,82.59,D,0,88,85.0,79.0,100.0
Male,21.0,Mathematics,79.18,64.39,42.0,79.43,89.38,2.93,85.69,83.79,D,1,60,92.0,41.0,28.0
Male,19.0,Business,67.47,43.76,61.83,87.06,59.65,2.39,90.65,62.43,A,1,25,82.0,80.0,94.0
Female,24.0,Engineering,92.17,92.5,60.26,61.44,57.61,6.59,96.75,83.41,A,1,93,81.0,75.0,91.0
Male,23.0,Business,,73.46,65.85,95.6,83.23,1.09,80.61,69.69,F,0,72,44.0,78.0,58.0
Female,20.0,Engineering,63.02,59.87,70.2,76.74,70.48,9.54,75.72,95.55,C,1,64,65.0,81.0,100.0
Female,19.0,Business,92.88,60.64,85.47,51.02,85.5,2.94,80.96,56.48,A,0,41,72.0,88.0,64.0
 MALE ,21.0,CS,68.73,57.42,63.53,88.8,62.83,2.95,97.16,64.28,D,1,36,67.0,60.0,77.0
Female,20.0,CS,50.84,67.33,59.84,65.62,66.24,0.46,81.41,53.3,D,1,33,88.0,31.0,97.0
Male,20.0,Business,69.51,60.22,89.61,98.16,94.83,2.46,62.88,69.05,B,0,54,86.0,62.0,78.0
Male,22.0,Engineering,82.73,72.88,90.99,82.45,71.08,4.19,81.81,57.42,A,1,44,49.0,60.0,39.0
Female,22.0,Mathematics,62.72,,53.97,83.34,79.55,3.7,93.99,92.26,B,0,44,17.0,92.0,86.0
Female,18.0,CS,71.6,80.47,58.88,55.68,55.33,2.73,78.35,96.25,D,0,19,84.0,99.0,62.0
Male,22.0,Mathematics,52.84,57.67,89.51,63.16,58.94,0.41,75.13,83.47,F,0,29,59.0,47.0,48.0
Female,24.0,Mathematics,79.4,71.72,44.76,75.77,51.79,3.01,86.67,55.17,F,1,39,58.0,72.0,25.0
Male,23.0,CS,87.81,90.41,59.55,92.57,71.22,7.78,83.05,67.08,A,0,24,77.0,94.0,9.0
Female,20.0,Business,70.67,44.09,66.9,59.24,99.45,4.39,52.83,98.22,D,0,76,91.0,100.0,41.0
Female,22.0,Engineering,71.01,44.7,51.22,55.22,93.69,2.91,86.27,56.82,C,0,74,62.0,86.0,91.0
Male,18.0,Mathematics,54.41,73.37,50.79,53.72,81.65,3.05,70.38,77.82,C,1,65,62.0,63.0,56.0
Male,21.0,Engineering,60.1,78.35,65.49,75.35,93.05,5.54,97.04,67.65,A,0,38,63.0,59.0,82.0
Male,23.0,Business,57.73,52.68,85.27,94.24,79.71,3.02,98.54,99.96,C,0,71,58.0,56.0,73.0
Female,22.0,Engineering,74.08,84.71,90.41,52.12,68.44,6.31,72.44,64.27,D,0,75,100.0,100.0,34.0
Male,20.0,CS,76.46,78.78,98.75,60.62,58.68,9.89,98.44,52.39,A,0,68,79.0,77.0,89.0
Male,21.0,CS,88.16,,44.44,84.66,82.65,0.41,65.54,85.11,F,0,34,91.0,64.0,44.0
Female,24.0,Engineering,53.66,50.14,53.0,91.29,59.65,1.69,84.13,66.34,D,0,45,48.0,67.0,9.0
Female,20.0,Business,79.99,85.08,85.4,90.37,70.87,1.79,53.75,82.88,B,1,46,34.0,86.0,59.0
Male,21.0,Engineering,76.32,45.02,72.44,89.25,91.29,4.47,57.25,55.23,F,0,82,87.0,52.0,60.0
Male,24.0,Engineering,75.81,73.92,59.66,56.49,56.46,0.41,93.23,76.15,D,0,57,59.0,95.0,99.0
Male,24.0,CS,93.66,73.11,52.34,69.86,56.45,4.78,94.69,68.76,A,0,0,93.0,66.0,80.0
Male,23.0,Engineering,60.28,63.3,56.83,99.24,61.22,9.29,76.63,76.84,C,0,88,96.73,59.0,46.0
Female,20.0,CS,52.04,90.67,65.76,,77.6,0.12,66.99,92.67,D,0,27,100.0,39.52,82.0
Female,22.0,Business,83.61,40.26,50.63,87.88,62.59,3.65,72.55,98.64,A,1,17,97.0,63.0,44.0
Male,22.0,Mathematics,89.22,71.21,97.85,85.46,75.16,7.61,93.48,87.66,F,1,62,87.0,73.0,56.0
Male,18.0,Engineering,50.88,53.03,46.46,97.56,65.1,1.54,60.55,88.34,D,1,16,100.0,47.0,32.0
Male,21.0,CS,62.57,84.61,99.13,72.5,75.31,0.78,64.74,76.45,C,0,89,68.0,64.0,99.0
Female,18.0,CS,65.47,42.58,90.51,56.84,63.88,6.31,89.27,54.87,A,0,50,60.0,57.0,32.0
Male,19.0,Engineering,80.84,89.89,65.39,83.45,99.0,0.1,96.76,83.35,A,0,40,98.0,53.0,84.0
Male,22.0, engineering ,58.63,90.29,84.39,98.01,74.64,8.02,54.65,57.39,D,1,56,81.0,52.0,69.0
Female,21.0,Business,70.65,89.97,80.29,84.86,87.18,0.67,90.19,62.28,D,0,80,70.0,37.0,75.0
Female,23.0,CS,74.12,49.15,52.8,90.17,85.03,5.24,82.25,85.38,C,0,74,70.0,36.0,41.0
Male,18.0,Business,72.96,77.82,60.34,57.48,74.53,7.4,,82.85,F,1,23,87.0,73.0,86.0
Male,23.0,Engineering,98.7,40.86,70.79,54.82,61.94,2.42,87.79,65.72,B,0,53,51.0,73.0,87.0
Female,23.0,CS,55.89,90.88,78.27,58.44,75.54,1.04,86.4,88.6,C,0,39,41.0,48.0,62.0
Male,23.0,Engineering,97.55,83.38,72.57,99.13,84.05,1.76,57.1,96.97,A,0,30,69.0,93.0,91.0
Male,18.0,CS,,71.87,,74.66,73.0,8.55,75.11,77.26,F,1,68,91.0,65.0,98.0
Female,19.0,Engineering,89.79,83.84,66.59,50.6,54.1,7.06,87.91,83.88,A,1,71,80.0,58.0,58.0
Female,24.0,Business,71.52,45.66,69.9,,50.9,1.98,59.58,63.59,B,0,14,36.0,25.0,96.84
Female,24.0,Engineering,72.69,71.72,66.06,74.89,66.39,7.16,73.14,98.54,F,1,44,80.0,23.91,61.0
Male,18.0,Business,93.97,57.48,72.48,91.81,57.51,7.09,56.04,63.69,A,0,69,29.1,49.0,48.0
Female,24.0,Engineering,94.8,98.36,93.28,77.42,95.31,9.98,65.34,94.37,A,0,37,95.0,33.0,49.0
Female,20.0,CS,61.93,91.43,77.97,55.09,58.79,3.92,60.9,96.39,A,0,49,70.0,93.0,64.0
Male,24.0,Engineering,59.96,84.0,83.36,80.78,69.71,8.65,75.25,85.98,C,1,84,75.0,67.0,62.0
Male,22.0,Engineering,74.81,96.02,75.85,83.96,85.6,4.46,57.06,90.58,D,0,55,86.0,70.0,92.0
Female,18.0,CS,95.01,60.81,78.58,51.74,90.77,8.98,69.16,72.89,A,0,49,90.0,55.0,94.0
Female,24.0,CS,66.12,94.05,74.7,92.09,73.89,0.92,63.76,95.98,A,1,41,72.0,63.0,97.0
Male,18.0,Engineering,82.6,59.51,41.61,61.77,59.06,1.75,87.3,87.13,F,1,49,58.0,66.0,34.0
Male,19.0,CS,85.41,83.97,99.98,69.69,63.54,8.5,84.98,66.34,A,0,16,100.0,88.0,36.0
Female,20.0,CS,88.93,84.19,42.02,68.64,70.95,8.19,54.75,51.75,A,1,37,99.0,52.0,45.0
Female,18.0,Engineering,78.2,41.1,63.71,74.44,68.23,3.05,97.67,77.04,F,1,87,57.0,65.0,60.0
Male,22.0,CS,70.12,61.66,46.31,75.22,67.43,5.97,87.23,92.03,F,1,45,100.0,46.0,73.0
Female,24.0,Mathematics,98.35,41.17,45.82,72.36,56.59,3.83,80.8,93.03,B,0,32,47.0,61.0,61.0
Male,22.0,CS,80.57,99.83,87.61,98.27,95.67,0.1,73.89,91.76,F,1,62,91.0,89.0,63.0
Female,24.0,Business,86.43,47.33,65.56,52.45,51.49,0.26,58.9,60.74,A,1,58,88.0,64.0,62.0
Male,18.0,Engineering,67.25,72.57,88.07,54.32,,0.54,98.1,71.31,C,1,51,60.0,54.0,74.0
Male,23.0,Business,83.5,87.43,56.37,51.08,99.02,5.94,50.39,80.69,C,1,45,51.0,56.0,74.0
Female,24.0,CS,62.89,52.08,55.39,84.4,82.99,2.79,84.62,83.38,D,0,33,63.0,53.0,85.0
Female,23.0,Mathematics,62.25,69.1,55.07,76.28,67.77,1.44,75.37,66.73,D,1,50,91.0,78.0,35.0
Male,20.0,Engineering,85.74,76.45,76.97,93.8,57.3,9.41,95.13,84.63,A,0,57,71.0,42.0,80.0
Female,22.0,Business,76.07,49.61,88.9,74.93,98.19,1.21,69.03,79.54,C,1,80,100.0,84.0,46.0
Female,23.0,CS,84.16,86.71,67.14,61.09,50.7,6.74,75.93,78.34,C,0,69,37.0,37.0,87.0
Female,22.0,CS,63.47,57.96,62.75,90.26,84.07,8.94,87.12,83.15,B,0,39,66.0,51.0,40.0
Male,24.0,Engineering,79.94,52.66,98.41,64.72,94.01,1.64,52.38,80.17,A,1,9,95.0,88.0,68.0
Female,24.0,CS,72.2,73.5,47.01,96.78,51.26,2.15,52.72,58.34,C,1,8,69.0,61.0,33.0
Female,20.0,Engineering,79.85,64.62,132.0,62.52,86.26,5.74,60.58,93.72,C,0,17,76.0,34.0,72.0
Male,24.0,CS,64.54,95.22,64.51,58.39,99.94,5.08,57.32,62.03,D,1,33,54.0,63.0,57.0
Female,20.0,Engineering,85.77,92.8,45.89,74.67,81.98,5.21,50.32,87.22,B,1,16,50.0,81.0,100.0
Female,23.0,Mathematics,90.3,69.0,56.09,52.53,,5.55,81.15,58.82,B,0,65,92.0,49.0,30.0
Male,24.0,Engineering,63.0,61.56,41.71,51.82,93.72,9.5,89.8,83.05,D,0,54,85.0,60.0,70.0
Male,18.0,Business,,59.53,92.62,74.8,77.71,0.54,97.86,94.78,C,0,19,62.0,58.0,74.0
Female,21.0,Engineering,83.06,56.05,76.47,60.76,87.47,7.6,72.05,50.49,F,0,51,60.0,63.0,47.0
Female,19.0,Engineering,71.09,72.67,88.9,50.47,79.39,2.33,63.99,98.98,B,0,66,95.0,50.0,73.0
Male,21.0,Mathematics,85.2,88.3,71.29,64.8,51.91,3.74,93.2,51.48,A,0,18,72.0,10.0,76.0
Male,21.0,Business,84.13,58.65,75.97,73.87,60.66,0.89,92.22,50.57,A,0,44,52.0,47.0,29.0
Female,22.0,Business,69.64,51.41,82.05,69.71,53.94,4.46,81.24,92.88,B,1,33,18.54,74.0,52.0
Female,20.0,CS,69.74,68.53,94.48,56.77,55.33,8.04,63.66,85.44,D,0,81,49.0,25.44,60.0
Female,22.0,Engineering,62.74,44.14,45.51,78.98,50.77,0.99,95.43,55.29,B,0,35,100.0,47.0,76.22
Male,23.0,CS,57.84,82.08,59.86,98.15,71.06,2.76,58.92,96.87,C,1,49,67.0,88.0,70.0
Female,19.0,Engineering,79.62,71.1,82.54,83.78,58.93,3.73,52.18,83.6,A,0,75,57.0,42.0,53.0
Male,23.0,Engineering,54.66,69.78,97.5,69.69,92.78,1.04,89.83,55.55,F,1,40,83.0,99.0,100.0
Male,18.0,Business,96.89,58.03,98.85,56.88,87.5,7.62,78.18,93.03,A,0,79,100.0,62.0,63.0
Male,19.0,Business,91.33,94.28,78.29,74.97,78.66,7.87,62.32,74.05,A,1,44,86.0,65.0,88.0
Female,22.0,Engineering,92.88,45.43,51.62,94.52,74.45,8.36,83.54,63.91,B,0,20,46.0,65.0,15.0
Female,24.0,CS,95.33,92.19,47.15,73.44,62.79,5.84,88.34,91.25,A,1,16,70.0,56.0,77.0
Female,24.0,Business,70.43,62.6,96.76,59.78,73.75,5.07,92.23,86.92,B,0,65,45.0,56.0,45.0
Male,,CS,92.34,92.84,66.04,54.65,82.06,2.63,64.11,81.15,B,1,68,67.0,72.0,30.0
Female,23.0, engineering ,56.3,83.73,51.69,97.2,89.11,6.55,51.28,94.93,B,1,74,66.0,51.0,80.0
Male,22.0,CS,51.08,46.25,96.03,87.15,54.08,4.45,75.5,93.06,D,0,16,83.0,66.0,49.0
Male,22.0,CS,89.24,89.89,46.27,64.69,85.42,9.71,92.8,61.34,B,1,65,43.0,84.0,13.0
Male,21.0,Mathematics,53.74,80.93,83.77,,,9.68,60.39,93.93,D,1,71,88.0,72.0,46.0
Male,18.0,CS,99.43,41.94,77.52,94.76,77.95,9.05,71.06,68.7,B,1,11,57.0,91.0,93.0
Male,24.0,Engineering,83.74,48.02,45.26,58.88,60.72,3.6,62.82,71.59,C,0,44,38.0,82.0,67.0
Male,21.0,CS,87.67,78.14,60.32,76.75,76.96,3.68,50.67,98.62,A,0,12,64.0,74.0,92.0
Female,22.0,Mathematics,62.29,79.76,49.0,85.68,75.14,8.53,94.93,87.99,D,0,11,93.0,56.0,92.0
Male,20.0,Business,83.69,,76.27,69.82,73.79,7.29,56.75,66.07,D,0,54,75.0,79.0,58.0
Female,21.0,CS,52.16,83.21,68.63,,73.03,7.04,88.34,82.4,D,0,21,58.0,68.0,65.0
Male,22.0,CS,91.89,79.57,40.26,61.39,55.54,2.8,67.33,76.97,B,0,48,74.0,58.0,52.0
Female,24.0, engineering ,60.86,85.97,98.54,95.09,59.14,8.33,63.88,55.83,B,0,40,51.0,51.0,74.0
Female,22.0,CS,84.87,74.51,60.98,68.89,54.87,5.79,97.05,94.39,F,0,79,74.0,62.0,62.0
Female,18.0,Engineering,61.22,55.65,55.49,90.77,62.12,4.47,82.86,91.09,F,1,77,72.0,94.0,63.0
Female,23.0,CS,53.42,94.74,53.35,77.78,63.17,8.65,84.35,88.89,D,0,19,63.0,69.0,58.0
Male,19.0,CS,74.07,41.09,49.53,97.18,62.25,3.94,87.98,77.96,D,0,74,77.0,63.0,68.0
Male,21.0,Engineering,58.46,61.99,99.95,87.21,60.55,6.54,67.05,61.04,F,0,52,66.0,77.73,87.87
Male,21.0,CS,,83.73,57.71,92.07,86.77,4.66,78.18,94.19,B,1,51,53.76,61.0,80.0
Male,21.0,Business,61.88,65.63,64.33,65.91,90.93,5.93,63.51,67.65,B,1,25,77.0,77.0,49.0
Female,22.0,CS,,41.49,92.28,80.08,66.36,0.41,91.73,51.01,C,0,39,79.0,62.0,49.0
Female,18.0,CS,78.37,43.96,78.51,83.74,65.26,4.61,79.97,99.09,B,0,43,100.0,73.0,42.0
Female,22.0,Mathematics,64.25,78.92,62.12,55.73,92.2,5.56,62.17,93.06,B,1,24,52.0,54.0,91.0
 MALE ,22.0,Engineering,51.83,97.89,93.9,91.11,81.2,4.93,94.99,81.13,B,0,26,63.0,96.0,42.0
Female,23.0,Business,90.78,73.11,84.98,59.17,64.67,8.47,79.04,50.62,A,1,68,53.0,100.0,41.0
Male,20.0,CS,58.96,70.41,53.67,73.75,85.68,3.11,74.75,61.39,D,0,72,100.0,100.0,46.0
Female,18.0,Engineering,54.11,59.1,78.62,84.32,67.23,8.84,51.72,72.6,C,1,43,81.0,89.0,68.0
Female,21.0,Business,66.42,55.4,95.34,88.87,79.33,4.03,95.49,81.4,C,0,68,41.0,42.0,54.0
Female,19.0,CS,71.22,41.26,69.79,71.99,99.63,6.95,97.61,85.41,C,0,44,70.0,59.0,65.0
Female,21.0,Business,77.13,56.38,84.02,98.19,65.08,0.87,78.13,89.41,C,1,83,39.0,56.0,36.0
Female,22.0,Engineering,68.62,66.95,98.27,81.29,96.53,2.0,72.13,77.78,A,1,60,80.0,74.0,71.0
Male,18.0,CS,89.5,51.88,81.42,97.45,66.03,7.61,67.98,82.81,A,0,82,100.0,75.0,71.0
Female,24.0,Engineering,51.97,45.24,46.15,86.12,77.01,0.12,63.4,90.56,D,0,22,65.0,48.0,50.0
Male,18.0,Engineering,71.59,83.06,54.67,86.23,73.0,9.69,78.73,85.99,C,1,83,52.0,92.0,77.0
Male,18.0,CS,69.11,93.68,75.71,79.59,89.16,,56.4,97.74,A,0,99,78.0,81.0,97.0
Male,20.0,Engineering,82.38,96.21,56.53,57.11,53.05,9.01,95.96,93.73,F,0,79,73.0,94.0,78.0
Male,21.0,CS,98.31,77.08,97.45,82.96,81.36,5.16,58.8,58.47,A,0,55,52.0,87.0,54.0
Male,20.0,Engineering,75.52,43.17,64.32,62.63,88.03,5.65,87.28,97.37,C,0,39,89.0,55.0,77.0
Male,24.0,Business,99.34,84.45,67.43,99.93,73.61,0.84,65.34,60.21,B,1,69,76.0,60.0,73.0
Male,24.0,Engineering,65.11,46.61,82.1,63.35,55.26,3.65,61.3,99.56,F,0,50,65.0,59.0,64.0
Male,23.0,Math,51.54,80.18,71.45,61.53,62.24,,77.89,85.07,D,0,89,74.0,70.0,67.0
Female,19.0,CS,58.28,86.76,62.93,81.19,83.98,5.26,88.26,81.38,F,1,60,93.0,63.0,47.0
Female,23.0,Engineering,69.76,83.55,44.6,75.55,94.77,5.51,86.34,66.22,B,0,53,94.0,92.0,63.0
Male,22.0,Business,57.19,97.11,75.79,51.07,71.08,7.1,61.69,56.66,B,0,72,98.0,73.0,77.0
Male,20.0,Engineering,60.05,84.29,92.05,56.48,78.02,8.78,66.53,56.31,C,1,0,85.0,99.0,47.0
Male,20.0,Engineering,71.63,81.59,81.15,90.55,61.42,4.68,93.44,93.33,B,0,83,78.0,78.0,86.0
Female,23.0,CS,66.91,55.7,62.89,74.18,70.61,2.33,86.16,71.62,F,0,72,60.0,75.0,54.0
Female,22.0,CS,55.43,95.49,47.66,57.3,66.84,3.34,85.63,77.99,F,0,49,88.0,75.0,42.0
Male,18.0,CS,64.81,50.77,88.98,73.26,82.78,8.47,63.45,96.59,B,0,16,50.0,58.0,40.0
Male,22.0,Mathematics,94.32,94.29,96.5,62.66,99.23,1.46,89.6,62.77,B,0,78,60.0,50.0,75.0
Female,21.0,CS,99.07,58.76,63.3,61.18,90.67,6.27,67.92,88.2,F,1,41,66.0,52.0,45.0
Female,23.0,Business,85.7,47.81,83.72,97.89,59.61,0.13,70.07,73.52,B,0,33,65.0,61.0,59.0
Male,22.0,Engineering,80.6,89.6,64.65,68.1,78.88,2.46,64.38,60.64,C,0,58,64.0,70.0,38.0
Male,18.0,CS,71.36,40.15,70.14,52.32,53.32,5.91,56.07,92.65,D,0,23,72.0,90.0,55.0
Male,22.0,Engineering,61.95,89.93,90.19,98.52,62.35,4.56,71.02,84.0,F,0,46,92.0,52.0,32.0
Male,20.0,Business,68.45,55.74,45.01,89.74,58.61,4.94,50.85,54.75,D,1,20,74.0,34.0,29.0
Female,19.0,Business,79.61,93.08,71.82,62.72,66.78,6.61,72.8,77.09,D,0,17,55.0,44.0,31.0
Female,20.0,CS,87.38,81.49,52.88,70.44,83.94,2.35,86.25,92.59,F,0,25,71.0,59.0,69.0
Male,24.0,CS,60.74,79.97,60.39,93.11,74.97,2.81,98.04,53.35,C,1,70,48.0,79.0,65.0
Male,19.0,CS,55.82,,78.67,67.87,96.65,6.84,53.93,70.81,F,0,46,69.0,70.0,44.0
Male,24.0,CS,64.01,43.56,41.63,78.37,60.64,5.38,64.06,90.26,A,1,41,61.0,69.0,44.0
Female,22.0,Engineering,72.02,89.8,75.63,76.74,68.21,0.15,74.71,92.92,B,0,69,36.0,65.0,94.0
Male,21.0,Business,81.26,50.25,57.01,70.06,66.49,6.7,58.52,88.77,A,0,61,40.0,72.0,44.0
Male,22.0,CS,74.52,62.34,80.17,81.98,61.8,6.2,55.84,65.29,F,0,68,100.0,100.0,62.0
Male,18.0,Business,93.63,76.02,48.49,73.66,99.66,0.79,72.62,75.35,B,0,68,65.0,76.0,59.0
Female,22.0,Engineering,77.35,68.94,84.15,51.06,69.36,7.48,79.04,87.06,B,0,41,35.0,66.0,37.0
Male,19.0,CS,74.04,51.92,78.74,90.72,97.03,5.22,91.01,57.63,A,1,24,33.0,47.0,11.0
Female,20.0,CS,96.23,48.44,,55.66,69.52,2.05,99.89,79.75,B,0,48,94.0,100.0,49.0
Male,21.0,Business,80.96,47.39,94.67,73.2,60.2,5.59,88.71,86.02,F,1,54,86.0,87.0,48.0
Male,24.0,Business,55.58,91.78,57.0,79.0,55.96,5.95,61.07,92.5,D,1,37,100.0,96.0,64.0
Male,22.0, engineering ,58.89,41.89,41.64,85.28,92.78,9.2,87.4,55.58,C,0,40,59.0,75.0,39.0
Female,22.0,CS,89.36,98.62,79.32,70.54,51.6,7.42,76.86,66.48,A,0,49,98.0,79.0,69.0
Male,20.0,CS,91.79,51.91,76.17,86.78,98.22,3.02,72.54,77.08,A,0,73,79.0,56.0,66.0
Male,21.0,CS,77.26,46.62,41.65,56.57,70.91,1.18,96.79,85.05,A,0,67,100.0,64.0,80.0
Female,23.0,Engineering,77.72,74.62,47.36,82.67,62.37,8.53,85.1,86.5,B,0,44,17.0,57.0,64.0
Female,24.0,BUSINESS,81.6,44.8,75.08,91.32,80.87,8.46,84.08,62.66,C,0,47,85.0,65.0,25.0
Female,22.0,CS,71.96,76.15,94.71,94.47,56.65,1.75,50.59,50.69,C,0,75,96.0,100.0,100.0
Male,22.0,Business,84.01,91.04,94.39,55.29,53.61,0.62,93.25,84.69,B,1,39,82.0,53.0,73.0
Female,23.0,Engineering,55.42,42.87,49.09,65.64,91.39,7.12,89.67,95.46,D,1,44,76.0,53.0,10.0
Male,24.0,Engineering,98.06,87.99,63.07,58.17,71.23,7.23,64.95,89.88,A,0,37,100.0,70.0,87.0
Female,,Mathematics,87.51,63.67,42.59,67.28,75.91,1.77,64.61,81.12,B,1,58,69.0,86.0,50.0
Female,19.0,CS,81.56,49.57,68.16,77.0,58.83,6.68,52.67,98.88,D,0,72,62.0,48.0,82.0
Female,18.0,Mathematics,65.82,50.57,85.19,59.82,53.07,2.79,52.54,71.66,B,0,26,76.0,85.0,59.0
Male,20.0,CS,58.05,95.13,87.4,97.63,68.39,,83.43,76.25,C,0,25,44.0,56.0,39.0
Male,21.0,CS,70.47,46.64,69.94,94.86,75.31,3.25,59.31,50.61,C,0,59,100.0,69.0,75.0
Male,22.0,Business,83.08,92.01,45.75,51.65,88.27,5.2,96.18,97.3,F,0,98,100.0,95.0,67.0
Male,24.0,Mathematics,73.45,72.65,62.88,78.1,75.05,8.04,92.12,79.17,F,1,63,100.0,55.0,38.0
Male,22.0,Engineering,69.13,42.34,95.93,89.47,89.13,4.99,,69.54,D,0,64,99.0,77.0,89.0
Male,18.0,Engineering,80.66,67.87,53.78,62.27,55.77,2.98,69.0,52.23,B,0,25,51.0,95.0,48.0
Male,24.0,Business,90.69,89.05,59.19,76.19,53.2,8.84,66.36,68.12,A,1,75,67.0,80.0,49.0
Male,24.0,Business,51.31,83.57,84.81,70.3,57.94,0.55,54.62,50.18,F,1,17,68.0,69.0,23.0
Male,22.0,CS,72.53,69.33,84.01,59.83,88.6,7.97,51.57,66.22,B,1,69,57.0,79.0,64.0
Female,20.0,Business,58.12,91.6,94.73,80.74,87.97,7.84,72.61,97.57,C,1,29,93.0,69.0,60.0
Female,18.0,Engineering,77.31,47.22,63.29,99.68,57.07,2.54,97.15,57.71,B,0,37,44.0,62.0,69.0
Male,20.0,Engineering,82.57,94.6,70.88,68.26,51.55,,95.86,77.27,D,0,49,62.0,16.0,75.0
Male,18.0, engineering ,75.83,90.79,68.04,77.62,84.26,8.75,90.49,59.33,A,1,98,60.0,70.0,69.0
Male,22.0,Engineering,99.59,82.5,95.67,66.39,92.76,5.59,81.43,89.17,A,0,30,63.0,73.0,43.0
 MALE ,18.0,Mathematics,52.73,89.07,86.16,93.85,87.71,0.46,92.81,78.12,C,1,71,100.0,73.0,40.0
Female,19.0,Engineering,74.55,72.63,89.89,71.09,60.14,8.91,75.75,60.11,C,0,39,58.0,34.0,46.0
Female,24.0,Mathematics,54.57,80.51,47.99,58.94,79.19,3.49,59.01,93.31,C,1,19,46.0,67.0,9.0
Male,21.0,CS,57.99,73.64,87.51,95.0,87.87,3.42,84.21,89.2,D,1,35,95.0,57.0,57.0
Female,22.0,Business,69.15,61.33,65.98,57.58,62.79,6.43,96.03,97.57,C,0,42,100.0,100.0,80.0
Female,23.0,Business,57.78,74.13,41.4,54.77,76.39,6.61,50.98,50.03,D,1,86,71.0,59.0,47.0
Male,21.0,Engineering,98.18,55.45,43.61,82.65,65.72,3.53,62.57,72.86,A,1,46,94.0,100.0,64.0
 MALE ,22.0,Engineering,97.34,66.42,80.67,69.3,61.28,1.43,63.27,99.99,B,1,77,75.0,63.0,32.0
Male,21.0,Engineering,66.81,56.85,62.32,76.54,98.48,5.52,54.95,90.56,C,1,79,44.0,70.0,78.0
Male,19.0,Business,81.99,47.37,92.09,82.63,95.63,6.25,61.27,91.56,C,1,62,83.0,55.0,58.0
Female,21.0,Business,76.69,59.31,84.06,52.64,72.28,8.6,69.2,81.06,D,0,57,92.0,96.0,79.0
Male,18.0,CS,90.78,91.12,41.3,64.65,56.84,4.84,96.99,85.64,A,1,30,59.0,48.0,42.0
Female,21.0,Business,81.37,62.86,81.21,73.05,86.4,6.46,93.01,90.27,A,1,45,74.0,59.0,100.0
Male,22.0,Engineering,50.01,84.88,51.54,63.33,62.79,0.54,97.3,54.61,D,0,77,96.0,58.0,90.0
Female,23.0,CS,88.16,50.51,65.35,52.45,58.43,8.95,56.03,84.63,A,1,43,35.0,80.0,82.0
Male,23.0,BUSINESS,87.34,65.47,77.48,54.33,69.08,3.27,51.4,90.77,A,0,31,78.0,34.0,47.0
 MALE ,20.0,Engineering,75.49,46.89,92.36,90.09,76.49,6.32,55.49,52.04,F,0,30,100.0,87.0,54.0
Female,24.0,Business,95.15,48.32,67.37,95.57,54.87,9.16,95.71,64.85,A,0,61,89.0,79.0,80.0
Female,21.0,CS,95.42,77.05,88.51,57.61,78.59,8.11,57.87,66.2,A,1,61,89.0,86.0,71.0
Female,23.0,CS,76.2,76.45,86.98,85.74,50.77,6.38,78.63,92.73,D,0,92,70.0,45.0,69.0
Male,21.0,Engineering,80.4,52.8,64.87,82.61,94.59,7.04,61.38,89.02,D,0,50,78.0,54.0,69.0
Female,24.0,CS,99.83,68.47,70.06,97.71,96.04,9.21,51.03,82.82,A,1,75,86.0,63.0,56.0
Female,,Business,64.94,91.8,82.03,64.98,86.65,8.12,54.23,90.24,B,0,43,51.0,83.0,64.0
Female,24.0,CS,66.23,50.45,41.87,92.76,73.33,6.1,85.49,72.67,A,0,64,71.0,69.0,64.0
Female,21.0,Engineering,59.14,41.15,93.45,,62.74,6.59,,93.74,D,0,19,17.0,83.0,63.0
Female,22.0,CS,94.79,79.12,86.19,97.83,87.21,1.47,61.46,61.71,A,0,17,82.0,65.0,89.0
Female,21.0,CS,87.22,43.21,54.96,56.81,96.59,4.7,68.86,85.23,A,1,68,100.0,77.0,89.0
Female,24.0,Business,55.28,98.8,98.87,59.05,57.93,3.01,82.86,62.09,F,0,54,79.0,36.0,94.0
Female,22.0,CS,99.09,76.58,50.76,72.05,73.29,4.32,73.47,51.99,A,0,79,91.0,83.0,66.0
Female,22.0,Engineering,86.55,68.22,94.85,97.65,65.76,6.62,97.23,64.21,B,1,51,44.0,67.0,82.0
Male,20.0,Mathematics,92.53,65.8,59.47,72.93,67.84,1.49,71.71,74.65,A,0,24,81.0,53.0,45.0
Male,23.0,Engineering,60.42,74.38,85.79,76.5,70.29,0.17,59.96,92.17,A,1,79,67.0,76.0,54.0
Female,18.0,Business,75.25,45.44,67.38,90.24,97.59,3.97,76.81,75.44,F,0,19,78.0,56.0,75.0
Male,22.0,CS,84.93,,84.19,86.13,62.93,3.22,72.54,58.96,A,0,52,76.0,68.0,59.0
Male,24.0,CS,77.15,77.54,49.35,80.98,74.63,4.2,89.36,99.64,D,0,28,75.0,30.0,32.0
Female,23.0,Business,83.33,51.04,56.17,70.85,97.57,9.31,96.76,63.5,A,0,86,66.0,43.0,12.0
Female,19.0,Business,85.83,,45.99,89.62,73.8,7.07,91.81,99.26,B,0,50,100.0,76.0,62.0
 FEMALE ,21.0,Engineering,68.72,48.0,91.91,97.41,93.18,3.27,69.45,96.82,B,1,50,55.0,66.0,79.0
Female,24.0,Engineering,92.43,41.05,57.78,50.49,52.94,1.79,60.81,77.12,A,0,20,47.0,54.0,61.0
Female,19.0,Engineering,58.15,77.83,81.67,79.39,97.65,6.18,95.72,54.6,D,1,17,81.0,52.0,90.0
Female,24.0,CS,63.54,78.91,89.21,93.3,59.38,6.58,69.3,84.77,B,0,57,73.0,87.0,91.0
Male,21.0,Business,135.0,75.02,,82.66,99.0,4.84,88.51,92.29,C,1,47,60.0,100.0,76.0
Female,20.0,Engineering,68.22,51.01,46.38,90.04,58.78,2.13,99.48,72.27,B,1,94,63.0,72.0,97.0
Male,24.0,Engineering,69.0,76.21,93.58,94.75,72.22,0.29,78.87,61.95,F,0,46,31.0,69.0,49.0
Female,22.0,BUSINESS,90.26,43.39,51.84,87.55,65.43,2.66,73.99,90.14,A,1,70,84.0,96.0,81.0
Female,18.0,Computer Science,82.66,76.55,84.21,81.95,71.66,4.57,84.99,77.25,F,1,31,26.0,76.0,54.0
Male,,Computer Science,71.84,73.24,83.73,98.24,62.53,7.88,59.7,59.88,D,0,87,78.0,100.0,47.0
Female,21.0,Business,82.61,79.32,40.51,93.18,98.27,8.54,74.41,97.48,C,0,24,54.0,55.0,83.0
Female,24.0,Business,52.64,93.73,53.24,90.77,65.29,4.13,65.62,97.4,D,1,71,97.0,86.0,83.0
Male,18.0,Engineering,59.01,91.02,69.51,54.32,82.66,7.96,58.21,68.35,C,0,59,34.0,93.0,46.0
Female,22.0,CS,81.35,98.84,65.2,55.67,56.87,9.93,80.51,53.2,D,0,36,43.0,26.0,45.0
Male,18.0,CS,82.07,98.57,95.11,77.84,91.22,7.17,78.79,81.54,B,1,59,65.0,51.0,58.0
Female,21.0,Engineering,88.71,86.34,61.58,85.48,77.13,7.29,88.06,65.86,B,1,25,88.0,91.0,89.0
Female,20.0,CS,70.15,97.39,96.22,65.16,98.97,9.1,93.65,53.32,B,1,6,60.0,79.0,38.0
Male,20.0,Business,86.13,92.04,67.57,54.67,71.17,3.38,61.02,94.59,A,1,43,82.0,85.0,35.0
Female,24.0,Mathematics,62.63,83.65,97.86,65.55,59.77,0.11,88.99,99.91,D,0,60,63.0,95.0,53.0
Male,22.0,Business,73.15,44.52,84.24,78.25,67.3,9.87,68.37,67.52,C,1,70,100.0,78.0,89.0
Male,19.0,CS,60.76,42.94,89.76,93.87,86.85,4.9,81.44,87.24,D,0,51,42.0,70.0,27.0
Male,21.0,Business,77.58,90.26,46.29,95.65,82.96,7.86,92.51,53.29,A,1,67,49.0,38.0,58.0
 FEMALE ,22.0,CS,80.09,69.38,75.17,68.94,88.92,8.12,62.81,68.49,F,0,23,96.0,67.0,38.0
Female,22.0,CS,99.93,88.88,48.56,68.63,53.67,3.98,80.05,55.44,A,0,72,88.0,72.0,43.0
Male,20.0,CS,60.06,58.78,57.86,70.34,79.02,5.41,74.02,52.77,C,0,13,24.0,53.0,31.0
Female,24.0,CS,76.16,63.86,77.41,68.79,96.61,5.4,89.53,79.44,A,1,89,75.0,52.0,86.0
Female,18.0,Mathematics,67.31,82.01,83.57,83.31,55.4,2.2,84.86,90.1,D,1,28,17.0,52.0,58.0
Female,21.0,CS,76.29,94.92,42.35,67.92,54.72,1.18,88.48,72.65,C,1,18,87.0,100.0,26.0
Male,18.0,CS,61.61,45.27,71.86,51.02,85.83,5.44,64.4,76.21,D,1,45,76.0,75.0,51.0
Female,23.0,Mathematics,52.38,91.69,73.92,71.95,65.76,1.2,85.22,63.54,F,0,38,100.0,72.0,44.0
 MALE ,23.0,CS,78.63,87.58,44.73,61.21,82.93,3.46,80.29,86.82,B,0,20,89.0,88.0,96.0
Female,21.0,Business,66.79,58.93,70.04,51.44,77.27,1.86,72.83,68.05,C,1,48,48.0,87.0,71.0
Female,24.0,CS,59.1,61.31,82.83,73.54,99.3,7.07,68.92,53.37,C,0,19,76.0,61.0,57.0
Male,19.0,CS,66.2,42.79,43.19,60.3,94.45,8.72,66.58,58.28,D,0,53,72.0,63.0,67.0
Female,23.0,Mathematics,52.46,40.94,85.62,72.64,83.9,5.78,50.48,56.42,D,0,30,21.0,48.0,40.0
Male,20.0,CS,97.52,68.62,74.59,63.89,63.08,4.1,58.48,71.79,B,1,89,99.0,60.0,62.0
Female,19.0,Engineering,79.06,,89.99,80.19,,9.97,52.95,53.26,F,0,36,100.0,61.0,75.0
Male,22.0,CS,90.74,51.64,53.08,99.54,94.11,0.21,92.42,90.32,A,0,81,47.0,83.0,85.0
Female,23.0,CS,71.16,90.81,90.0,77.36,79.27,3.04,93.0,95.4,F,1,99,100.0,44.0,17.0
Female,20.0,CS,95.17,74.26,45.67,82.34,89.46,2.79,92.31,62.42,A,0,27,50.0,51.0,98.0
Female,22.0,CS,74.17,78.02,64.23,95.96,72.49,3.56,90.9,74.28,D,0,60,100.0,100.0,56.0
Male,19.0,CS,78.7,51.25,51.97,68.7,55.15,2.31,,75.95,B,0,48,71.0,91.0,98.0
Male,21.0,Business,74.59,89.72,92.56,84.95,66.63,2.64,74.59,99.25,C,1,64,74.0,49.0,86.0
Male,22.0,Engineering,86.66,92.08,,64.14,58.06,2.58,95.39,53.28,B,0,73,73.0,82.0,29.0
Female,18.0,CS,78.33,71.4,41.52,70.14,89.09,5.06,87.99,83.39,A,1,25,40.0,69.0,52.0
Male,21.0,Engineering,63.58,94.75,40.57,82.25,85.03,3.91,50.09,67.29,B,0,28,25.0,45.0,37.0
Male,21.0,Mathematics,57.28,90.69,57.47,50.23,54.42,6.39,72.97,75.09,D,0,54,55.0,66.0,100.0
Male,19.0,Mathematics,80.31,83.88,48.6,92.67,81.07,5.14,50.53,60.85,C,0,17,59.0,51.0,61.0
Male,19.0,Business,74.46,84.04,77.82,53.8,93.71,1.83,64.03,58.01,A,1,85,46.0,76.0,90.0
Male,20.0,Business,54.8,46.32,79.83,95.03,84.87,8.1,71.79,62.18,C,0,27,81.0,62.0,37.0
Male,20.0,CS,69.78,56.25,96.52,97.47,75.56,4.72,94.64,53.56,F,0,85,85.0,44.0,95.0
Male,18.0,CS,75.74,44.01,97.12,99.51,65.59,1.53,82.72,63.9,D,1,75,67.47,69.0,26.0
Male,21.0,Engineering,91.34,40.52,79.53,76.26,94.35,1.67,68.12,84.52,A,1,27,35.0,80.79,43.0
Male,24.0,Engineering,53.81,49.5,40.34,57.09,71.14,7.97,74.53,82.57,F,0,72,61.0,37.0,47.0
Male,18.0,Engineering,67.42,92.83,61.54,85.31,92.77,7.03,90.87,77.72,A,0,100,73.0,51.0,100.0
Female,18.0,Engineering,91.13,54.39,70.79,60.17,89.15,5.07,64.98,50.02,A,1,54,44.0,80.0,50.0
Female,24.0,Mathematics,82.42,98.21,69.95,94.86,90.81,3.06,80.75,56.29,D,1,50,77.0,91.0,46.0
Male,24.0,Business,64.5,75.84,76.2,65.83,99.49,4.61,63.11,92.14,A,0,55,62.0,81.0,45.0
Female,24.0,Engineering,92.27,54.24,97.63,66.34,87.44,6.36,74.0,63.59,A,1,37,95.0,72.0,57.0
Female,19.0,Business,74.66,,93.11,95.88,51.7,8.79,51.23,95.61,C,0,98,60.0,96.0,50.0
Male,18.0,CS,74.92,53.15,46.53,50.66,60.27,5.56,92.61,93.73,A,0,25,84.0,60.0,50.0
Male,18.0,CS,98.83,99.04,55.96,59.7,51.76,2.77,52.42,57.75,A,1,53,59.0,30.0,48.0
 MALE ,22.0,CS,97.36,90.84,89.99,82.96,59.5,0.43,61.22,94.91,B,1,77,39.0,67.0,57.0
Female,24.0,Engineering,67.93,41.57,89.46,85.04,53.07,1.75,66.68,81.39,A,1,12,70.0,73.0,59.0
Male,24.0,CS,57.03,,56.52,82.38,75.08,6.5,81.26,81.51,F,1,57,67.0,47.0,95.0
Female,20.0,Business,66.28,83.26,83.84,83.47,51.41,1.6,86.0,92.63,C,0,46,61.0,76.0,86.0
Male,20.0,CS,51.52,44.94,80.32,94.0,73.63,4.82,54.02,70.25,D,0,30,76.0,70.0,47.0
Female,21.0,Engineering,51.04,80.24,68.41,56.05,94.94,6.99,52.17,86.76,F,0,45,65.0,55.0,81.0
Female,20.0,CS,69.78,78.82,52.09,76.11,87.43,3.08,89.95,83.39,C,1,77,93.0,85.0,81.0
Male,23.0,CS,53.63,53.13,93.32,86.27,97.2,6.69,85.61,88.58,F,0,17,48.0,73.0,57.0
Male,21.0,Business,93.57,85.51,80.67,81.81,61.33,5.81,91.58,83.01,A,1,35,74.0,100.0,94.0
Female,,Engineering,75.57,45.22,50.14,72.42,76.55,4.39,83.83,54.0,B,1,91,98.0,66.0,100.0
Female,22.0,Mathematics,78.26,69.37,82.29,50.86,65.93,8.97,87.55,64.64,F,0,65,47.0,34.0,100.0
Male,20.0,Mathematics,,,84.49,53.02,74.69,6.92,68.95,97.0,D,0,74,98.0,88.0,83.0
Male,22.0,CS,60.78,98.12,93.21,55.95,77.85,3.61,79.51,61.17,D,0,39,96.0,59.0,53.0
Female,20.0,CS,91.95,85.09,53.37,67.16,51.81,8.04,90.27,73.61,F,0,34,48.0,52.0,80.0
Male,20.0,Business,87.73,49.53,99.33,55.88,61.66,7.38,58.61,67.85,A,1,54,58.0,78.0,100.0
Female,22.0,Mathematics,57.28,60.5,49.2,71.3,85.24,7.92,71.14,54.31,C,0,67,54.0,81.0,64.0
Male,18.0,Engineering,97.41,49.63,76.04,58.93,88.65,,87.02,59.06,C,0,72,100.0,98.0,82.0
Male,18.0,Business,82.17,86.0,79.43,88.96,78.47,3.79,76.63,64.33,B,0,72,90.0,53.0,94.0
Male,18.0,Business,61.47,43.53,65.14,93.57,63.54,3.49,84.08,73.17,D,1,54,86.0,28.0,88.0
Female,23.0,CS,96.14,90.42,68.5,69.48,70.25,6.54,64.64,93.73,A,0,34,53.0,54.0,57.0
Male,18.0,Engineering,81.38,96.53,93.45,75.57,54.8,1.31,51.62,75.78,B,0,50,56.0,70.0,72.0
Female,20.0,Business,95.04,80.6,78.72,97.67,97.66,8.2,51.46,82.6,A,0,53,73.0,82.0,65.0
 MALE ,24.0,Engineering,85.92,52.78,69.82,76.78,93.43,3.7,97.14,71.3,A,0,71,44.0,64.0,54.0
Female,19.0,CS,63.88,61.61,47.7,51.38,53.28,6.3,97.23,93.5,D,0,48,92.0,73.0,54.0
Female,22.0,CS,79.37,68.63,40.44,57.11,58.32,4.99,60.56,83.13,C,1,60,95.0,59.0,75.0
Male,24.0,Computer Science,65.54,76.28,47.5,93.11,79.05,5.19,57.37,54.53,A,1,36,64.0,64.0,55.0
Female,19.0,CS,-12.0,80.12,97.37,74.86,61.62,7.38,50.91,73.88,B,0,97,64.0,58.0,34.0
Female,24.0,Mathematics,87.44,73.25,85.85,51.14,96.72,6.27,61.56,91.36,A,1,49,98.0,84.0,92.0
Female,23.0,CS,80.72,61.08,98.03,98.61,87.78,2.5,66.72,86.68,F,1,78,81.0,51.0,40.0
Female,19.0,CS,71.16,93.46,42.14,98.25,63.66,0.74,62.06,95.27,D,0,21,64.0,53.0,55.0
Male,21.0,CS,80.91,44.88,80.81,69.16,50.31,8.4,89.87,61.38,C,0,96,84.0,82.0,100.0
Male,18.0,Engineering,67.08,67.98,42.66,97.71,89.97,8.85,87.47,98.86,C,1,77,60.0,29.0,54.0
Male,23.0,Engineering,51.44,86.53,86.92,57.05,71.2,1.64,54.05,64.25,D,1,43,100.0,82.0,80.0
Female,24.0,CS,69.75,43.65,62.86,84.01,82.12,3.09,84.87,52.51,F,0,38,100.0,65.0,87.0
Female,20.0,CS,96.52,82.32,45.75,59.6,64.35,2.82,76.03,74.78,A,0,53,76.0,72.0,42.0
Male,18.0,CS,81.32,89.18,74.08,62.33,57.14,9.37,56.61,55.52,F,1,53,100.0,65.0,53.0
Male,18.0,Engineering,54.2,79.65,56.81,88.97,83.77,2.05,86.98,84.07,F,1,51,65.0,64.0,93.0
Female,19.0,CS,51.39,40.78,79.57,68.87,72.52,1.67,54.3,95.03,C,1,70,52.0,45.0,69.0
Male,21.0,Mathematics,63.44,50.81,79.49,50.36,61.76,1.82,58.86,96.07,D,0,85,72.0,62.0,48.0
Male,18.0,Engineering,62.19,60.53,82.3,70.71,56.88,7.3,57.46,80.35,F,0,51,48.0,55.0,61.0
Female,24.0,CS,64.85,54.02,99.55,61.4,79.02,8.88,96.95,76.76,F,1,56,93.0,69.0,77.0
Male,24.0,Business,78.86,97.76,63.2,84.17,86.28,3.93,84.91,99.7,F,1,75,100.0,83.0,38.0
Female,22.0,CS,77.23,79.1,67.92,59.72,64.19,1.36,70.56,78.97,F,1,94,44.0,68.0,69.0
Male,22.0,Engineering,74.57,57.82,88.28,92.11,86.76,5.86,91.11,96.37,F,0,14,95.0,50.0,41.0
Female,18.0,CS,85.88,95.78,74.7,,59.16,2.1,60.8,95.83,A,0,80,67.0,91.0,70.0
Female,19.0,Engineering,65.83,84.44,42.24,69.65,66.92,0.64,96.55,64.48,C,1,16,77.0,89.0,79.0
Female,19.0,Business,89.1,57.08,90.58,64.9,87.24,8.86,84.85,50.69,B,0,32,82.0,53.0,74.0
Female,20.0,Mathematics,58.09,62.73,43.09,82.2,83.01,8.71,77.98,71.96,B,0,84,55.0,69.0,80.0
Female,23.0,CS,89.13,51.97,50.25,55.06,63.53,9.76,89.73,93.07,B,1,89,62.0,61.0,26.0
Male,23.0,CS,83.19,98.26,46.12,73.9,56.11,4.74,82.24,91.81,D,0,44,59.0,77.0,65.0
Male,23.0,Engineering,84.16,71.04,44.68,57.41,52.12,2.94,94.36,80.18,B,0,57,96.0,52.0,61.0
Male,21.0,Mathematics,74.08,93.76,41.54,82.84,91.9,7.7,91.46,57.83,B,0,86,77.0,33.0,33.0
Female,19.0,Mathematics,83.35,60.79,43.3,53.67,53.76,1.8,59.89,55.38,B,1,38,89.0,64.0,50.0
Male,20.0,CS,53.99,91.65,66.55,58.01,55.74,2.43,61.98,97.73,D,1,89,46.0,50.0,89.0
Female,22.0,CS,92.58,43.23,55.17,58.38,61.89,2.56,53.25,71.07,A,1,46,52.0,76.0,73.0
Female,24.0,Engineering,52.78,98.93,47.59,54.43,72.28,9.52,61.01,82.41,C,0,30,89.0,52.0,18.0
Male,23.0,CS,57.44,94.72,79.52,60.12,89.49,7.3,67.17,95.29,F,0,30,75.0,78.0,59.0
Female,22.0,CS,78.84,61.79,53.57,55.13,62.37,1.34,51.44,93.49,A,0,32,43.0,38.0,57.0
 MALE ,22.0,CS,86.97,86.48,,76.05,77.18,0.93,65.75,78.35,A,0,63,76.0,44.0,47.0
Female,18.0,Engineering,53.81,85.14,65.11,99.41,54.52,8.43,88.58,74.4,F,1,95,60.0,80.0,81.0
Female,21.0,Mathematics,51.01,94.08,58.63,51.72,73.23,8.02,92.02,86.76,C,1,17,97.0,90.0,68.0
Male,20.0,Mathematics,67.06,58.44,59.12,73.06,58.88,6.71,50.44,67.48,F,0,46,75.0,37.0,71.0
Female,21.0,CS,80.3,67.93,,69.3,60.56,1.96,50.36,81.27,A,0,33,55.0,30.0,76.0
Male,18.0,Engineering,74.06,91.9,80.13,66.98,68.34,,,51.16,A,1,87,96.0,100.0,63.0
Female,20.0,Business,87.07,86.71,76.99,66.59,88.07,6.03,93.63,91.22,A,1,91,98.0,84.0,46.0
Male,20.0,Computer Science,66.42,63.61,96.24,94.75,87.2,9.32,73.46,99.9,C,0,40,53.0,75.0,86.0
Female,19.0,Engineering,68.34,90.74,71.06,98.81,70.75,1.69,99.15,97.74,F,0,49,59.0,79.0,34.0
Male,21.0,Engineering,95.81,42.82,68.35,88.75,55.93,5.15,94.37,67.99,A,0,23,51.0,69.0,59.0
Male,21.0,CS,97.78,86.92,52.8,62.65,64.03,1.58,94.51,76.56,A,0,41,76.0,95.0,97.0
Female,19.0,Engineering,,52.41,85.32,69.16,75.27,4.44,56.42,61.81,A,0,29,71.0,71.0,55.0
Male,22.0,CS,63.12,57.17,48.45,71.01,93.47,2.0,73.76,65.15,C,1,32,25.0,69.0,39.0
Female,18.0,Engineering,61.62,69.59,69.47,65.24,98.41,8.36,99.68,72.87,F,1,100,57.0,54.0,94.0
Female,21.0,CS,64.88,66.98,65.28,54.68,81.87,2.55,57.45,87.35,F,0,46,45.0,85.0,56.0
 MALE ,19.0,CS,72.07,71.23,79.5,55.72,67.53,4.17,78.71,50.89,D,0,18,70.0,44.0,83.0
Male,24.0,CS,65.71,72.69,95.06,64.91,84.67,4.08,67.21,69.69,A,1,58,66.0,56.0,90.0
Male,20.0,BUSINESS,68.71,59.89,96.8,,66.81,8.66,69.39,77.82,F,0,96,52.0,52.0,80.0
Male,23.0,Engineering,81.03,50.51,50.07,56.73,81.27,7.58,94.54,60.76,A,1,34,86.0,66.0,91.0
Male,24.0,Engineering,88.13,86.11,55.71,79.59,62.19,0.58,79.4,53.92,A,0,77,95.0,61.0,55.0
Female,19.0,Engineering,86.78,64.0,88.7,64.44,63.35,0.67,87.94,76.98,A,0,32,54.0,75.0,35.0
Male,23.0,Engineering,90.72,70.35,71.1,94.17,53.76,5.51,83.66,81.89,A,0,61,72.0,100.0,83.0
Female,22.0,CS,51.61,78.68,67.18,71.42,71.01,4.28,76.45,82.05,C,1,85,100.0,62.0,96.0
Male,18.0,Business,52.39,94.58,82.64,58.59,80.91,2.76,89.59,67.83,D,1,15,53.0,57.0,63.0
Male,23.0,CS,89.47,82.45,76.12,99.29,89.44,,98.54,61.87,A,0,47,70.0,71.0,45.0
Male,22.0,CS,76.65,42.73,98.24,58.83,90.52,1.29,98.34,61.02,F,0,76,86.0,84.0,80.0
Female,23.0,Business,78.91,90.31,75.04,78.38,99.62,9.74,89.47,52.03,F,0,37,82.0,65.0,96.0
Male,20.0,CS,52.63,99.36,67.96,78.46,54.39,0.24,,59.23,D,0,60,85.0,72.0,58.0
Female,20.0,CS,62.77,,72.57,68.64,74.66,1.18,58.16,90.93,A,1,75,91.0,86.0,65.0
Female,20.0,Engineering,81.92,98.18,88.51,97.57,76.07,3.11,52.22,50.15,C,0,50,44.0,23.0,80.0
Female,20.0, engineering ,92.96,72.84,76.76,92.19,90.23,5.09,61.57,52.19,A,0,73,46.0,54.0,54.0
Male,19.0,Business,95.85,67.58,78.82,,63.32,2.16,67.01,56.35,B,1,39,34.0,72.0,44.0
Female,20.0,Engineering,75.02,59.88,98.29,98.82,53.47,7.36,56.49,71.01,B,1,90,53.0,44.0,100.0
Male,24.0,Engineering,77.27,79.45,77.1,72.86,65.69,3.58,61.24,66.69,F,0,20,58.0,71.0,93.0
Female,20.0,Business,91.65,53.79,62.82,54.86,99.2,0.39,54.18,58.89,A,0,22,86.0,87.0,68.0
Male,24.0,CS,76.88,46.3,81.48,88.27,94.97,8.78,76.18,55.55,A,1,44,94.0,75.0,100.0
Female,19.0,CS,75.84,41.63,79.57,69.04,69.76,9.44,56.32,96.94,F,0,61,63.0,98.0,53.0
Male,20.0,Engineering,95.25,57.54,40.83,59.52,93.81,6.19,87.14,95.56,B,0,79,46.0,42.0,48.0
 MALE ,22.0,CS,,63.75,68.04,74.16,51.64,8.07,66.63,88.59,B,1,48,95.0,79.0,84.0
Male,22.0,Mathematics,95.45,73.12,84.57,96.29,65.71,1.21,83.6,62.6,B,1,23,68.0,58.0,48.0
Female,21.0,Business,60.91,57.56,69.94,58.57,86.34,2.69,94.13,66.18,C,0,40,83.0,62.0,62.0
Female,22.0,CS,76.22,99.04,86.78,92.43,61.07,3.25,54.3,83.29,A,0,63,69.0,54.0,80.0
Male,18.0,CS,92.12,57.5,67.05,70.91,59.92,9.61,99.45,64.58,A,0,39,83.0,77.0,75.0
Female,18.0,CS,55.56,66.46,99.0,70.79,93.09,5.12,82.26,76.53,F,1,72,80.0,82.0,81.0
Female,18.0,CS,89.73,,57.57,92.42,80.8,0.07,52.67,82.56,A,0,83,53.0,87.0,60.0
Female,19.0,CS,59.15,55.64,45.53,98.48,99.45,3.8,65.7,75.96,D,0,38,47.0,67.0,51.0
Female,22.0,Engineering,69.06,42.9,65.8,64.56,56.73,0.08,94.31,70.66,D,0,82,89.0,100.0,56.0
Female,24.0,Business,80.6,73.57,72.5,65.18,67.81,2.38,79.81,67.39,D,0,73,23.0,80.0,69.0
Female,18.0,Business,59.66,85.06,60.95,69.53,65.56,4.55,64.36,88.89,F,1,67,55.0,18.31,74.85
Female,21.0,CS,73.67,51.74,54.54,90.71,94.01,3.23,97.02,86.95,C,0,71,39.46,54.0,57.0
Male,19.0,CS,,62.07,80.32,50.52,62.76,0.33,89.36,84.81,A,0,45,54.0,67.0,46.0
Male,21.0,Engineering,89.21,41.0,62.63,61.2,67.67,1.16,86.78,68.73,F,0,64,71.0,71.0,61.0
Female,22.0,Business,71.36,90.37,77.88,85.29,57.14,5.51,94.42,88.79,B,0,20,64.0,42.0,43.0
Male,20.0,Business,94.97,86.8,86.74,70.28,88.77,6.96,88.49,97.89,B,0,99,77.0,43.0,61.0
Male,21.0,Mathematics,75.96,43.8,85.66,66.51,61.89,4.05,64.34,84.45,D,0,25,100.0,56.0,30.0
Male,20.0,Engineering,75.29,61.89,62.52,93.61,53.42,7.31,79.19,70.39,C,1,14,90.0,98.0,85.0
Female,19.0,Engineering,53.11,97.32,74.07,95.87,71.76,1.63,92.11,89.82,D,0,25,45.0,83.0,55.0
Female,21.0,CS,96.11,63.52,66.98,97.4,69.57,1.22,59.04,80.47,A,1,47,48.0,78.0,89.0
Female,21.0, engineering ,58.86,71.57,92.25,63.63,58.88,8.39,58.15,93.88,D,0,96,91.0,66.0,86.0
Female,23.0,CS,76.42,,92.73,95.63,56.68,3.39,57.95,85.66,A,0,31,57.0,73.0,82.0
Female,19.0,Engineering,90.18,75.77,60.62,86.85,94.83,4.32,59.71,88.5,B,0,50,34.0,39.0,80.0
Male,19.0,Engineering,60.77,98.69,45.5,57.71,53.39,9.48,55.16,83.37,C,0,40,82.0,25.0,82.0
Female,18.0,CS,80.73,99.85,50.05,80.51,54.97,4.24,91.88,54.6,C,1,54,86.0,79.0,73.0
Male,22.0,CS,62.03,86.48,,51.32,62.25,0.03,90.92,74.26,B,0,30,35.0,40.0,22.0
Female,21.0,CS,87.98,64.26,73.85,85.42,97.64,9.38,57.57,52.82,A,1,40,82.0,84.0,72.0
Male,21.0,CS,78.22,69.67,79.41,86.68,54.27,0.14,85.28,72.38,C,0,39,86.0,63.0,72.0
Female,24.0,CS,72.42,61.4,59.88,89.47,90.8,,81.35,85.82,B,1,49,60.0,79.0,83.0
Female,19.0,CS,94.73,99.13,80.05,58.63,94.6,3.23,63.81,71.06,A,1,89,51.0,84.0,45.0
Female,19.0,Computer Science,82.44,82.47,96.26,52.12,68.89,4.7,61.37,50.08,C,0,27,69.0,80.0,27.0
Female,22.0,CS,86.27,66.94,79.12,58.94,64.69,5.47,62.53,68.46,A,1,27,73.0,69.0,64.0
Female,19.0,Mathematics,,40.73,49.51,97.33,83.87,4.08,86.53,53.39,B,0,42,93.0,55.0,100.0
Female,20.0,CS,69.22,71.23,74.78,83.75,85.13,7.74,65.97,89.03,A,0,36,73.0,72.0,100.0
Male,20.0,CS,82.41,99.04,72.51,54.77,89.0,9.31,63.9,89.19,B,0,53,53.0,23.0,51.0
Female,23.0,Engineering,95.41,71.38,92.24,85.35,91.53,0.86,51.12,90.32,A,1,100,45.0,66.0,82.0
Male,20.0,Business,70.83,50.95,61.02,96.69,63.42,8.0,95.41,51.52,B,0,43,72.0,100.0,38.0
Female,20.0,Engineering,65.72,41.33,65.38,73.83,84.35,1.29,87.64,51.61,D,0,72,40.0,83.0,92.0
Male,22.0,CS,95.88,61.28,75.92,69.78,56.75,0.8,73.64,95.17,D,0,43,100.0,82.0,72.0
Male,21.0,Engineering,71.77,95.09,71.47,64.04,75.54,9.56,97.15,56.18,F,0,68,83.0,92.0,66.0
Male,20.0,Business,53.68,99.79,83.14,82.9,80.64,4.89,64.68,83.5,F,0,52,27.0,80.0,49.0
Male,23.0,Business,74.92,96.72,42.42,58.85,58.09,1.53,83.74,89.77,D,1,100,91.0,72.0,55.0
Male,19.0,Engineering,74.72,83.77,73.81,77.19,53.83,5.7,65.26,72.39,D,0,62,53.0,68.0,55.0
Male,20.0,Business,79.42,73.49,47.3,97.89,59.74,2.63,65.73,77.32,B,0,34,51.0,47.0,42.0
Female,23.0,Business,68.14,75.44,58.91,81.41,71.03,4.64,92.24,61.37,B,0,62,83.0,56.0,31.0
Male,22.0,Engineering,80.66,72.34,79.7,52.5,94.39,6.25,89.35,96.18,C,1,31,51.0,68.0,54.0
Female,24.0,Engineering,93.91,,49.44,99.44,76.6,8.69,64.71,65.09,B,0,55,72.0,96.0,75.0
Female,24.0,Engineering,97.77,65.13,58.53,57.84,87.42,0.03,54.07,60.89,B,0,83,94.0,100.0,86.0
Male,24.0,Business,79.18,80.15,82.18,85.9,58.71,2.14,67.88,76.27,D,0,25,56.0,81.0,71.0
Male,19.0,CS,89.92,47.3,79.05,76.63,55.3,0.96,88.0,59.53,C,0,22,100.0,41.0,48.0
Female,23.0,Mathematics,98.46,55.94,45.46,64.72,61.98,0.97,55.03,84.33,B,1,49,67.0,60.0,9.0
Male,20.0,CS,85.29,90.16,74.64,58.87,65.69,9.46,83.61,75.76,A,0,97,55.0,71.0,87.0
Male,21.0, engineering ,60.47,94.22,48.84,58.89,77.41,9.36,94.49,57.39,F,0,70,63.0,100.0,48.0
Male,19.0,Business,57.36,72.34,55.14,92.92,94.06,7.49,58.96,53.36,F,0,25,22.0,66.0,70.0
Male,19.0,CS,57.17,41.9,67.55,93.65,71.3,6.43,93.11,56.85,F,0,78,42.0,91.0,100.0
Male,24.0,Engineering,58.39,95.62,46.56,73.26,75.94,8.48,52.57,56.83,D,1,58,95.0,100.0,88.0
Male,21.0,CS,52.28,82.12,99.62,55.18,50.23,0.58,83.34,65.64,D,1,0,48.0,86.0,82.0
Male,24.0,CS,57.17,64.84,49.92,94.21,51.67,1.19,89.55,91.66,A,1,51,58.0,76.0,81.0
Female,19.0,CS,77.04,75.9,86.88,56.33,54.19,3.17,72.24,52.86,B,1,45,100.0,87.0,59.0
Male,20.0,CS,85.0,65.79,89.79,71.94,84.95,8.32,60.19,56.4,F,1,23,97.0,49.0,44.0
Female,24.0,CS,91.41,67.92,99.67,70.37,74.31,4.72,96.24,65.14,B,0,100,31.0,74.0,74.0
Female,24.0,Mathematics,89.58,93.21,65.72,68.25,59.65,5.04,51.0,77.67,A,0,40,61.0,65.0,67.0
Female,,Mathematics,94.13,49.67,92.45,76.3,79.63,2.29,77.75,88.14,B,0,30,62.0,89.0,42.0
Female,19.0,CS,98.36,46.22,97.45,80.23,77.23,6.48,68.64,96.06,A,1,30,73.0,61.0,51.0
Male,20.0,Business,71.95,40.16,50.37,73.32,54.44,8.88,73.05,70.6,D,0,53,68.0,52.0,69.0
Female,21.0,CS,97.52,58.84,68.77,74.55,82.02,3.3,76.83,55.29,A,1,66,86.0,88.0,45.0
Female,18.0,CS,86.16,48.84,43.6,65.88,88.36,6.19,76.74,60.68,B,1,56,57.0,56.0,46.0
Female,21.0,CS,53.53,53.2,77.24,91.1,64.33,3.32,60.18,64.36,F,0,33,78.0,85.0,96.0
Female,20.0,Mathematics,84.09,40.67,74.88,65.0,84.37,,83.99,89.3,C,0,11,79.0,54.0,52.0
Female,22.0,Mathematics,78.34,53.63,52.25,87.67,59.99,4.75,50.96,84.33,D,0,70,92.0,77.0,48.0
Male,24.0,CS,95.29,59.96,87.87,64.52,87.84,3.39,51.06,60.45,B,1,18,42.0,70.0,39.0
Male,21.0,CS,68.65,41.89,42.24,59.43,95.59,4.2,73.92,91.94,D,0,67,100.0,85.0,99.0
Female,22.0,CS,79.25,76.47,88.37,90.06,72.09,0.91,77.1,92.96,B,1,18,70.0,44.0,65.0
Male,22.0,Engineering,50.61,74.13,41.6,,62.23,8.66,63.74,94.12,F,1,72,97.0,92.0,52.0
Male,20.0,Engineering,66.6,45.82,79.41,81.29,69.96,9.58,77.58,63.75,D,0,68,48.0,69.0,86.0
Female,20.0,CS,53.11,75.7,44.73,98.51,62.5,4.77,75.81,56.69,D,0,72,58.0,100.0,88.0
Female,24.0,Business,76.09,99.92,55.07,76.14,50.06,2.21,67.46,55.2,B,0,93,89.0,77.0,36.0
Female,18.0,CS,90.87,96.67,83.31,59.37,82.52,6.65,82.59,70.0,A,1,47,72.0,100.0,58.0
Male,23.0,Mathematics,92.89,40.16,56.82,66.03,52.13,4.52,97.9,71.47,F,1,39,35.0,44.0,96.0
Female,19.0,Engineering,98.67,87.72,70.67,91.17,60.52,2.52,74.54,93.41,F,1,33,93.0,80.0,74.0
Male,21.0,Engineering,60.2,61.22,94.91,67.58,86.12,0.38,89.3,63.39,A,0,50,97.0,78.0,79.0
Male,20.0,BUSINESS,56.03,43.82,42.98,86.18,83.29,8.9,62.38,81.34,F,0,32,82.0,61.0,69.0
Male,21.0,Business,75.55,57.76,,88.87,53.67,7.97,88.1,89.41,F,0,70,87.0,85.0,42.0
Female,23.0,CS,53.96,59.3,43.92,75.06,83.0,8.29,82.45,63.46,C,0,33,87.0,54.0,14.0
Male,23.0,CS,84.08,71.39,47.61,89.16,96.53,4.4,,63.36,B,1,29,77.0,81.0,76.0
Female,24.0,Math,51.57,79.67,47.16,65.85,53.73,7.53,94.65,83.46,C,0,61,81.0,33.0,80.0
Female,22.0,CS,55.34,84.94,99.65,86.52,70.78,5.81,61.67,86.31,C,1,50,17.0,34.0,60.0
Female,24.0,CS,77.5,54.75,50.81,84.33,86.47,3.75,68.42,97.99,C,0,36,79.0,66.0,59.0
Female,19.0,Engineering,79.57,59.31,93.81,58.4,83.39,8.43,54.15,92.5,D,0,70,37.0,76.0,42.0
Female,18.0,Business,51.45,58.5,99.46,63.68,61.33,9.99,86.31,91.1,C,0,46,84.0,73.0,80.0
Male,21.0,Business,78.67,61.76,63.03,94.16,,8.99,92.19,84.62,C,1,48,80.0,47.0,58.0
Male,19.0,Mathematics,91.93,99.98,77.86,88.76,89.21,7.76,70.29,55.92,A,0,74,87.0,35.0,77.0
Male,18.0,Engineering,86.12,86.68,86.75,74.67,97.81,7.48,67.84,90.46,A,0,90,70.0,96.0,37.0
Male,21.0,CS,56.56,98.5,63.56,58.69,88.38,6.5,82.93,96.77,D,0,24,65.0,93.0,35.0
Male,19.0,Engineering,79.62,81.59,49.71,74.1,98.16,8.54,53.78,69.54,F,1,12,34.0,76.0,66.0
Female,20.0,Business,83.61,64.38,66.03,94.07,80.25,4.93,64.69,65.68,F,0,85,76.0,74.0,58.0
Female,21.0,CS,51.86,63.38,86.31,86.8,96.45,1.82,68.31,76.12,F,0,50,41.0,76.0,77.0
Male,19.0,CS,92.77,69.31,86.85,65.73,84.52,7.68,75.93,97.82,A,0,24,58.0,100.0,39.0
Male,23.0,CS,95.31,65.01,53.83,69.76,95.44,9.2,73.83,52.54,B,0,29,91.0,51.0,65.0
Male,18.0,Engineering,92.52,89.7,50.5,83.38,58.08,3.41,60.43,85.44,B,1,26,55.0,55.0,54.0
Female,19.0,Business,91.23,67.9,95.23,84.42,90.78,,77.04,90.73,A,1,98,60.0,90.0,100.0
Female,20.0,Engineering,87.25,57.74,42.64,58.94,59.84,2.74,,89.44,A,1,48,65.0,63.0,57.0
Female,24.0,Mathematics,81.67,86.49,84.08,75.73,51.37,9.43,51.35,78.34,A,0,86,87.0,95.0,90.0
Male,21.0,CS,83.93,91.27,42.79,55.94,75.88,6.83,84.02,96.03,A,0,81,100.0,100.0,65.0
Male,21.0,Mathematics,93.76,65.23,90.27,63.97,65.91,5.69,81.24,56.73,C,1,29,79.0,45.0,35.0
Male,21.0,Business,83.12,80.07,94.32,84.3,52.18,7.8,96.22,62.26,C,0,35,66.0,95.0,67.0
Male,20.0,CS,66.39,43.53,57.85,53.89,99.02,8.13,82.27,65.35,C,0,59,51.0,43.0,72.0
Female,18.0,Mathematics,68.8,71.77,44.44,83.12,83.32,8.92,81.24,50.43,A,0,90,85.0,94.0,38.0
Male,21.0,CS,94.85,42.7,68.84,95.04,95.09,9.01,,68.53,A,0,96,36.0,78.0,76.0
Male,,Business,50.86,41.75,57.91,98.47,99.95,0.53,63.39,58.03,F,1,27,80.0,100.0,10.0
Male,19.0,Business,84.94,76.78,65.03,60.83,69.6,1.23,79.79,86.23,C,0,19,44.0,61.0,56.0
Female,23.0,Business,97.74,58.2,79.9,87.44,62.74,8.26,75.97,70.75,A,1,76,66.0,89.0,96.0
Female,23.0,Engineering,85.31,84.55,52.59,96.32,59.19,9.46,71.92,85.22,A,0,78,38.0,28.0,44.0
Male,18.0,CS,99.7,93.76,61.42,54.57,75.76,3.08,53.97,64.68,B,0,48,77.0,81.0,15.0
Female,18.0,Engineering,84.38,48.36,86.95,70.7,80.3,0.09,64.63,56.6,C,1,40,86.0,54.0,28.0
Female,23.0,CS,51.72,83.47,78.63,95.97,73.62,3.23,64.0,56.6,F,0,63,79.0,85.0,55.0
Female,21.0,Business,91.35,70.87,59.58,60.14,69.36,3.83,86.21,60.16,B,0,41,76.0,81.0,72.0
Female,22.0,Business,64.23,46.73,79.86,96.69,58.41,7.61,96.03,55.76,B,1,24,49.0,59.0,36.0
Female,22.0,Mathematics,72.3,79.1,85.92,76.36,72.09,0.48,61.54,61.03,B,0,42,70.0,94.0,82.0
Male,20.0,CS,65.6,76.57,75.55,54.99,,2.13,53.73,78.95,C,1,100,40.0,38.0,59.0
Male,24.0,Business,63.43,70.94,54.37,72.49,93.25,8.94,100.0,62.82,A,1,78,35.0,81.0,50.0
Male,23.0,Mathematics,71.57,95.59,40.01,66.31,52.35,1.55,84.56,67.15,D,1,100,61.0,38.0,29.0
Female,23.0,Business,68.94,71.26,88.17,64.11,69.03,7.59,94.32,52.64,D,1,52,49.0,44.0,65.0
Female,20.0,CS,81.67,99.43,89.36,77.07,55.01,3.61,57.19,94.61,D,1,69,49.0,61.0,36.0
Female,22.0,CS,73.2,70.55,81.86,74.18,88.75,6.63,90.04,56.91,A,0,43,72.0,71.0,43.0
Female,19.0,CS,64.85,46.95,44.59,74.1,65.64,0.74,90.67,67.43,B,0,79,75.0,69.0,77.0
Male,21.0,Engineering,60.69,68.23,75.11,54.41,55.66,2.87,57.57,68.97,C,1,66,94.0,73.0,100.0
Male,21.0,Engineering,83.34,50.94,89.26,90.12,76.57,4.25,58.07,88.61,B,0,68,100.0,89.0,96.0
Male,19.0,Mathematics,83.52,75.83,63.38,74.07,95.81,8.57,64.77,74.18,D,1,50,82.0,87.0,100.0
Male,19.0,CS,95.06,81.59,51.88,91.05,95.43,5.63,60.84,69.15,A,0,49,88.0,79.0,75.0
Male,22.0,CS,50.8,68.11,75.26,91.23,62.48,0.45,98.77,84.79,D,0,34,66.0,100.0,80.0
Male,20.0,Engineering,78.88,45.86,89.58,65.86,85.98,8.02,68.15,79.85,A,0,94,98.0,54.0,75.0
Female,19.0,Business,76.05,68.12,42.93,50.22,51.51,,88.07,53.91,A,0,28,41.63,90.0,82.0
Female,20.0,Mathematics,81.07,44.89,75.82,95.56,56.59,9.34,90.25,65.64,C,0,83,34.0,14.13,100.0
Male,24.0,Business,54.57,80.93,78.59,53.76,74.97,2.12,69.3,98.93,F,0,38,72.0,68.0,9.84
Female,18.0,Engineering,71.63,87.42,76.14,55.36,61.44,4.88,84.13,74.17,F,1,96,88.0,72.0,95.0
Male,21.0,Engineering,61.37,97.74,79.0,85.09,89.91,0.72,55.39,71.21,C,0,21,100.0,79.0,100.0
Male,22.0,Business,62.71,48.93,77.88,51.0,96.55,5.62,69.85,57.5,C,1,69,100.0,71.0,86.0
Female,21.0,Engineering,75.2,71.95,47.82,51.39,50.22,4.97,98.37,91.95,C,0,68,98.0,89.0,76.0
Male,22.0,CS,90.62,74.05,54.1,81.71,61.65,4.1,58.43,56.67,B,0,20,74.0,87.0,60.0
Male,18.0,CS,87.19,95.35,77.14,54.8,71.98,0.36,69.29,55.25,A,1,54,48.0,82.0,66.0
Male,21.0,CS,59.95,77.64,41.06,98.22,78.15,8.79,89.53,71.95,B,0,16,72.0,54.0,64.0
Female,18.0,Business,,48.73,78.08,94.69,95.8,8.03,83.27,71.83,A,0,47,91.0,63.0,69.0
Female,22.0,CS,71.37,66.18,79.92,82.49,94.59,6.33,81.58,99.07,D,0,35,100.0,62.0,83.0
Female,19.0,CS,98.64,79.29,54.35,53.19,81.86,5.72,92.66,56.38,A,0,49,67.0,95.0,37.0
Female,24.0,CS,78.01,82.02,75.89,66.24,62.87,6.95,51.45,74.19,D,0,35,69.0,48.0,75.0
Male,21.0,Engineering,62.7,91.78,72.05,68.59,89.16,1.44,88.56,60.06,F,1,91,46.0,50.0,86.0
Female,18.0,CS,61.5,50.83,55.64,74.04,60.13,9.33,94.13,85.09,A,0,31,76.0,89.0,55.0
Female,23.0,Engineering,80.57,97.09,67.78,58.45,98.26,2.85,,69.58,F,0,25,53.0,53.0,59.0
Female,21.0,CS,76.14,43.55,94.58,78.88,50.29,6.56,77.95,82.42,A,0,43,75.0,59.0,45.0
Male,,CS,50.38,99.03,65.6,71.79,78.49,6.07,67.43,66.92,C,0,86,100.0,54.0,55.0
Female,21.0,Engineering,91.5,91.47,,69.94,54.42,6.37,52.54,78.23,B,0,40,91.0,100.0,43.0
Female,20.0,CS,85.21,79.62,42.12,96.81,70.38,8.79,70.89,73.46,A,0,39,85.0,68.0,66.0
Male,18.0,CS,83.09,84.1,44.67,78.27,81.75,2.96,82.2,68.72,C,0,43,49.0,63.0,41.0
Male,18.0,CS,53.44,44.36,44.88,82.22,84.48,7.49,95.95,76.88,F,1,21,52.0,52.0,49.0
 MALE ,21.0,BUSINESS,99.97,42.49,86.69,56.89,89.28,5.98,81.03,69.19,B,1,67,78.0,85.0,69.0
Male,19.0,Engineering,96.77,46.11,61.02,,79.67,0.76,92.84,90.3,B,0,14,89.0,48.0,44.0
 FEMALE ,21.0,CS,93.13,45.24,53.66,95.04,62.57,4.14,56.08,74.76,A,1,29,65.0,66.0,66.0
Male,20.0,CS,64.28,72.84,84.84,84.96,94.46,8.38,60.53,95.16,C,0,94,73.0,82.0,51.0
Female,22.0,Mathematics,57.85,52.93,50.2,59.47,90.56,3.15,98.51,61.14,F,0,33,58.0,84.0,62.0
Female,20.0,Engineering,72.45,91.61,54.79,78.51,58.0,4.82,,55.61,D,0,35,76.0,53.0,64.0
Female,19.0,Engineering,67.79,66.74,65.86,96.74,91.33,4.89,61.76,69.05,B,0,49,75.0,48.0,56.0
Female,21.0,Business,84.11,81.73,59.89,67.26,98.63,6.18,81.05,59.18,C,1,56,75.0,70.0,80.0
Female,18.0,Business,98.32,79.17,75.12,59.29,81.86,8.84,68.13,69.66,B,0,42,84.0,64.0,88.0
Male,24.0,Business,68.15,59.19,60.27,97.1,64.09,1.74,73.43,60.37,C,1,57,48.0,57.0,49.0
Female,23.0,Engineering,53.11,54.59,63.58,73.06,80.33,5.05,93.04,93.41,D,0,98,17.0,70.0,15.0
Female,21.0,Engineering,94.88,60.55,91.77,70.86,67.13,4.24,86.79,78.4,A,1,73,99.0,66.0,49.0
Female,19.0,Computer Science,51.9,87.8,93.07,63.38,83.8,2.96,61.92,74.88,D,0,47,70.0,71.0,92.0
Male,18.0,Mathematics,97.64,75.18,89.66,94.58,77.24,9.2,65.8,89.39,A,0,64,80.0,35.0,95.0
Female,20.0,Engineering,83.23,55.21,91.89,92.28,96.47,0.08,64.49,56.52,F,0,16,42.0,58.0,53.0
Female,22.0,CS,97.08,89.07,74.18,70.15,80.9,1.22,89.03,92.85,B,0,98,63.0,78.0,61.0
Male,22.0,Mathematics,59.98,43.29,78.77,51.53,60.7,7.33,74.5,74.17,F,0,62,56.0,39.0,46.0
Female,24.0,Math,52.03,81.95,73.43,72.33,86.26,2.63,97.54,56.82,D,0,32,73.0,74.0,55.0
Female,21.0,Mathematics,74.41,66.35,87.14,59.04,65.04,7.23,90.83,90.97,B,0,48,76.0,67.0,21.0
Male,20.0,Business,72.53,83.88,73.06,57.14,63.62,8.32,60.56,73.04,D,1,57,47.0,30.0,57.0
Female,24.0,Mathematics,68.14,95.65,46.66,69.65,69.59,2.55,89.3,80.23,B,0,33,62.0,57.0,48.0
Female,23.0,CS,97.88,85.0,88.57,54.95,50.6,1.92,75.3,94.68,A,1,59,94.0,86.0,76.0
Female,23.0,Business,91.13,,85.64,97.87,98.46,1.45,62.69,94.53,B,0,52,100.0,49.0,68.0
Female,24.0,Business,83.08,49.06,89.22,95.86,76.62,2.0,68.17,94.64,F,0,44,79.0,77.0,18.0
Female,19.0,CS,58.14,88.38,51.43,52.84,88.67,2.67,98.61,70.85,F,1,49,88.0,73.0,68.0
Male,22.0,Computer Science,86.72,67.64,56.3,58.14,62.89,8.69,74.2,87.48,B,1,20,53.0,83.0,35.0
Male,20.0,Mathematics,86.35,44.52,57.75,65.41,87.33,7.7,85.98,61.66,A,0,21,62.0,56.0,38.0
Male,21.0,CS,71.25,83.14,70.48,53.94,78.36,0.02,73.85,91.56,B,0,51,99.0,76.0,99.0
Female,18.0,BUSINESS,96.24,57.51,48.03,77.34,71.21,8.74,68.58,67.09,A,0,51,65.0,48.0,63.0
Female,21.0,CS,55.45,42.93,63.12,88.66,98.53,0.79,89.82,73.2,B,0,28,51.0,56.0,69.0
Female,21.0,CS,63.37,94.17,50.93,97.5,74.69,6.55,92.42,94.57,F,0,62,100.0,88.0,77.0
Male,20.0,Engineering,53.16,68.99,55.89,84.93,82.87,,53.59,90.29,D,0,63,75.0,74.0,90.0
Female,22.0,CS,89.77,56.86,82.38,82.77,50.77,0.62,63.95,97.63,A,0,30,54.0,52.0,37.0
Female,20.0,Engineering,81.09,82.98,91.29,54.43,65.07,7.6,75.39,68.17,F,0,89,56.0,60.0,53.0
Female,18.0,Engineering,65.75,93.15,41.37,86.58,94.43,4.67,65.82,57.55,B,0,56,62.0,58.0,71.0
Male,24.0,CS,58.19,40.02,73.95,60.77,87.95,5.99,89.18,95.52,D,0,30,54.0,40.0,100.0
Male,20.0,CS,52.01,81.27,42.16,72.36,76.84,4.25,55.74,74.66,F,0,69,68.0,70.0,56.0
Female,19.0,CS,58.34,86.02,45.11,98.83,95.01,0.67,89.89,94.47,F,0,20,100.0,62.0,52.0
Female,21.0,CS,72.66,52.6,82.31,91.0,74.31,7.4,80.89,86.6,A,0,59,87.0,43.0,99.0
Female,22.0,Business,62.36,69.38,84.14,92.33,78.33,8.2,64.47,93.74,F,1,58,100.0,49.0,100.0
Male,23.0,Engineering,62.95,45.36,88.84,93.04,69.11,0.41,67.22,82.74,C,1,66,72.0,59.0,51.0
Male,18.0,CS,93.78,84.8,68.45,80.98,81.0,3.76,59.14,90.62,A,0,73,60.0,58.0,53.0
Male,23.0, engineering ,75.76,90.85,91.59,71.26,65.95,5.57,62.63,56.02,F,1,79,44.0,36.0,53.0
Female,21.0,CS,86.46,46.49,50.01,67.95,,6.05,85.86,98.41,B,0,62,57.0,68.0,81.0
Male,20.0,CS,51.79,88.99,54.98,87.09,98.32,5.78,68.79,59.05,D,0,89,93.0,72.0,68.0
Female,23.0,CS,68.26,86.29,48.07,63.98,55.57,6.93,84.37,51.23,C,0,76,87.0,84.0,78.0
Female,19.0,Business,73.96,60.81,87.85,79.5,55.26,9.67,75.71,76.54,D,0,30,100.0,64.0,48.0
Male,20.0,Mathematics,59.32,81.42,53.72,64.1,52.17,3.91,57.26,85.6,C,0,22,98.0,92.0,67.0
Female,21.0,Business,56.01,40.0,49.33,55.6,66.0,5.57,74.95,85.82,F,0,100,88.0,80.0,58.0
Male,23.0,CS,93.52,95.91,77.39,78.38,69.91,6.99,87.82,66.96,A,0,69,94.0,90.0,100.0
Female,24.0,CS,96.97,73.02,44.62,67.67,54.73,5.92,64.88,87.69,A,0,91,74.0,88.0,31.0
 FEMALE ,18.0,Engineering,58.79,77.22,42.69,79.16,77.46,3.87,82.4,92.13,A,1,61,45.0,51.0,49.0
Male,23.0,Business,67.45,79.88,46.4,77.93,79.17,6.24,59.95,80.5,A,0,63,70.0,58.0,75.0
Female,24.0,Mathematics,97.91,73.68,40.01,77.11,87.55,6.5,56.78,69.3,A,0,52,33.0,36.0,53.0
Female,24.0,CS,54.16,91.41,81.82,56.17,98.8,5.85,68.01,80.68,F,0,81,76.0,55.0,76.0
Female,23.0,CS,82.18,76.58,,72.01,80.97,2.05,69.46,93.11,D,1,26,84.0,23.0,83.0
Female,22.0, engineering ,98.61,94.47,,90.6,55.58,5.06,88.05,95.02,A,0,78,17.0,10.0,83.0
Female,23.0,Business,98.91,74.94,53.98,65.76,54.43,8.84,73.0,51.58,A,1,51,77.0,95.0,87.0
Female,21.0,Business,73.56,50.27,88.66,72.19,88.88,8.69,54.06,56.12,F,0,23,52.0,48.0,50.0
Female,24.0,Engineering,58.14,94.81,70.11,74.69,82.52,7.51,81.7,50.23,D,0,46,44.0,80.0,64.0
Female,18.0,Mathematics,60.1,80.9,81.91,93.14,58.1,6.97,73.46,74.62,A,0,35,34.0,78.0,36.0
Male,21.0, engineering ,94.48,81.95,67.17,82.78,62.67,1.53,66.58,71.82,A,0,28,61.0,64.0,68.0
Male,19.0,Mathematics,95.58,99.13,54.26,55.01,87.51,4.59,90.11,77.29,B,1,80,86.0,80.0,40.0
Female,20.0,Mathematics,80.39,44.51,98.22,93.26,78.31,1.11,57.72,84.18,B,1,33,100.0,59.0,86.0
Female,23.0,Business,93.75,65.72,73.94,91.6,79.25,8.17,95.66,68.29,A,0,42,43.0,74.0,78.0
Male,22.0,CS,87.0,54.35,47.86,87.68,60.5,2.91,66.7,60.43,A,0,24,73.0,45.0,92.0
Female,18.0,CS,83.09,77.83,64.37,73.3,81.45,7.67,73.05,69.74,B,0,97,68.0,67.0,100.0
Male,22.0,Engineering,91.36,88.41,59.76,87.88,88.53,8.15,96.46,50.45,A,0,33,69.0,34.0,85.0
Male,22.0,Engineering,84.27,97.98,52.85,73.94,94.26,8.92,88.06,91.47,D,0,80,73.0,76.0,85.0
Male,22.0,Business,76.7,67.28,96.01,86.83,86.84,7.54,53.72,69.19,D,1,22,81.0,66.0,60.0
Female,23.0,CS,61.85,87.17,92.86,94.01,78.82,5.65,78.91,81.14,F,0,37,71.0,74.0,45.0
Female,18.0,CS,87.19,95.02,51.95,94.53,83.66,5.98,65.52,66.24,A,1,75,99.0,68.0,97.0
Female,18.0,Business,73.67,81.0,61.13,72.73,74.26,3.21,75.42,80.74,A,0,57,59.0,88.0,55.0
Male,24.0,CS,64.74,54.56,85.74,92.97,61.34,1.77,87.15,77.02,B,1,72,66.0,72.0,9.0
Male,22.0,CS,90.1,76.47,52.51,84.55,94.11,1.31,74.81,60.43,A,1,73,61.0,100.0,60.0
Male,24.0,CS,84.84,98.2,75.49,55.09,76.63,1.82,53.55,81.27,C,0,100,90.0,71.0,56.0
Female,24.0,Engineering,96.87,99.25,81.99,77.41,79.72,9.34,76.5,55.48,A,0,100,91.0,97.0,71.0
Male,20.0,CS,58.27,78.54,79.24,82.59,99.51,1.64,51.21,74.05,D,0,17,67.0,68.0,59.0
Male,23.0,Business,81.84,93.22,82.38,57.65,99.25,7.24,67.42,85.99,F,1,65,86.0,70.0,100.0
Female,23.0,Engineering,62.21,52.02,82.4,73.61,79.32,1.85,73.9,77.45,F,0,91,76.0,94.0,83.0
Male,,Mathematics,95.18,54.76,97.89,54.72,51.7,9.75,82.23,87.31,A,0,23,69.0,35.0,64.0
Male,24.0,Engineering,54.97,97.17,60.79,80.1,69.81,3.67,75.31,63.66,D,0,38,87.0,30.0,71.0
Female,23.0,CS,82.81,48.11,92.72,92.75,96.86,4.12,57.6,52.44,F,0,45,69.0,52.0,26.0
Female,22.0,CS,89.55,51.47,41.31,86.88,64.42,4.05,96.61,52.8,A,1,38,100.0,71.0,60.0
Male,19.0,CS,67.75,65.23,57.29,68.91,99.96,8.16,82.51,63.44,B,0,84,96.0,73.0,59.0
Female,22.0,Engineering,97.71,75.38,42.92,99.69,54.22,2.18,65.85,70.38,A,1,30,71.0,50.0,74.0
Male,18.0,CS,92.54,76.23,79.07,83.15,78.41,8.31,98.3,76.88,A,1,27,58.0,51.0,69.0
Female,23.0,CS,64.73,57.52,46.05,90.76,75.77,6.57,94.13,87.88,D,0,67,93.0,58.0,81.0
Male,23.0,Engineering,50.38,95.24,90.74,83.48,62.77,2.2,57.17,91.98,C,1,56,61.0,79.0,91.0
Female,21.0,CS,64.83,94.91,78.8,99.47,97.43,0.65,82.77,84.68,B,1,62,94.0,98.0,60.0
Male,24.0,CS,64.07,63.52,41.73,91.07,80.96,7.75,,73.16,A,0,8,52.0,81.0,54.0
Female,19.0,Business,94.5,66.06,82.89,75.97,61.51,2.19,59.64,63.22,A,1,33,97.0,25.0,58.0
Female,23.0,Mathematics,98.36,82.15,91.72,68.34,69.2,8.89,61.67,71.39,A,1,77,81.0,70.0,89.0
Female,21.0,CS,53.52,79.78,79.67,84.11,86.06,1.3,78.19,63.67,D,0,69,93.0,73.0,88.0
Female,21.0,CS,73.56,62.94,41.83,79.51,64.88,6.16,66.06,81.22,A,0,87,18.3,28.81,75.15
Female,19.0,Math,77.42,64.85,91.48,81.47,93.98,,91.74,90.91,C,0,49,100.0,57.0,49.0
Female,22.0,CS,54.65,60.88,83.95,67.15,58.28,6.58,54.89,75.91,D,0,85,65.0,82.0,53.0
Female,22.0,Mathematics,68.87,54.12,62.71,71.44,63.23,3.16,95.7,52.29,B,0,48,96.0,71.0,54.0
Male,22.0,CS,65.85,67.49,59.72,77.9,57.24,8.76,92.03,96.99,D,1,49,49.0,88.0,87.0
Male,20.0,Business,76.8,81.19,68.79,91.96,55.21,7.7,86.93,64.71,B,1,52,17.0,53.0,100.0
Female,24.0,CS,83.06,84.52,92.03,88.15,65.02,5.1,63.13,95.73,D,0,33,71.0,69.0,54.0
Female,24.0,Mathematics,85.17,86.73,55.12,94.3,99.96,6.03,85.75,90.65,A,0,57,94.0,76.0,45.0
Male,22.0,CS,56.84,62.48,46.06,62.28,54.72,5.66,71.94,70.66,F,1,13,44.0,96.0,66.0
Male,19.0,Engineering,90.65,85.88,91.88,51.33,60.65,9.47,81.69,52.84,A,1,68,83.0,87.0,61.0
Female,20.0,CS,83.93,40.39,41.58,83.22,63.58,8.96,65.63,97.39,A,1,37,57.0,71.0,29.0
Male,24.0,CS,94.45,68.62,94.66,61.22,80.96,2.35,91.79,82.95,A,1,31,100.0,87.0,82.0
Male,22.0,Business,72.47,87.63,58.34,89.97,87.27,2.63,52.03,62.48,A,1,81,91.0,76.0,81.0
Female,20.0,Engineering,98.19,77.8,70.49,95.24,87.6,9.81,84.57,76.68,A,0,57,97.0,59.0,84.0
Female,19.0,Mathematics,70.88,68.44,47.94,69.59,50.43,2.37,91.43,81.77,D,1,71,92.0,80.0,88.0
Female,22.0,Engineering,71.92,78.68,94.14,78.16,82.59,9.53,82.32,61.33,B,1,17,72.0,84.0,72.0
Male,18.0,Business,69.06,94.42,84.99,85.3,81.54,6.5,59.6,54.68,C,0,44,77.0,59.0,77.0
Female,23.0,Engineering,96.64,73.98,95.45,97.65,75.88,0.5,64.25,63.37,A,0,30,17.0,33.0,9.0
Female,19.0,Mathematics,50.15,87.99,80.99,95.65,68.96,3.36,75.75,52.38,F,0,19,78.0,74.0,65.0
Male,,Mathematics,96.41,98.84,51.08,52.86,89.87,4.76,66.47,53.5,A,0,43,100.0,54.0,51.0
Female,21.0,CS,89.85,82.33,58.5,62.41,67.19,8.33,50.25,57.83,A,0,84,17.0,67.0,51.0
Male,19.0,Business,80.46,74.4,69.21,52.46,61.5,3.29,52.03,57.92,F,0,92,54.0,74.0,85.0
Male,21.0,Business,55.79,42.25,76.44,80.83,65.5,3.11,88.39,62.4,D,1,69,73.0,99.0,31.0
Male,24.0,CS,64.57,62.47,95.59,85.52,71.98,9.2,54.19,96.87,F,0,14,66.0,72.0,61.0
Male,19.0,Engineering,98.44,73.93,63.04,93.34,60.7,0.79,96.4,78.79,A,0,42,79.0,68.0,32.0
Male,18.0,CS,65.97,87.83,82.18,92.69,80.38,5.52,72.14,71.13,C,0,64,81.0,82.0,92.0
Male,19.0,Business,54.66,66.29,97.66,72.64,94.21,5.04,87.91,78.19,F,1,22,86.0,55.0,44.0
Female,22.0,CS,85.38,97.6,49.14,99.92,79.77,0.57,56.28,50.29,A,1,49,63.0,75.0,82.0
Female,22.0,CS,,56.31,91.76,50.02,72.33,0.88,96.33,94.74,A,1,30,54.0,52.0,11.0
Female,20.0,Engineering,68.59,84.67,65.24,55.47,89.84,3.82,51.69,76.62,D,1,51,80.0,44.0,56.0
Male,21.0,Engineering,64.88,65.14,83.95,65.09,87.4,1.34,52.11,72.58,A,1,41,67.0,85.0,70.0
Female,23.0,Business,73.44,69.16,57.61,51.28,68.35,4.78,52.73,97.08,C,1,95,73.0,68.0,58.0
Male,21.0,Mathematics,51.09,88.15,60.04,89.12,80.21,6.09,55.17,86.52,D,0,44,100.0,68.0,69.0
Female,24.0,Engineering,89.47,57.77,41.63,52.64,86.49,6.91,74.34,66.87,A,0,40,100.0,82.0,85.0
Male,19.0,CS,65.85,45.81,98.28,87.45,62.27,5.46,89.41,96.81,F,1,33,86.0,52.0,74.0
Female,23.0,Business,92.69,71.22,88.81,52.63,68.31,3.8,64.25,92.6,A,1,35,64.0,62.0,56.0
Male,23.0,Engineering,90.13,71.73,45.64,62.64,55.29,1.3,87.29,97.73,B,0,21,87.0,74.0,51.0
Female,21.0,Engineering,83.07,87.83,99.97,83.15,99.38,2.47,88.7,54.81,A,0,19,62.0,55.0,58.0
Male,23.0,CS,66.24,98.1,76.3,84.78,54.29,4.19,95.41,97.76,C,1,25,96.0,100.0,81.0
Female,23.0,Engineering,75.82,43.32,91.22,70.73,58.43,9.24,57.47,77.14,A,1,61,48.0,63.0,68.0
Male,22.0,CS,72.24,75.5,44.0,98.5,73.99,2.03,56.78,83.61,B,0,28,93.0,48.0,95.0
Female,18.0,Business,66.94,80.88,63.37,81.34,93.26,4.13,56.1,60.61,F,0,19,70.0,42.0,91.0
Female,19.0,Engineering,92.41,99.15,80.18,70.79,67.79,7.32,67.97,57.02,B,0,34,79.0,96.0,51.0
Female,21.0,Business,74.18,96.56,46.39,90.14,88.43,7.05,74.47,53.97,D,1,81,90.0,81.0,65.0
Male,22.0,Engineering,76.46,82.75,69.33,64.77,83.8,9.66,73.08,71.12,D,0,81,57.0,51.0,46.0
Male,24.0,CS,55.26,71.31,66.56,88.18,81.93,1.91,62.85,61.07,C,0,62,94.0,48.0,72.0
Male,24.0,Business,57.05,49.69,52.96,82.83,92.25,0.17,81.1,54.08,D,1,45,55.0,58.0,62.0
Male,20.0,Engineering,91.57,63.05,58.02,69.52,50.71,3.22,66.91,97.75,F,0,45,20.0,34.0,71.0
Male,23.0,CS,56.03,75.11,98.03,56.8,96.46,1.5,68.3,86.67,F,0,75,81.0,46.0,67.0
Female,23.0,Engineering,75.49,83.51,57.32,60.22,91.46,5.48,55.28,75.89,D,0,69,54.0,52.0,50.0
Male,21.0,CS,76.16,78.12,52.81,89.39,96.89,8.99,79.61,87.17,A,0,43,54.0,71.0,75.0
Female,18.0,BUSINESS,60.76,82.85,72.17,83.8,89.68,6.88,82.76,80.57,F,1,25,63.0,50.0,52.0
Female,18.0,Engineering,85.94,65.75,80.26,70.59,93.93,1.36,87.9,58.9,B,1,64,70.0,57.0,76.0
Male,21.0,Business,54.24,83.66,83.51,94.81,60.15,1.16,95.2,81.67,F,0,36,85.0,84.0,100.0
Female,21.0,CS,78.67,48.62,,70.54,65.96,9.11,88.3,84.05,B,0,18,77.0,76.0,89.0
Male,22.0,Computer Science,78.54,49.76,42.21,56.9,65.76,4.88,61.79,61.87,B,1,46,84.0,73.0,48.0
Male,24.0,Mathematics,95.71,49.77,63.63,50.67,55.46,9.24,61.78,66.01,A,0,19,100.0,83.0,70.0
Male,21.0,Business,76.31,93.45,86.44,92.04,86.48,7.36,95.75,69.17,C,0,51,74.0,49.0,54.0
Female,24.0,CS,79.11,44.56,94.29,75.56,56.81,9.93,89.51,80.13,D,0,49,44.0,37.0,77.0
Male,20.0,CS,78.64,88.09,76.13,84.03,52.63,8.71,89.11,56.34,A,0,31,89.0,49.0,98.0
Male,24.0,CS,54.57,54.01,43.14,70.68,88.77,4.14,85.99,87.17,C,0,60,86.0,71.0,57.0
Male,22.0,Engineering,60.19,68.11,63.8,82.36,95.23,7.58,63.36,67.3,D,1,41,53.0,30.0,9.0
Female,23.0,Business,,94.96,44.45,62.88,88.21,4.71,92.37,84.59,C,1,61,90.0,70.0,62.0
Male,23.0,Business,81.38,75.16,84.91,71.74,91.27,2.33,57.14,96.64,D,0,29,72.0,87.0,78.0
Female,24.0,Engineering,54.23,52.61,43.81,60.48,79.78,2.41,67.5,93.49,C,0,34,58.0,47.0,32.0
Female,23.0,Business,73.47,57.05,51.14,51.91,94.39,3.97,67.32,86.88,C,1,30,69.0,95.0,30.0
Male,23.0,Engineering,96.65,95.23,65.02,79.43,74.84,1.11,78.01,59.67,B,1,13,47.0,15.0,88.0
Female,19.0,Computer Science,85.99,65.63,67.76,93.22,99.42,1.78,73.17,86.6,A,1,100,55.0,57.0,48.0
Female,20.0,Engineering,92.61,75.22,64.39,51.28,55.17,5.01,72.99,81.79,F,1,48,97.0,70.0,59.0
Male,22.0,Mathematics,61.21,67.6,,59.8,90.46,9.54,77.68,88.63,C,0,64,59.0,43.0,87.0
Male,22.0,BUSINESS,83.68,62.71,82.79,73.01,82.07,5.78,70.77,93.44,B,0,94,77.0,72.0,76.0
Male,23.0,Engineering,94.74,53.4,62.16,83.29,79.03,4.08,62.5,65.57,A,1,19,87.0,81.0,26.0
Female,18.0,Engineering,51.65,81.17,72.87,58.56,86.29,2.43,83.21,82.22,F,1,22,33.0,65.0,100.0
Male,22.0,Mathematics,90.62,83.09,58.2,52.83,92.01,1.96,89.53,63.76,B,1,77,74.0,90.0,34.0
Female,20.0,Engineering,72.86,56.49,61.22,75.95,93.14,6.58,73.95,67.31,F,0,28,66.0,60.0,9.0
Female,,CS,77.3,87.34,,90.94,58.77,8.48,82.47,76.03,B,0,64,75.0,67.0,47.0
Female,20.0,Mathematics,97.89,91.27,69.43,51.76,59.85,3.99,76.77,71.71,B,0,55,85.0,60.0,85.0
Female,23.0,Business,87.38,95.24,83.38,67.47,50.81,5.51,52.95,80.03,B,0,79,92.0,87.0,41.0
Female,23.0,CS,92.51,49.67,73.63,83.18,56.59,7.07,71.15,87.94,A,0,72,100.0,47.0,81.0
Male,19.0,Engineering,67.7,58.24,88.21,56.54,63.19,0.58,50.49,80.25,A,0,67,74.0,67.0,66.0
Male,24.0,Engineering,77.72,91.62,66.6,61.8,86.05,3.51,83.09,98.49,F,0,51,94.0,68.0,100.0
Female,22.0,CS,80.77,51.91,69.46,76.77,73.79,7.3,75.41,86.91,A,0,34,63.0,65.0,96.0
Female,24.0,Mathematics,66.08,40.21,80.2,97.66,87.9,6.85,56.34,99.25,A,1,74,74.0,94.0,56.0
Male,24.0, engineering ,78.51,,53.27,64.37,74.33,0.53,77.11,87.17,C,0,82,67.0,76.0,48.0
Male,22.0,Business,61.83,59.59,63.16,74.38,77.78,2.38,94.92,75.4,A,1,95,64.0,38.0,73.0
Female,22.0,CS,57.17,64.87,77.49,70.0,55.55,6.8,67.02,70.55,F,0,32,68.0,56.0,67.0
Female,23.0,Engineering,68.7,66.78,41.73,94.87,88.83,2.71,99.12,86.78,F,1,83,65.0,83.0,91.0
Male,22.0,CS,86.96,90.9,66.22,53.59,87.91,8.14,97.97,84.36,A,1,54,71.0,60.0,31.0
Male,18.0,Business,95.81,60.27,75.93,78.31,65.38,0.3,89.27,83.44,B,1,44,55.0,44.0,47.0
Female,18.0,Engineering,91.39,93.54,98.04,92.31,66.43,1.9,,86.09,B,1,34,59.0,38.0,52.0
Male,21.0,Engineering,82.14,77.02,92.62,88.46,60.98,2.81,70.53,93.61,C,0,17,49.0,62.0,43.0
Male,22.0,CS,55.15,71.64,56.84,84.94,90.69,,70.13,61.39,F,1,59,47.0,39.0,62.0
Female,19.0,CS,95.22,59.54,70.43,69.0,87.35,7.96,97.72,78.24,B,0,66,88.0,66.0,64.0
Female,21.0,Computer Science,78.43,54.62,43.38,70.59,80.46,8.84,68.31,80.17,F,1,37,58.0,93.0,61.0
Female,23.0,CS,89.02,77.44,54.45,67.58,61.94,4.4,54.84,64.64,B,1,34,94.0,89.0,41.0
Male,22.0,Engineering,89.72,66.81,86.49,95.14,58.59,8.23,57.64,99.4,A,1,34,93.0,71.0,36.0
Female,18.0, engineering ,62.82,94.63,47.4,86.97,52.51,8.53,85.52,89.28,A,0,83,70.0,53.0,81.0
Male,19.0,Engineering,76.46,69.5,55.46,90.97,52.28,4.0,69.15,66.06,F,0,34,63.0,52.0,96.0
Female,21.0,Engineering,98.02,70.71,96.64,71.67,59.36,9.94,59.97,67.92,A,0,72,77.0,52.0,55.0
Female,19.0,CS,54.48,65.0,89.43,85.84,55.03,8.51,90.69,85.91,D,1,20,60.0,63.0,42.0
Male,22.0,CS,84.15,87.36,86.91,95.81,77.81,9.74,74.43,50.57,A,0,69,100.0,16.0,100.0
Male,20.0,CS,98.11,65.49,91.87,96.04,67.9,8.66,78.38,73.2,A,1,24,91.0,100.0,82.0
Female,19.0,Business,65.03,56.16,84.98,85.2,72.25,7.76,57.7,67.16,A,0,44,87.0,55.0,29.0
Female,19.0,Engineering,93.07,91.72,47.24,81.85,79.7,9.44,59.64,92.7,A,0,53,30.0,62.0,9.0
Male,23.0,CS,96.68,75.81,70.99,76.58,82.96,4.2,56.29,89.56,B,1,97,46.0,100.0,82.0
Female,18.0,CS,87.35,75.49,66.65,59.16,82.41,7.83,75.73,66.6,A,1,26,86.0,61.0,38.0
Male,22.0,Business,61.57,76.65,58.67,81.79,63.04,2.13,88.78,93.24,A,0,44,66.0,60.0,68.0
Male,,Business,66.7,83.13,90.04,74.29,90.48,7.33,86.61,95.68,B,0,21,100.0,86.0,66.0
Female,22.0,Engineering,51.79,58.78,67.85,57.97,95.89,7.85,63.06,77.62,D,1,61,96.0,25.0,85.0
Male,,Engineering,91.57,42.03,43.62,78.85,65.8,7.17,92.58,57.96,A,1,100,50.0,64.0,87.0
Male,23.0,CS,92.48,88.64,56.5,82.29,50.85,8.5,55.28,88.52,B,1,51,83.0,48.0,77.0
Male,22.0,Mathematics,81.64,47.73,53.72,76.28,94.96,4.13,55.7,65.97,F,0,71,78.0,67.0,61.0
Female,24.0,Business,67.63,83.31,93.25,51.82,96.18,5.45,92.47,76.36,C,0,50,46.0,52.0,40.0
Male,18.0,CS,53.84,44.94,78.85,52.89,52.55,0.11,62.22,52.28,C,0,72,86.0,48.0,63.0
Female,18.0,Business,87.65,62.52,73.62,,50.25,1.46,85.41,75.0,A,0,51,87.0,66.0,51.0
Female,21.0,Business,86.33,43.78,70.4,57.68,90.82,6.44,50.45,69.01,A,0,27,73.0,73.0,45.0
Female,23.0,CS,95.63,71.33,79.01,99.49,65.07,5.62,54.68,84.3,B,0,66,94.0,74.0,67.0
Male,23.0,Engineering,86.53,79.19,85.29,67.22,95.73,1.97,80.46,52.04,A,0,24,78.0,74.0,67.0
Male,24.0,Computer Science,91.43,50.29,73.26,64.6,60.84,2.43,,81.25,B,0,57,64.0,82.0,57.0
Female,22.0,CS,87.3,62.3,96.3,52.61,93.06,3.44,51.41,88.6,A,0,12,39.0,33.0,64.0
 FEMALE ,20.0,Business,81.53,95.81,98.61,81.77,53.43,7.16,73.35,50.64,A,1,53,56.0,69.0,43.0
Male,24.0,CS,71.35,,99.72,82.61,63.03,6.1,66.53,87.5,A,0,62,62.0,72.0,78.0
Female,21.0,Business,95.11,88.15,80.16,58.77,98.66,0.7,90.11,56.51,A,1,39,53.0,94.0,79.0
Female,23.0,Mathematics,56.87,95.63,95.96,95.96,61.56,7.6,90.94,84.9,A,0,22,76.0,65.0,78.0
Male,18.0,CS,69.92,98.46,64.27,90.02,56.65,2.63,80.72,72.76,B,1,93,71.0,88.0,84.0
Female,23.0,Engineering,54.17,93.9,91.58,61.52,,6.72,64.65,77.6,F,1,36,100.0,49.0,100.0
Male,24.0,Business,56.1,59.04,94.55,74.29,55.89,1.23,73.08,66.87,B,1,15,47.0,31.0,87.0
Male,20.0,Business,77.19,97.75,94.25,72.92,54.87,9.98,85.11,62.27,D,0,74,40.0,52.0,69.0
Female,19.0,Business,63.78,88.74,89.85,67.43,66.17,0.8,53.47,53.55,B,0,50,85.0,82.0,88.0
Male,19.0,CS,61.06,90.23,64.4,,81.77,7.42,66.62,93.23,D,1,26,75.0,56.0,67.0
Male,,Engineering,76.37,40.91,49.53,55.46,85.54,5.41,91.12,80.52,C,1,17,82.0,57.0,55.0
Male,23.0,Engineering,58.49,97.25,60.04,70.77,94.06,0.86,,99.14,C,0,46,100.0,88.0,95.0
Female,,Mathematics,90.02,86.69,86.04,71.4,77.05,0.27,81.23,92.52,B,0,87,92.0,34.0,80.0
Female,23.0,CS,74.22,86.08,53.97,73.44,69.67,3.63,54.82,93.48,D,0,47,89.0,72.0,90.0
Female,20.0,Mathematics,78.69,44.89,68.7,81.77,67.94,8.02,88.85,79.89,C,0,46,100.0,64.0,51.0
Male,23.0,CS,57.37,53.95,73.92,60.91,92.35,0.41,55.02,54.05,F,1,22,41.0,32.0,79.0
Male,22.0,Mathematics,66.23,97.74,76.23,55.15,86.19,7.04,93.08,95.67,D,0,33,61.0,51.0,22.0
Female,24.0,Engineering,70.5,70.04,96.14,80.89,95.27,6.55,55.33,55.89,C,0,46,47.0,61.0,85.0
Female,,Engineering,69.02,63.87,79.69,58.69,98.2,2.66,94.54,75.86,A,1,58,58.0,38.0,59.0
Male,21.0,Engineering,88.51,90.4,87.18,53.75,,0.77,68.19,92.84,A,0,36,91.0,90.0,64.0
Female,22.0,CS,61.15,45.24,74.91,71.33,76.48,9.15,81.23,73.62,C,0,11,61.0,39.0,58.0
Female,22.0,CS,80.81,65.02,90.01,60.98,81.59,3.0,92.33,58.28,A,1,44,98.0,48.0,83.0
Female,24.0,CS,62.17,,55.82,68.06,58.19,1.11,50.51,68.66,D,1,47,70.0,41.0,35.0
Female,19.0,CS,99.41,60.99,52.59,62.99,52.67,6.82,63.28,99.42,A,1,51,86.0,59.0,83.0
Female,20.0,Computer Science,97.61,58.46,95.58,54.63,93.39,2.17,95.42,99.99,A,1,100,60.0,53.0,55.0
Male,24.0,Business,78.16,52.6,81.61,78.02,76.78,4.76,69.41,85.54,D,0,21,48.0,33.0,28.0
Female,22.0,Engineering,84.95,50.37,80.29,51.35,78.54,0.5,85.32,94.4,A,0,69,94.0,72.0,80.0
Female,21.0,CS,90.07,78.42,68.04,98.32,77.75,9.93,57.0,52.21,B,1,43,90.0,97.0,54.0
Male,24.0,Business,86.05,95.16,62.6,93.5,87.75,4.48,83.92,63.8,A,0,63,96.0,79.0,84.0
Male,19.0,Engineering,84.99,70.53,73.34,84.76,57.28,9.99,53.66,68.45,B,1,85,97.0,59.0,26.0
Male,22.0,Mathematics,90.48,57.88,47.23,90.52,80.7,3.86,85.87,50.6,C,0,35,85.0,80.0,84.0
Male,24.0,Engineering,79.82,49.55,67.28,63.96,73.47,3.48,66.19,68.85,C,0,47,89.0,98.0,52.0
Female,20.0,CS,81.82,89.81,67.32,87.44,94.85,9.15,73.29,54.65,C,0,14,88.0,41.0,56.0
Female,19.0,Engineering,92.46,98.29,72.3,91.62,75.98,3.29,58.31,75.87,A,1,92,56.0,33.0,59.0
Female,20.0,Engineering,83.49,60.95,78.08,62.07,97.15,4.32,81.39,50.22,F,0,80,17.0,83.0,92.0
Female,20.0,CS,86.65,57.46,97.44,99.62,67.66,0.78,66.88,63.52,B,1,59,67.0,45.0,97.0
Male,,CS,61.71,76.09,79.13,51.03,98.34,9.55,69.17,93.31,D,0,68,85.0,55.0,49.0
Male,24.0,CS,68.56,86.52,93.02,60.85,93.76,0.85,82.61,60.65,F,0,14,39.0,85.0,73.0
Female,19.0,CS,57.37,67.32,73.38,89.0,79.21,7.71,58.94,53.24,C,1,72,82.0,100.0,71.0
 FEMALE ,24.0,Engineering,75.29,77.8,77.62,59.71,67.69,5.39,,62.49,B,1,91,95.0,62.0,34.0
Female,24.0,Engineering,72.79,82.99,44.19,84.91,68.8,0.61,86.96,91.38,F,1,78,65.0,43.0,36.0
Female,24.0,CS,99.86,97.64,48.0,92.78,88.64,0.02,78.89,79.36,A,0,33,98.0,80.0,66.0
Male,22.0,Engineering,80.56,,74.78,97.96,79.03,9.36,56.42,79.3,B,1,41,57.0,50.0,51.0
Female,23.0,Engineering,89.32,99.84,63.74,,70.08,7.42,84.36,50.03,A,1,68,96.0,86.0,38.0
Male,18.0,CS,,63.53,87.93,66.9,81.8,6.86,50.9,73.61,F,0,15,68.0,61.0,67.0
Male,22.0,CS,91.58,83.39,72.59,70.58,86.66,4.39,90.22,63.28,A,1,39,40.0,79.0,67.0
Male,19.0,CS,80.75,74.34,92.94,60.91,51.15,2.39,65.19,66.81,A,0,25,48.0,43.0,89.0
Male,18.0,CS,84.85,69.2,98.34,75.7,54.49,6.8,55.86,79.93,A,0,51,46.0,65.0,75.0
Female,18.0,CS,64.72,81.88,48.86,82.49,54.72,6.08,58.22,93.72,A,1,70,30.99,75.0,67.0
 FEMALE ,18.0,CS,77.43,63.75,63.69,72.9,61.6,7.26,98.16,59.08,B,0,7,91.0,48.95,9.0
Female,23.0, engineering ,81.7,47.57,79.9,78.35,71.35,,88.69,88.41,C,1,57,80.0,75.0,88.72
Female,24.0,Engineering,79.45,69.33,58.33,70.82,90.18,9.87,61.89,52.45,D,0,72,60.0,70.0,46.0
Male,21.0,CS,95.12,71.31,56.02,76.24,67.55,0.67,98.17,66.34,F,1,19,96.0,86.0,66.0
Male,19.0,CS,94.91,52.11,88.82,97.63,50.87,0.8,57.01,60.95,A,1,55,100.0,49.0,96.0
Male,23.0,Engineering,98.55,96.14,98.82,74.99,74.17,9.17,86.68,95.78,A,0,65,85.0,68.0,61.0
Female,23.0,Business,83.37,53.65,86.43,62.66,99.83,6.48,82.84,58.9,B,0,54,97.0,83.0,55.0
Male,21.0,Business,98.6,64.55,71.42,87.94,67.45,3.26,91.07,78.93,A,0,72,84.0,67.0,100.0
Male,18.0,Engineering,91.62,49.3,66.55,81.27,98.06,7.62,69.08,58.24,A,0,51,100.0,63.0,91.0
Male,24.0,CS,63.54,72.15,72.38,90.81,55.07,4.53,70.09,73.67,B,0,53,50.0,55.0,61.0
Male,21.0,Computer Science,97.29,58.46,67.77,52.84,58.65,,81.23,70.67,D,1,29,100.0,78.0,37.0
Female,21.0,Business,61.92,69.36,70.17,66.61,86.21,6.51,69.91,52.07,D,0,13,75.0,62.0,97.0
Male,23.0,CS,50.21,53.48,52.21,54.72,75.06,2.43,52.07,91.29,F,0,14,92.0,48.0,95.0
Male,19.0,Math,59.4,43.23,94.22,54.27,88.26,1.15,86.49,89.01,F,1,67,17.0,91.0,82.0
Female,20.0,Engineering,50.2,,85.27,82.92,93.18,2.25,82.05,63.89,D,0,34,49.0,66.0,80.0
Female,24.0,Engineering,85.99,78.47,80.86,69.27,62.55,4.76,71.19,80.7,A,1,36,50.0,64.0,67.0
Female,21.0,CS,71.28,60.44,97.0,93.57,84.14,0.5,65.14,68.13,A,0,52,87.0,99.0,84.0
Male,24.0,Engineering,65.63,42.85,57.06,75.82,80.38,8.83,66.04,88.46,C,1,62,79.0,68.0,94.0
Male,21.0,Engineering,88.09,91.93,44.87,64.77,93.08,5.6,87.05,84.62,A,1,100,81.0,78.0,75.0
Male,18.0,Computer Science,79.29,50.19,89.57,86.04,71.51,2.93,86.46,54.52,D,0,99,89.0,60.0,100.0
Male,24.0,CS,98.76,95.84,99.91,63.81,52.59,6.87,90.95,92.21,A,0,32,86.0,65.0,94.0
Female,18.0,Business,82.1,68.72,74.71,89.98,78.71,8.04,88.11,58.97,B,0,42,72.0,88.0,97.0
Male,23.0,Engineering,73.08,60.42,43.53,71.46,97.94,6.14,87.9,58.71,D,0,65,78.0,45.0,73.0
Male,18.0,Engineering,65.26,84.51,86.83,58.35,50.73,2.02,62.59,86.69,A,0,20,53.0,57.0,71.0
Female,24.0,CS,61.12,92.61,44.42,83.52,62.01,1.1,55.08,59.16,D,0,36,86.0,100.0,69.0
Female,,Business,60.65,62.24,72.4,69.58,65.8,8.6,88.09,56.12,A,0,43,46.0,47.0,57.0
Female,24.0,Business,70.46,64.44,56.65,73.16,88.29,2.35,54.93,66.78,A,0,7,70.0,78.0,45.0
Male,21.0,Engineering,99.59,65.99,94.9,96.08,66.16,0.2,99.11,91.94,B,0,67,69.0,61.0,58.0
Male,18.0,Engineering,50.04,95.34,67.08,68.0,61.95,6.43,93.75,58.84,C,1,76,94.0,57.0,66.0
Male,19.0,Engineering,59.86,81.55,93.91,80.6,82.43,1.53,76.67,66.95,D,0,35,51.0,58.0,68.0
Male,22.0,Engineering,59.42,54.86,57.94,68.17,52.32,9.91,67.61,64.31,D,0,79,65.0,97.0,53.0
Male,23.0,CS,85.86,51.1,63.24,54.74,58.53,8.7,76.34,67.8,A,0,41,61.0,76.0,46.0
Female,20.0,Mathematics,79.54,53.82,96.83,72.68,70.4,6.08,86.72,85.71,F,0,51,39.0,71.0,38.0
Female,21.0,Engineering,72.86,55.81,52.08,79.85,67.78,8.34,87.82,70.27,B,1,63,74.0,66.0,47.0
Male,21.0,CS,57.43,53.81,74.71,70.38,67.36,4.71,53.68,87.98,D,0,25,55.0,55.0,63.0
Male,19.0,Engineering,70.25,79.51,63.31,69.53,55.43,7.88,90.24,82.02,D,0,44,81.0,52.0,96.0
Male,20.0,Business,55.16,46.96,86.45,91.02,68.04,6.47,82.07,68.05,C,0,24,60.0,71.0,39.0
 MALE ,20.0,CS,76.65,63.24,47.76,51.48,89.9,0.29,52.03,71.61,C,1,31,65.0,53.0,78.0
Male,23.0,CS,54.9,77.5,66.23,64.78,70.69,9.49,65.66,85.18,C,0,17,45.0,79.0,38.0
Female,23.0,Engineering,89.53,57.45,81.94,90.59,79.31,8.61,75.53,76.74,A,0,39,71.0,31.0,42.0
Female,22.0,CS,78.33,43.92,64.42,96.03,58.18,9.53,59.42,93.42,C,1,94,67.0,51.0,47.0
Female,21.0,Business,86.2,44.91,43.51,70.61,53.49,7.31,57.76,96.66,B,1,41,83.0,83.0,91.0
Male,18.0,CS,70.93,47.56,82.31,94.44,94.0,4.12,50.71,85.89,B,0,75,74.0,73.0,95.0
Male,23.0,Business,69.07,90.15,70.19,59.95,66.57,,95.58,99.46,A,0,33,63.0,100.0,95.0
Female,19.0,CS,54.91,79.47,40.68,61.07,67.52,1.8,52.81,79.83,D,0,64,94.0,88.0,47.0
Female,19.0,CS,76.19,43.87,76.76,96.4,93.88,1.45,68.3,51.99,A,1,21,64.0,36.0,76.0
Male,19.0,Business,75.73,63.46,95.19,95.16,85.39,2.21,60.29,75.24,B,1,7,60.0,61.0,56.0
Female,24.0,Engineering,73.41,56.72,46.66,61.14,87.81,5.51,87.05,61.5,C,0,28,75.0,63.0,66.0
Female,23.0,CS,87.03,74.68,75.44,52.97,84.1,6.84,85.36,66.69,B,0,59,89.0,88.0,74.0
Male,23.0,CS,64.43,71.37,83.72,90.34,55.29,3.14,90.31,74.5,D,0,66,74.0,55.0,47.0
Female,19.0,Engineering,87.54,68.87,44.25,63.07,97.9,5.49,,64.75,A,1,78,62.0,62.0,78.0
Female,23.0,Engineering,57.19,58.87,41.36,88.07,95.46,3.41,79.58,65.48,C,0,47,93.0,95.0,46.0
Female,24.0,Mathematics,81.1,48.27,67.85,,61.81,6.97,70.36,70.1,D,0,24,71.0,69.0,63.0
Male,18.0,Mathematics,54.02,,87.47,72.78,90.2,,81.82,64.32,F,0,20,85.0,87.0,57.0
Female,18.0,Engineering,108.0,92.79,49.64,79.21,70.47,6.89,55.76,58.48,C,0,25,78.0,62.0,61.0
Female,22.0,Engineering,69.09,96.65,90.2,94.51,84.19,0.59,84.23,88.28,B,0,46,67.0,84.0,46.0
Female,21.0,Engineering,56.62,43.52,79.39,,58.28,4.77,55.19,69.76,C,1,31,80.0,84.0,56.0
Male,18.0,Engineering,93.1,84.39,59.93,84.74,76.93,7.7,93.09,91.59,A,0,45,100.0,38.0,41.0
Male,22.0,CS,80.7,83.59,70.95,96.34,56.33,5.42,75.28,94.14,A,0,38,48.0,39.0,32.0
Female,20.0,CS,67.74,96.83,97.93,60.67,76.81,9.51,76.52,87.55,B,0,88,99.0,94.0,86.0
Male,21.0,CS,51.54,55.17,52.99,91.89,62.18,0.55,79.24,69.83,D,1,100,64.0,48.0,61.0
Female,18.0,CS,76.87,84.53,69.97,84.9,72.62,2.91,88.8,86.07,B,0,45,81.0,97.0,82.0
Male,24.0,CS,96.16,43.28,77.47,50.72,83.4,2.21,73.92,57.76,A,1,22,57.0,46.0,38.0
Male,20.0,Engineering,79.82,77.87,48.28,61.58,93.85,7.68,71.38,83.06,F,1,100,36.0,72.0,31.0
Female,22.0,Business,98.58,61.05,42.61,80.29,58.26,5.24,64.42,70.3,B,0,75,90.0,70.0,91.0
Female,18.0,Engineering,65.53,86.13,40.81,75.12,94.66,1.38,56.4,82.78,B,0,72,89.0,83.0,81.0
Female,18.0,CS,62.03,91.8,59.48,76.4,69.5,2.86,59.52,87.74,F,0,62,100.0,67.0,51.0
Male,23.0,CS,89.91,61.89,44.44,61.6,92.19,5.23,50.03,78.13,B,0,43,87.0,54.0,50.0
Female,20.0,Engineering,76.28,71.54,88.23,63.82,75.63,9.96,93.47,82.12,B,0,58,95.0,72.0,62.0
Male,18.0,CS,88.08,47.04,99.84,63.32,93.11,3.64,88.25,60.68,A,0,19,69.0,94.0,83.0
Male,19.0,Engineering,79.14,65.01,43.68,69.47,83.14,1.57,60.93,79.63,F,0,54,87.0,93.0,55.0
Female,24.0,Mathematics,80.59,61.65,,68.45,75.44,4.97,50.12,73.02,A,1,15,74.0,69.0,41.0
Male,23.0,Computer Science,86.44,50.99,41.54,83.6,65.63,3.1,74.61,71.4,B,1,87,50.0,80.0,47.0
Female,23.0,CS,88.06,93.67,48.04,54.51,98.45,5.66,70.63,70.52,A,0,16,60.0,59.0,71.0
Male,18.0,Engineering,88.54,48.89,59.38,60.28,90.04,4.67,88.8,65.55,A,1,56,67.0,100.0,81.0
Female,24.0,Mathematics,83.17,78.14,63.62,60.02,69.06,6.89,70.14,65.27,B,0,68,74.0,58.0,93.0
Male,23.0,Business,60.79,93.41,96.39,55.42,58.34,9.14,93.21,84.99,F,1,92,57.0,92.0,46.0
Male,21.0,Business,70.21,94.72,63.75,60.38,88.98,2.01,54.79,77.89,D,0,48,32.0,57.0,93.0
Female,20.0,CS,,87.59,69.78,80.35,99.5,8.21,68.29,51.5,A,0,27,100.0,83.0,89.0
Male,21.0,Mathematics,87.58,50.57,54.74,86.61,63.95,9.49,96.7,52.43,D,0,32,67.0,32.0,37.0
Female,22.0,CS,53.95,89.05,40.01,83.02,95.79,3.74,50.59,78.51,D,0,51,70.0,82.0,78.0
Male,21.0,CS,76.78,56.59,93.96,73.76,56.27,1.14,69.54,92.31,C,1,30,68.0,100.0,89.0
Male,24.0,Business,65.63,95.34,44.9,52.62,97.61,8.22,62.99,52.2,F,0,26,82.0,49.0,46.0
Male,19.0,Mathematics,61.27,82.55,97.85,97.95,87.27,7.01,76.59,75.36,B,0,53,82.0,72.0,34.0
Female,23.0,CS,75.29,87.12,47.85,58.4,67.33,,63.94,92.56,F,0,49,98.0,80.0,77.0
Female,24.0,CS,80.3,45.1,76.29,83.42,65.23,4.45,93.5,50.22,C,0,76,82.0,100.0,61.0
Female,23.0,CS,55.13,74.97,99.96,95.64,82.17,5.78,96.86,63.79,A,0,44,69.0,80.0,40.0
Female,19.0,Computer Science,89.01,89.27,48.31,84.89,79.68,1.7,92.46,96.0,A,0,26,58.0,48.0,49.0
Female,23.0,CS,90.99,91.7,65.44,60.9,95.95,7.15,69.93,54.07,B,1,51,69.0,87.0,34.0
Male,21.0,Mathematics,98.28,41.72,86.83,65.79,88.31,,99.5,80.35,A,0,31,40.0,67.0,31.0
Male,22.0,Engineering,59.03,96.35,,72.32,77.02,8.87,86.75,75.37,D,0,58,53.0,24.0,49.0
Female,18.0,Business,79.73,42.6,81.39,80.64,96.38,5.67,67.78,57.58,B,0,63,58.0,60.0,84.0
Male,19.0,Business,73.57,76.87,44.82,80.65,79.64,,54.68,52.12,F,0,47,95.0,89.0,89.0
Male,21.0,Engineering,66.74,81.6,54.19,86.28,92.48,6.19,83.35,75.13,F,0,38,36.0,64.0,57.0
Male,24.0,Business,78.28,46.44,49.6,50.55,92.05,2.74,86.43,86.76,A,0,70,82.0,70.0,57.0
Male,21.0,Engineering,89.12,42.88,94.44,90.89,95.96,7.59,56.12,58.86,B,1,100,71.0,72.0,89.0
Female,21.0,CS,51.15,87.09,50.83,86.94,53.38,6.62,77.49,84.57,F,0,29,55.0,100.0,62.0
Male,18.0,Engineering,98.47,63.08,42.43,57.04,79.19,8.39,99.35,77.32,A,0,62,69.0,68.0,49.0
Female,20.0,Engineering,90.49,46.43,75.26,67.38,73.42,,66.31,67.89,B,1,69,74.0,46.0,51.0
Female,23.0,Business,87.56,85.76,60.77,81.93,74.53,6.39,65.09,83.22,A,1,46,68.0,94.0,64.0
Male,23.0,Mathematics,88.02,90.95,64.34,74.79,73.0,1.61,95.17,59.6,A,0,57,72.0,90.0,35.0
Female,24.0,Engineering,69.45,75.24,47.14,55.75,91.87,9.19,55.87,72.85,B,0,64,78.0,29.0,38.0
Male,22.0,Business,87.58,49.67,84.89,54.37,65.92,3.67,96.68,77.47,A,1,78,49.0,93.0,83.0
Male,24.0,CS,69.34,40.91,76.09,,73.14,9.64,88.97,72.93,D,0,38,70.0,66.0,65.0
Male,20.0,Business,81.43,82.05,61.85,57.8,60.03,4.02,69.54,69.88,D,1,33,77.0,88.0,72.0
Female,23.0,CS,93.07,73.01,50.29,58.6,62.59,1.46,54.18,87.05,D,1,56,99.0,69.0,64.0
Female,22.0,CS,64.62,79.05,75.61,91.55,83.02,8.85,50.96,82.81,C,1,57,78.0,73.0,92.0
Female,24.0,CS,77.57,88.79,86.72,80.61,55.85,7.95,68.79,81.97,B,1,32,47.0,48.0,55.0
Male,22.0,Engineering,,66.05,58.74,80.24,59.39,7.86,85.27,94.59,B,0,98,89.0,76.0,71.0
Male,21.0,CS,71.21,,41.55,73.97,76.4,0.89,74.38,99.68,C,0,22,22.0,52.0,100.0
Male,19.0,Mathematics,74.62,96.4,52.86,95.38,52.19,8.79,86.93,78.36,B,0,15,94.0,56.0,35.0
Female,21.0,CS,92.82,72.72,80.94,80.09,56.35,5.96,83.53,67.41,A,0,34,59.0,37.0,39.0
Male,18.0,Mathematics,76.16,76.92,99.35,98.39,93.17,4.7,78.65,88.94,F,1,69,97.0,69.0,86.0
Male,23.0,Business,68.12,96.0,40.8,61.15,92.31,9.13,98.37,57.1,B,0,48,86.0,84.0,54.0
Female,22.0,CS,62.39,95.9,58.37,60.73,,6.66,86.42,75.65,F,0,9,100.0,48.0,42.0
Female,24.0,CS,70.43,74.33,43.72,52.86,67.4,1.33,95.73,76.23,D,0,34,72.0,57.0,85.0
Female,19.0,Business,75.79,57.86,58.98,82.91,96.83,5.2,62.11,99.17,A,1,92,90.0,72.0,79.0
Male,24.0,Engineering,87.31,99.83,64.35,77.45,51.29,6.37,85.68,99.55,A,0,58,44.0,57.0,81.0
Male,23.0,Engineering,56.05,80.85,,55.56,79.01,8.99,79.89,89.96,D,1,27,90.0,39.0,65.0
Male,22.0,Computer Science,61.08,64.51,44.83,68.23,79.87,2.8,96.21,73.65,D,0,29,24.0,55.0,92.0
Female,22.0,Engineering,68.98,73.59,86.63,58.93,89.39,7.94,75.52,77.36,A,0,75,56.0,48.0,88.0
Female,21.0,Math,55.65,64.95,63.73,66.57,97.59,8.0,63.98,65.99,A,0,32,56.0,79.0,100.0
Female,,CS,69.59,93.3,88.68,97.56,67.79,1.28,69.24,91.49,D,1,21,75.0,61.0,9.0
Female,19.0,Engineering,89.68,68.95,70.8,84.17,71.89,0.17,60.94,87.33,A,0,23,100.0,56.0,80.0
Male,23.0,CS,66.21,89.41,42.36,50.38,83.56,5.81,61.0,88.57,A,1,36,38.0,89.0,48.0
Male,22.0,Business,75.09,90.41,96.77,62.63,98.36,7.89,73.52,56.93,A,1,59,70.0,76.0,93.0
Male,19.0,Business,81.2,89.46,44.96,50.52,94.54,5.54,94.63,69.93,B,0,58,64.0,27.0,64.0
Male,19.0,CS,61.61,83.33,75.86,85.74,83.35,8.13,59.59,76.87,F,0,43,78.0,67.0,37.0
Male,24.0,CS,85.93,91.29,92.66,73.47,92.84,,64.39,56.23,A,0,84,100.0,24.0,24.0
Male,23.0,CS,,63.23,44.79,99.7,54.26,6.53,92.65,68.43,A,1,52,50.0,65.0,52.0
Male,21.0,Engineering,72.34,46.88,73.23,86.68,68.86,0.28,66.96,54.37,A,0,23,66.0,52.0,42.0
Male,24.0,Engineering,56.8,90.55,89.46,75.9,50.65,0.89,98.12,97.94,C,0,38,31.0,93.0,72.0
 FEMALE ,24.0,Mathematics,81.2,69.89,99.18,51.0,58.87,7.25,,87.56,A,1,46,60.0,56.0,54.0
Female,20.0,Engineering,94.16,47.64,83.46,85.24,81.52,7.63,72.11,81.04,A,0,81,76.0,83.0,71.0
Male,18.0,CS,78.05,46.92,56.7,62.19,94.28,5.42,54.78,60.24,B,1,92,59.0,83.0,71.0
Female,20.0,Business,80.46,49.55,81.97,76.51,81.64,5.9,99.61,66.71,C,0,65,52.0,90.0,87.0
Male,19.0,Engineering,89.45,85.06,82.35,77.8,83.21,6.14,94.51,57.22,F,0,44,50.0,96.0,19.0
Male,22.0,Engineering,90.88,82.65,82.0,72.56,55.19,1.05,90.88,76.81,A,0,80,62.0,45.0,40.0
Female,18.0,CS,80.08,52.23,91.26,58.96,83.24,6.68,57.87,91.03,C,1,29,100.0,87.0,93.0
Male,18.0,CS,87.66,90.82,45.24,61.17,72.72,4.78,98.47,50.95,B,1,57,93.0,60.0,84.0
Male,22.0,Mathematics,71.67,56.88,46.51,64.05,82.57,6.03,96.46,55.17,C,1,78,71.0,37.0,42.0
Male,18.0,Engineering,77.37,87.58,78.44,68.45,66.31,5.63,71.78,61.47,C,0,75,87.0,95.0,82.0
Male,22.0,CS,,69.33,97.23,95.85,79.07,7.63,84.08,85.7,F,0,47,85.0,60.0,71.0
Male,18.0,Engineering,54.49,83.89,,84.3,71.2,3.19,99.62,94.7,D,1,28,88.0,71.0,47.0
Male,24.0,Mathematics,91.47,62.88,97.63,84.48,77.93,3.74,70.49,87.65,A,1,71,83.0,74.0,68.0
Male,23.0,CS,52.98,60.83,96.29,78.62,57.35,3.92,55.65,76.25,C,1,33,50.0,68.0,39.0
Female,23.0,Engineering,58.47,90.48,94.17,84.47,69.79,7.62,93.39,55.26,D,0,67,84.0,58.0,64.0
Female,20.0,Mathematics,89.79,42.12,94.59,99.09,68.71,4.31,73.82,87.75,A,0,26,94.0,60.0,72.0
Male,24.0,CS,50.06,,93.9,69.26,86.82,1.77,99.35,55.28,F,1,34,47.0,51.0,79.0
Female,18.0,Business,76.27,78.89,89.19,85.63,85.32,9.83,77.54,67.38,D,1,42,74.0,63.0,95.0
Male,21.0,Engineering,99.51,65.95,81.7,67.98,95.44,4.93,51.47,65.4,D,1,32,87.0,80.0,87.0
Male,22.0,Engineering,79.77,77.68,41.46,50.78,81.6,1.09,74.59,67.96,C,0,70,73.0,31.0,62.0
Male,24.0,CS,87.8,47.36,47.94,92.9,65.73,6.7,85.9,66.48,D,0,88,73.0,33.0,81.0
Male,18.0,CS,75.3,70.84,48.05,95.11,89.16,7.39,51.3,88.46,F,0,64,100.0,50.0,100.0
Female,23.0,Engineering,75.47,99.11,41.41,50.27,74.85,5.0,70.67,58.59,D,0,90,68.0,100.0,51.0
Female,23.0,CS,86.27,54.12,47.0,64.91,59.67,6.46,57.78,92.29,A,0,59,61.0,69.0,96.0
Female,22.0,Engineering,74.93,83.34,95.18,56.7,87.37,1.73,82.15,92.91,C,1,61,97.0,75.0,79.0
Female,21.0,CS,80.42,66.1,79.83,72.7,56.63,3.68,97.87,74.55,C,0,39,80.0,67.0,71.0
Male,18.0,CS,94.89,79.15,58.72,74.77,58.91,1.62,81.23,55.31,A,0,82,100.0,65.0,63.0
Female,18.0,Mathematics,70.07,52.29,87.6,62.8,87.94,3.87,84.74,78.77,A,0,29,100.0,90.0,78.0
Male,21.0,Engineering,69.26,68.23,69.3,86.17,88.51,5.63,69.83,91.05,C,1,67,92.0,70.0,35.0
Male,21.0,Mathematics,50.18,98.81,48.53,63.49,89.54,4.43,78.16,64.47,F,0,30,71.0,10.0,89.0
Female,21.0,CS,80.67,51.72,93.07,92.69,64.67,5.93,77.19,91.89,B,1,44,60.0,89.0,74.0
Male,23.0,Engineering,51.49,78.19,60.32,58.88,93.33,5.02,87.98,83.85,F,0,28,84.0,78.0,42.0
 FEMALE ,22.0,CS,75.21,74.54,81.93,52.88,86.13,3.18,92.85,99.36,D,0,64,47.0,98.0,51.0
Female,24.0,Business,90.21,73.9,57.44,81.11,91.7,1.43,83.14,91.24,A,1,95,58.0,44.0,38.0
Female,21.0,Business,77.5,76.91,70.0,80.27,85.43,2.53,98.99,60.08,D,1,39,79.0,63.0,33.0
Female,22.0,CS,63.48,70.13,88.98,53.9,78.98,2.01,91.41,72.45,F,0,61,90.0,65.0,59.0
Female,20.0,Math,89.31,41.02,49.41,92.31,55.47,7.07,56.23,55.18,A,1,43,100.0,35.0,35.0
Male,18.0,CS,63.49,94.01,98.64,79.9,85.55,8.2,75.37,53.48,A,0,89,75.0,85.0,60.0
Female,18.0,Engineering,86.65,89.62,44.21,93.49,84.52,7.2,95.16,85.3,B,0,61,55.0,61.0,66.0
Female,19.0,Mathematics,80.51,50.45,72.04,93.38,65.62,6.44,97.2,95.65,F,0,81,100.0,86.0,81.0
Male,20.0,Business,58.5,64.8,94.96,77.3,86.79,3.08,69.01,98.68,D,1,45,67.0,67.0,35.0
Female,24.0,Mathematics,95.26,86.23,96.74,95.54,77.52,7.11,86.29,63.52,A,1,92,81.0,82.0,56.0
Female,21.0,CS,60.03,98.8,53.93,92.42,77.97,6.05,70.53,60.09,C,1,53,88.0,69.0,57.0
Male,21.0,CS,99.48,97.07,48.64,97.91,68.38,0.47,56.18,78.01,B,0,33,58.0,62.0,68.0
Male,24.0,CS,50.37,93.96,83.46,92.52,55.84,9.08,,60.04,D,0,42,81.0,98.0,99.0
Female,23.0,Engineering,63.17,49.5,42.52,91.06,60.85,0.8,96.6,64.8,B,0,77,43.0,74.0,51.0
Male,20.0,Business,59.99,94.87,69.11,73.47,88.44,5.03,75.24,91.86,C,0,77,93.0,44.0,88.0
Female,21.0,CS,50.7,92.71,87.78,60.6,63.57,5.13,50.92,90.52,D,0,50,68.0,76.0,50.0
Male,19.0,Engineering,86.62,62.62,73.62,95.54,50.11,8.37,90.8,94.75,B,0,76,80.0,66.0,91.0
Female,22.0,CS,84.67,63.67,51.28,86.13,99.85,9.13,73.85,74.11,B,0,44,90.0,79.0,55.0
Female,18.0,CS,89.62,67.59,69.22,64.09,60.53,9.4,53.75,78.2,A,0,69,30.0,26.0,49.0
Female,20.0,Engineering,62.83,79.37,95.28,67.05,82.77,5.7,59.47,88.53,F,0,100,50.0,92.0,43.0
Male,18.0,Engineering,94.39,55.65,,84.3,96.35,6.79,57.61,61.96,F,1,33,49.0,100.0,60.0
Female,22.0,Business,80.31,41.38,83.29,73.89,79.99,0.89,84.31,91.15,B,1,100,96.0,52.0,78.0
Male,20.0,CS,71.99,48.47,60.18,54.07,89.95,4.88,64.97,50.88,C,0,20,82.0,29.0,64.0
Female,22.0,Business,84.87,,51.31,57.07,98.82,8.98,56.38,89.88,C,0,25,70.0,93.0,81.0
Female,21.0,CS,81.7,56.92,55.34,91.84,93.02,4.56,,88.8,F,1,82,60.0,62.0,67.0
Female,24.0,CS,55.73,85.87,71.99,66.43,77.9,0.7,97.83,65.09,C,1,45,52.0,56.0,69.0
Female,21.0,Engineering,,46.4,56.81,75.38,68.19,2.01,56.93,86.4,A,0,18,90.0,34.0,62.0
Female,24.0,Business,60.25,95.05,72.52,88.33,74.12,4.3,61.51,60.7,D,0,62,86.0,95.0,88.0
Male,21.0,CS,82.79,93.72,82.47,87.56,92.09,2.38,79.61,78.81,D,0,11,81.0,85.0,45.0
Male,22.0,CS,57.75,94.53,84.06,58.35,92.67,3.92,57.53,85.03,F,0,76,17.0,20.0,58.0
Male,22.0,Engineering,63.4,84.38,49.88,54.92,92.29,3.33,57.93,85.73,D,0,88,24.0,83.0,59.0
Female,22.0,CS,69.66,46.42,85.03,79.56,79.86,3.19,66.83,99.15,A,0,27,89.0,35.0,61.0
Female,18.0,Business,64.0,66.29,80.36,87.08,73.85,0.91,97.46,59.1,A,0,59,77.0,66.0,60.0
Male,22.0,Business,61.39,47.88,40.72,57.45,65.57,8.83,98.12,74.04,A,1,41,83.0,44.0,86.0
Female,21.0,CS,90.27,99.26,43.53,68.6,50.17,6.93,92.09,94.01,A,1,94,96.0,63.0,76.0
Female,19.0,Engineering,81.91,59.98,78.77,93.51,88.22,6.23,84.79,78.08,C,0,86,19.0,65.0,41.0
Female,,Business,78.27,75.12,,97.21,63.85,6.06,86.03,93.82,A,0,67,77.0,42.0,97.0
Male,19.0,CS,61.3,86.76,48.77,72.7,66.48,3.97,73.48,71.7,F,0,66,63.0,60.0,43.0
Male,24.0,Engineering,95.9,95.24,42.66,53.98,92.17,8.23,76.51,89.77,A,1,71,66.0,54.0,62.0
Male,21.0,Computer Science,59.56,85.33,49.56,62.88,52.61,9.3,81.72,93.5,F,0,60,71.0,45.0,51.0
Male,22.0, engineering ,89.75,80.47,97.45,61.65,96.38,0.06,86.56,92.32,A,0,57,77.0,79.0,65.0
Male,18.0,CS,98.33,67.96,83.65,61.95,50.07,0.79,54.84,93.57,A,1,44,100.0,65.0,56.0
Female,18.0,Business,86.35,76.32,71.66,74.69,96.96,6.75,61.24,60.98,A,0,58,94.0,33.0,87.0
Female,24.0,CS,99.64,45.65,96.49,79.16,72.74,,98.15,71.95,A,0,35,62.0,58.0,73.0
Female,19.0,CS,82.55,93.04,77.15,56.13,55.11,9.12,66.76,58.73,D,1,71,61.0,100.0,84.0
Female,23.0,Business,60.87,72.63,83.54,94.47,83.71,6.67,63.42,59.03,F,1,71,59.0,62.0,40.0
Male,18.0,CS,60.19,42.41,56.96,81.0,94.79,3.68,71.1,74.39,D,0,18,91.0,69.0,59.0
Male,18.0,CS,,95.19,75.34,79.86,71.9,4.15,64.55,98.0,D,0,51,71.0,57.0,54.0
Female,18.0,CS,50.36,69.36,48.61,99.36,84.57,6.91,54.56,79.6,F,0,63,98.0,57.0,70.0
Male,21.0,CS,84.08,92.12,64.27,81.41,98.97,1.41,60.4,92.69,C,0,81,100.0,66.0,90.0
Female,18.0,Mathematics,63.43,91.41,41.99,96.45,62.04,8.83,82.01,96.86,A,0,50,76.0,42.0,75.0
Female,20.0,Business,90.76,88.95,53.0,64.31,91.02,0.05,61.16,54.33,A,1,39,64.0,50.0,45.0
Female,22.0,CS,67.96,43.68,44.49,62.01,64.76,9.79,82.38,58.1,C,1,50,87.0,70.0,48.0
Female,24.0,Business,74.0,54.82,63.27,75.83,71.32,1.68,55.0,64.54,F,0,18,79.0,32.0,52.0
Male,18.0,Engineering,98.28,92.53,90.58,75.43,64.09,7.42,52.09,80.84,A,0,82,36.0,74.0,55.0
Female,23.0,Mathematics,62.11,93.94,62.68,61.32,72.3,0.4,93.08,53.09,D,1,59,43.0,59.0,74.0
Male,23.0,CS,86.06,67.48,89.9,84.98,50.25,4.31,88.0,89.33,A,0,69,86.0,74.0,43.0
Female,18.0,Engineering,87.76,66.4,79.39,51.48,65.17,6.3,83.3,53.19,B,0,39,92.0,53.0,100.0
Female,18.0,Engineering,61.05,50.51,70.57,84.53,72.26,0.7,51.54,57.92,D,1,63,65.0,33.0,59.0
Female,20.0,Engineering,75.05,98.1,54.21,72.86,81.61,4.43,61.97,69.09,A,0,22,34.0,50.0,55.0
Female,18.0,Engineering,67.51,52.79,95.33,77.86,81.87,3.03,90.62,77.89,F,0,16,55.0,46.0,74.0
Male,18.0,CS,88.6,51.46,43.25,73.85,79.19,4.98,57.23,94.08,B,0,80,25.0,53.0,47.0
Female,22.0,Business,81.12,79.64,81.33,55.22,64.65,5.05,90.64,98.19,B,0,67,67.0,47.0,34.0
Male,23.0,Engineering,73.8,54.57,77.27,66.73,97.37,7.85,79.21,94.23,C,0,47,55.0,77.0,45.0
Female,20.0,Mathematics,88.97,96.33,66.46,99.13,69.6,1.24,87.02,55.35,B,1,44,75.0,83.0,98.0
Female,23.0,CS,61.76,40.65,54.42,53.25,60.84,0.83,82.23,81.56,D,1,56,100.0,71.0,100.0
Female,20.0,Engineering,87.68,40.35,65.84,84.19,77.73,4.02,70.85,72.09,A,1,14,60.0,70.0,100.0
Male,23.0,Mathematics,93.27,70.29,92.37,72.71,87.45,8.88,64.6,56.29,B,0,68,98.0,70.0,76.0
Female,18.0,Engineering,93.93,69.28,90.21,91.11,50.61,8.55,83.64,77.76,B,0,45,42.0,67.0,19.0
Female,23.0,Business,89.18,49.8,96.48,89.48,63.82,5.6,90.35,67.83,A,0,61,61.0,51.0,65.0
Female,23.0,Business,70.4,69.67,58.47,90.01,91.25,8.89,52.24,67.29,C,0,56,56.0,85.0,67.0
Female,20.0,CS,99.09,64.7,63.23,54.74,75.35,8.05,69.0,54.72,A,1,94,74.0,100.0,52.0
Female,24.0,Engineering,77.6,93.42,41.12,76.5,70.42,2.78,67.54,98.94,B,1,87,64.0,75.0,33.0
Male,19.0,CS,65.85,40.56,96.58,60.7,96.55,1.7,77.97,86.3,F,0,31,72.0,47.0,58.0
Male,20.0,Engineering,58.05,98.58,59.76,98.71,54.48,3.01,55.7,64.02,C,0,67,71.0,60.0,35.0
Female,20.0,Computer Science,99.02,77.46,64.25,60.89,80.78,2.27,96.67,95.87,B,0,40,87.0,48.0,73.0
Female,20.0,Business,,49.11,94.47,73.96,67.11,6.23,77.43,97.4,A,1,27,78.0,100.0,100.0
Male,21.0,Engineering,87.67,42.81,71.6,87.11,53.54,5.85,96.19,90.52,A,1,53,61.0,68.0,39.0
Female,24.0,Engineering,79.37,72.29,73.97,60.93,60.69,5.98,90.85,82.97,F,1,33,61.0,75.0,48.0
Male,,CS,88.17,54.09,50.57,55.65,81.4,1.89,59.58,68.82,A,0,44,78.0,58.0,83.0
Female,21.0,Mathematics,86.53,58.07,69.92,90.99,51.41,7.92,56.62,71.72,F,0,0,72.0,45.0,87.0
Female,20.0,Computer Science,83.59,54.71,95.09,99.19,79.61,4.34,93.06,72.75,B,1,45,53.0,69.0,77.0
Male,19.0,CS,64.6,79.01,73.52,80.04,97.84,4.72,76.81,97.44,D,0,81,67.0,65.0,65.0
Female,20.0,CS,76.57,73.21,55.31,84.55,89.75,9.97,50.99,88.01,B,1,23,59.0,65.0,9.0
Male,18.0,Mathematics,55.52,44.68,41.87,78.06,67.28,2.82,96.71,64.6,F,0,35,96.0,45.0,72.0
Male,19.0,Mathematics,73.58,,60.18,89.12,56.91,3.94,73.65,81.23,D,1,70,68.0,68.0,44.0
Male,21.0,Engineering,93.13,,,98.79,73.25,6.76,65.05,79.7,C,0,58,96.0,59.0,9.0
Female,23.0,Business,67.45,44.87,42.56,77.21,69.65,8.8,75.83,90.61,B,0,35,100.0,100.0,81.0
Male,23.0,CS,58.13,93.38,76.59,68.57,98.59,1.27,91.15,54.77,C,0,43,38.0,52.0,75.0
Male,24.0,Mathematics,61.5,74.7,71.4,93.02,99.49,7.35,55.51,85.06,C,1,20,49.0,82.0,32.0
Female,22.0,CS,53.83,97.04,87.01,98.49,70.53,9.18,67.95,66.56,C,1,20,78.0,100.0,48.0
Female,24.0,CS,96.0,48.89,41.73,56.46,57.44,4.23,65.94,56.48,B,0,21,87.0,53.0,71.0
Female,19.0,CS,76.52,99.61,86.85,,95.53,2.87,91.98,86.59,B,0,73,54.0,56.0,96.0
Female,21.0,Engineering,69.84,78.66,71.25,94.4,89.68,6.78,88.92,66.58,F,0,82,97.0,53.0,70.0
Female,19.0,Business,78.18,74.05,62.23,76.67,75.56,2.46,70.01,86.51,C,1,57,65.0,64.0,17.0
Female,19.0,Computer Science,81.41,70.92,97.92,70.46,68.27,3.84,83.22,58.12,F,0,36,61.0,35.0,49.0
Male,23.0,Mathematics,,41.42,49.61,82.76,72.41,8.97,69.72,99.3,C,0,44,86.0,74.0,91.0
Female,20.0,Engineering,58.93,96.38,72.48,63.51,95.09,5.9,78.57,90.17,F,1,34,79.0,68.0,63.0
Male,18.0,CS,64.78,78.64,59.26,67.46,59.23,0.95,99.56,64.46,B,1,57,35.0,93.0,64.0
Female,22.0,Engineering,98.79,45.5,71.65,99.61,90.34,3.3,76.78,87.03,A,0,44,73.0,56.0,96.0
Male,21.0,Engineering,86.58,41.26,73.14,81.82,50.91,6.27,99.43,56.79,B,0,50,83.0,90.0,69.0
Male,19.0,Business,51.13,43.05,45.37,93.65,96.03,4.81,87.36,82.67,C,0,61,78.0,62.0,89.0
Female,22.0,Engineering,57.38,76.56,79.67,90.39,75.01,6.6,56.04,52.98,D,1,59,59.0,76.0,57.0
Female,19.0,Engineering,51.32,76.84,78.07,82.61,61.34,7.61,89.8,66.67,D,0,20,69.0,45.0,99.0
Male,23.0,CS,99.5,69.98,86.17,92.04,50.14,4.81,58.06,98.92,B,1,53,94.0,79.0,76.0
Female,18.0,Engineering,63.94,58.41,45.44,64.36,77.98,9.87,76.62,56.05,A,0,76,100.0,54.0,90.0
Female,23.0,Mathematics,96.18,71.9,57.84,81.86,62.22,9.15,80.66,79.87,A,1,35,59.0,40.0,50.0
 MALE ,22.0,Computer Science,99.79,70.98,79.01,79.53,81.56,0.6,94.61,53.53,B,0,99,93.0,84.0,100.0
Male,21.0,Business,79.99,41.16,48.2,81.12,64.06,2.66,60.52,83.47,C,1,36,83.0,48.0,66.0
Male,19.0,Engineering,51.66,56.95,80.66,58.43,54.4,,93.8,63.93,F,1,44,57.0,82.0,63.0
Female,18.0,CS,93.8,43.19,43.54,63.86,75.25,1.84,96.72,65.5,C,0,20,61.0,10.0,19.0
Female,23.0,Mathematics,74.08,94.01,60.1,64.33,78.22,3.12,54.47,66.89,D,0,37,63.0,52.0,94.0
Female,22.0,Engineering,70.31,83.51,90.8,80.1,72.63,4.25,94.26,60.26,B,1,39,63.0,60.0,87.0
Female,23.0,CS,80.31,99.77,86.46,98.63,72.9,0.52,62.96,97.08,D,0,59,86.0,98.0,79.0
Male,19.0,CS,71.94,58.13,78.69,97.7,79.48,1.27,54.05,95.29,C,0,38,17.0,75.0,30.0
Female,19.0,CS,83.87,92.71,92.23,61.36,76.32,0.96,97.93,93.5,A,1,43,76.0,83.0,100.0
Male,21.0,Business,76.74,76.18,82.56,65.24,56.63,0.46,69.61,55.32,D,0,55,26.0,53.0,69.0
 FEMALE ,18.0,Engineering,,67.19,71.16,51.8,59.85,4.81,81.15,61.67,D,1,18,67.0,57.0,89.0
Female,20.0,Mathematics,59.97,53.35,98.78,,57.09,3.34,77.64,80.61,C,1,54,92.0,56.0,37.0
Male,23.0,CS,75.29,84.3,,91.73,84.66,9.35,60.66,98.52,C,0,35,72.0,77.0,77.0
Female,19.0,CS,61.49,94.25,76.08,95.79,76.43,1.03,83.48,80.24,B,1,100,57.0,67.0,64.0
Female,22.0,CS,55.37,54.12,64.53,61.82,71.49,9.26,52.31,66.36,F,0,62,71.0,62.0,85.0
Male,23.0,Engineering,56.98,50.52,94.14,63.29,89.92,0.87,60.15,90.87,D,0,42,58.0,71.0,45.0
Female,21.0,Mathematics,75.63,81.77,57.74,61.04,66.29,6.19,97.23,56.77,D,0,12,87.0,31.0,87.0
Male,21.0,Engineering,66.06,98.62,40.55,67.51,78.41,2.48,97.68,94.09,F,1,75,93.0,89.0,100.0
Male,19.0,CS,75.92,85.0,51.8,90.24,53.72,8.27,74.13,98.73,B,0,62,72.0,23.0,62.0
Male,19.0,Business,99.12,57.07,46.57,82.34,87.22,0.61,58.45,98.38,A,0,10,100.0,73.0,47.0
Male,19.0,Business,57.84,65.2,59.14,89.3,84.76,9.53,,57.38,C,0,64,66.0,64.0,46.0
Female,24.0,CS,77.04,63.06,89.55,66.68,90.12,0.47,93.85,77.48,F,0,34,23.0,55.0,84.0
Female,20.0,Business,54.94,91.13,79.09,62.89,94.22,2.41,53.51,79.25,C,0,61,71.0,55.0,100.0
Female,19.0,CS,65.92,86.28,50.14,61.4,87.9,4.64,56.39,59.75,F,0,60,89.0,79.0,69.0
Male,23.0,CS,57.97,75.34,87.33,50.45,92.22,7.56,94.78,77.34,A,1,42,61.0,96.0,52.0
Female,23.0,CS,97.33,56.5,70.25,89.05,67.28,9.51,70.77,82.33,A,0,24,60.0,66.0,38.0
Female,24.0,Engineering,69.56,,70.76,92.36,67.17,4.28,54.17,66.45,F,0,57,58.0,93.0,86.0
Female,24.0,Engineering,53.25,79.2,61.73,88.41,97.22,7.57,56.96,65.78,D,0,14,89.0,73.0,69.0
Female,18.0,CS,69.41,98.23,91.88,53.72,95.73,7.27,94.12,53.01,C,1,10,92.0,63.0,45.0
Male,22.0,CS,81.41,74.81,59.1,,77.42,5.71,74.51,97.84,C,0,67,83.0,96.0,40.0
Male,19.0,Business,61.5,89.27,45.65,52.29,68.33,6.91,58.15,90.18,A,0,64,66.0,86.0,82.0
Female,23.0,Math,80.9,88.79,58.16,55.28,93.3,0.38,94.7,87.97,F,1,77,100.0,53.0,100.0
Male,24.0,Business,53.37,60.24,82.92,72.02,66.17,4.42,92.26,51.09,D,0,16,64.0,71.0,26.0
Female,23.0,CS,73.24,97.84,79.45,73.81,57.68,7.86,51.15,81.22,C,1,57,48.0,81.0,79.0
Female,23.0,CS,80.47,41.32,51.28,90.81,81.97,4.74,79.05,59.03,B,0,61,76.0,85.0,96.0
Female,24.0,CS,71.09,86.12,46.71,83.98,52.13,8.74,62.22,83.09,D,1,42,35.0,43.0,62.0
Male,20.0,CS,50.96,97.93,79.65,56.61,,8.34,76.66,81.06,C,0,15,62.0,78.0,87.0
Female,24.0,Engineering,94.86,60.33,80.58,61.31,90.38,8.63,63.96,92.6,A,0,88,55.0,82.0,57.0
Male,24.0,Engineering,68.36,78.89,61.97,64.28,64.76,1.3,65.79,62.77,C,0,30,89.0,59.0,87.0
Male,22.0,Business,89.05,73.73,90.57,56.18,96.57,2.44,80.09,51.37,D,0,35,94.0,52.0,82.0
Female,24.0,Engineering,66.28,85.69,98.69,58.92,97.79,0.3,,95.71,F,1,67,87.0,47.0,47.0
Male,21.0,CS,73.75,91.97,52.34,,90.79,9.83,,95.43,B,0,38,99.0,83.0,98.0
Male,24.0,CS,69.42,76.18,74.62,62.07,99.38,2.36,55.38,72.79,C,0,51,57.0,86.0,39.0
Female,23.0,Engineering,67.13,88.95,40.32,91.77,76.54,3.67,98.47,53.9,A,0,13,69.0,35.0,30.0
Male,19.0,CS,51.09,58.74,82.78,73.48,78.46,2.75,58.73,74.9,F,0,28,78.0,49.0,37.0
Male,23.0,CS,68.0,53.72,64.86,66.15,91.81,0.4,,76.2,B,1,67,39.0,71.0,97.0
Female,22.0,CS,94.47,65.84,51.6,70.62,74.64,2.61,54.14,91.09,A,1,35,94.0,59.0,91.0
Female,21.0,CS,84.52,80.66,85.13,58.78,70.34,0.98,84.42,85.86,A,1,75,86.0,54.0,35.0
Male,24.0,CS,57.27,51.23,88.64,75.84,80.74,3.94,54.74,53.54,D,0,61,49.0,86.0,34.0
Female,20.0,Business,79.56,80.82,46.67,50.36,82.88,9.67,61.48,85.27,C,1,38,69.0,76.0,69.0
Female,,BUSINESS,94.61,63.65,42.46,96.12,87.54,6.98,82.35,56.79,A,1,11,93.0,69.0,42.0
Male,24.0,CS,85.0,87.73,60.04,53.3,83.41,7.07,64.15,54.47,F,1,41,98.0,57.0,23.0
Male,19.0,CS,57.43,42.21,77.56,96.93,87.29,4.53,76.64,69.93,D,0,62,51.0,72.0,65.0
Female,18.0,Business,67.52,80.08,87.61,73.3,83.73,8.11,56.23,53.87,C,0,72,34.0,75.0,66.0
Male,20.0,Computer Science,65.08,78.99,72.76,91.13,74.02,9.08,60.12,91.46,F,0,29,100.0,66.0,55.0
Female,22.0,CS,72.7,96.46,74.84,76.73,56.75,9.62,86.69,73.16,D,0,59,65.0,64.0,65.0
Female,22.0,CS,76.31,82.8,87.99,75.29,89.27,0.99,51.76,79.35,C,1,66,100.0,64.0,71.0
Male,20.0,CS,70.61,87.78,71.73,53.64,51.54,8.8,55.59,78.84,C,0,61,47.0,67.0,62.0
Male,23.0,Business,96.58,94.28,76.67,61.94,,2.25,,98.91,A,1,48,60.0,69.0,9.0
Female,20.0,Business,96.48,80.5,70.97,88.88,91.42,3.97,51.01,95.79,B,0,83,91.0,52.0,33.0
Female,24.0,CS,50.4,57.41,92.83,64.9,83.55,3.45,54.77,92.46,D,0,64,60.0,49.0,42.0
Female,19.0,CS,96.09,92.19,54.13,76.46,98.33,6.75,64.07,69.16,A,0,22,89.0,65.0,26.0
Female,21.0,CS,52.72,84.85,55.84,67.67,80.62,5.98,54.65,57.25,F,1,91,82.0,60.0,54.0
Male,24.0,CS,63.29,65.47,47.68,53.0,52.82,1.09,93.31,79.59,B,0,78,65.0,84.0,58.0
Female,24.0,Mathematics,75.75,82.63,89.17,84.11,77.97,7.83,53.3,72.02,C,0,32,40.0,100.0,90.0
Male,24.0,Engineering,74.0,92.06,64.71,63.92,63.86,4.4,93.05,61.28,F,1,30,99.0,76.0,52.0
Male,18.0,Engineering,80.24,98.54,60.87,52.75,68.47,0.02,91.14,54.88,F,0,36,52.0,82.0,82.0
Female,18.0,Business,73.97,97.14,98.88,83.29,72.98,,55.04,71.8,A,0,28,49.0,73.0,67.0
Male,22.0,Business,96.72,59.52,95.61,74.29,88.73,5.16,51.26,82.54,A,1,49,60.0,70.0,71.0
Male,24.0,Business,62.03,65.3,98.32,55.48,75.15,0.69,52.5,81.27,C,1,23,53.0,65.0,54.0
Female,23.0,CS,63.7,46.57,48.54,55.55,73.73,1.51,79.52,88.7,D,0,28,48.0,91.0,56.0
Male,22.0,CS,96.04,54.85,93.48,84.96,65.1,9.94,83.52,73.33,A,0,18,92.0,60.0,54.0
Male,19.0,Engineering,72.92,92.95,59.72,53.18,76.99,8.71,81.03,66.08,F,0,79,36.0,76.0,50.0
Female,20.0,CS,80.48,61.65,40.76,93.3,62.42,1.33,77.07,76.94,D,0,49,74.0,85.0,74.0
Female,18.0,Mathematics,84.09,77.23,63.48,65.57,,5.8,58.73,98.75,A,0,31,52.0,87.0,80.0
Female,,Engineering,75.28,79.96,70.55,54.43,87.86,3.79,92.05,52.25,D,0,100,72.0,66.0,34.0
Female,19.0,Mathematics,84.71,86.91,46.49,70.74,67.13,5.44,66.38,76.43,F,0,57,28.0,63.0,39.0
Female,22.0,CS,58.64,50.97,72.26,76.22,52.57,4.71,99.31,66.46,C,0,83,64.0,41.0,81.0
 FEMALE ,22.0,BUSINESS,92.63,58.29,89.17,65.33,67.18,0.48,69.24,55.27,A,1,79,89.0,79.0,90.0
Female,18.0,CS,57.0,,62.66,70.3,81.93,3.15,63.15,71.73,C,0,50,61.0,100.0,64.0
Male,22.0,Mathematics,70.04,61.89,61.16,51.07,90.7,1.26,94.71,82.06,D,0,53,63.0,81.0,38.0
Male,23.0,CS,,98.97,60.33,92.05,98.1,4.89,78.37,76.41,C,0,45,100.0,71.0,98.0
Female,22.0,Engineering,77.26,90.1,95.39,68.29,87.31,9.07,86.09,51.46,B,1,66,70.0,35.0,64.0
Male,21.0,Business,83.49,68.78,42.93,85.7,71.44,9.96,70.42,78.96,A,1,78,54.0,52.0,66.0
Male,20.0,Engineering,97.06,92.76,66.7,81.41,64.96,9.44,94.35,61.6,B,0,30,71.0,72.0,9.0
Female,22.0,Engineering,86.97,60.86,55.88,82.56,56.48,9.86,95.89,67.07,A,0,50,88.0,72.0,31.0
Male,21.0,Mathematics,,87.15,93.63,89.64,81.38,0.15,71.84,65.61,D,1,38,74.0,60.0,100.0
Female,19.0,Engineering,96.63,53.42,45.76,81.56,75.49,7.29,62.04,92.93,B,1,40,38.0,87.0,56.0
Male,22.0,Engineering,99.32,86.34,64.69,70.94,83.89,2.73,82.38,52.38,C,1,47,35.0,57.0,45.0
Female,23.0,CS,78.06,67.39,64.41,69.5,61.86,8.66,97.73,67.4,B,0,26,94.0,79.0,99.0
Male,19.0,Business,79.8,46.45,93.3,95.21,66.18,8.14,81.12,69.74,B,1,36,95.0,55.0,41.0
Male,24.0, engineering ,70.5,56.4,52.93,88.97,,4.24,97.71,80.94,C,0,57,100.0,62.0,76.0
Male,22.0,Engineering,91.92,64.14,78.69,88.06,89.88,4.73,67.19,89.45,A,0,15,64.0,42.0,88.0
Female,18.0,CS,59.26,84.96,48.06,,58.56,2.65,95.75,86.38,F,1,26,66.0,84.0,49.0
Male,21.0,Engineering,,44.38,97.24,93.13,80.42,,55.63,87.63,C,1,31,55.0,79.0,55.0
Male,21.0,CS,86.11,79.57,75.58,79.45,52.57,9.81,67.94,59.62,A,0,49,88.0,100.0,71.0
Female,18.0,CS,95.2,82.96,77.58,73.93,77.48,8.89,74.72,95.59,A,0,59,58.0,85.0,100.0
Female,20.0,Engineering,94.2,79.24,66.03,99.57,53.2,1.92,82.66,70.71,A,0,0,50.0,64.0,56.0
Male,24.0,Computer Science,75.44,85.64,60.54,69.14,58.79,2.76,64.71,50.56,D,1,78,19.0,66.0,37.0
Male,23.0,CS,82.19,50.69,52.76,82.03,55.65,1.09,96.21,83.4,C,0,25,68.0,32.0,62.0
Male,21.0,Engineering,69.71,75.23,76.24,54.49,67.34,9.89,95.17,80.2,C,1,81,86.0,62.0,97.0
Male,19.0,CS,73.41,96.47,97.27,,67.19,9.07,89.97,56.3,F,0,86,77.0,89.0,67.0
Female,23.0,Computer Science,95.31,76.65,61.59,99.67,91.32,5.52,55.72,97.99,B,1,47,86.0,74.0,78.0
Male,21.0,CS,96.54,76.68,92.99,85.83,61.28,6.93,53.91,78.08,A,0,98,68.0,89.0,57.0
Male,24.0,Engineering,94.77,84.19,48.93,77.34,54.32,7.48,74.91,73.46,A,0,33,48.0,49.0,73.0
Female,20.0,Engineering,56.92,59.99,96.17,76.65,80.18,2.04,88.27,69.91,D,1,76,100.0,87.0,40.0
Male,24.0,Business,80.23,82.03,61.03,65.62,84.37,9.35,56.16,60.49,F,0,73,84.0,100.0,48.0
Male,19.0,CS,97.42,94.97,62.78,97.87,64.74,5.27,82.07,97.64,A,1,85,79.0,87.0,57.0
Male,24.0,CS,68.06,40.65,67.77,96.41,80.14,0.92,76.39,85.11,B,1,57,51.0,62.0,68.0
Female,23.0,CS,75.93,92.21,83.09,84.12,88.8,3.97,86.3,78.38,C,0,15,42.0,37.0,66.0
Female,19.0,Engineering,88.95,53.12,83.18,54.95,67.38,6.02,71.77,81.56,A,1,93,91.0,64.0,27.0
Male,18.0,Mathematics,78.1,67.36,68.78,60.39,76.27,3.53,84.66,92.02,F,0,18,67.0,56.0,35.0
Male,22.0,CS,99.67,91.14,71.39,59.2,57.33,6.99,57.98,81.79,A,0,37,78.0,46.0,9.0
Female,18.0,CS,72.79,89.43,41.8,75.98,51.18,8.82,60.73,55.73,C,0,29,51.0,38.0,9.0
Male,23.0,CS,85.7,93.52,58.26,60.39,99.07,7.72,95.17,84.86,A,0,31,86.0,63.0,48.0
Male,22.0,Engineering,89.63,96.43,60.76,63.48,64.99,6.43,66.47,78.24,A,0,37,50.0,77.0,64.0
Female,18.0,Engineering,74.71,66.83,73.52,77.26,63.95,5.12,99.28,98.32,D,0,37,100.0,61.0,94.0
Female,22.0,Engineering,92.85,79.38,73.5,50.88,98.66,2.54,52.31,86.69,B,0,78,82.0,85.0,63.0
 FEMALE ,21.0,Business,77.31,63.43,82.59,87.2,86.41,4.55,74.79,67.2,B,0,38,82.0,100.0,96.0
Male,24.0,Engineering,70.58,61.04,83.02,59.44,79.26,2.93,66.25,56.77,F,0,38,88.0,95.0,92.0
Male,19.0,CS,55.39,65.9,54.11,91.24,84.97,9.34,99.8,74.11,C,0,45,47.0,64.0,61.0
Male,22.0,CS,69.67,84.58,86.21,67.75,85.5,9.07,99.5,83.97,C,0,45,67.0,85.0,61.0
Male,21.0,Engineering,86.7,70.09,41.18,66.93,88.17,1.56,61.76,58.86,A,1,6,56.0,53.0,37.0
Female,24.0,Engineering,96.06,88.84,82.97,50.59,53.36,8.23,63.36,82.47,B,1,69,30.81,93.0,53.0
Male,24.0,Engineering,62.58,84.71,46.12,99.39,70.64,,87.48,91.28,B,1,66,47.0,33.14,60.0
Male,20.0, engineering ,67.76,41.23,83.78,80.6,64.76,9.75,94.48,57.85,F,0,28,78.0,42.0,99.92
Female,18.0,Engineering,89.82,77.81,71.63,71.14,53.53,4.63,83.18,85.29,A,1,100,55.0,89.0,41.0
Female,20.0,Business,84.54,,66.24,54.83,70.63,7.22,93.24,53.41,A,0,31,58.0,81.0,66.0
Male,23.0,Engineering,98.01,67.4,81.44,84.96,80.81,5.18,53.16,50.4,A,0,36,79.0,55.0,91.0
Female,21.0,Business,82.05,89.1,42.18,64.14,58.92,0.69,82.03,51.63,A,0,16,40.0,49.0,64.0
Female,20.0,CS,80.85,72.86,53.41,99.41,65.25,0.47,85.01,81.58,D,1,98,47.0,48.0,37.0
Male,20.0,Engineering,77.67,93.14,,97.53,81.96,1.22,59.52,98.67,C,0,27,38.0,74.0,99.0
Male,24.0,Math,54.42,82.77,90.83,86.76,78.97,2.96,88.9,88.57,D,0,9,58.0,64.0,50.0
Male,21.0,CS,89.58,73.17,62.87,98.55,93.44,2.59,97.21,62.72,C,0,30,87.0,76.0,68.0
Male,24.0,BUSINESS,80.1,,55.53,55.28,89.56,7.28,94.9,53.58,C,0,69,56.0,80.0,72.0
Female,19.0,Business,83.07,42.3,71.12,58.81,98.28,7.16,62.25,80.83,C,0,35,59.0,69.0,100.0
Female,22.0,CS,94.94,41.63,77.34,62.66,79.86,9.71,66.2,50.16,A,0,61,97.0,68.0,100.0
Male,23.0,Engineering,89.2,45.0,65.21,53.6,84.92,3.1,74.98,89.63,A,1,68,59.0,98.0,95.0
Male,23.0,CS,89.05,66.25,92.6,98.61,93.03,9.38,57.92,62.16,A,0,83,44.0,55.0,71.0
Female,18.0,Mathematics,94.25,54.13,71.41,53.0,92.0,6.13,97.7,64.96,D,0,57,100.0,46.0,81.0
Male,24.0,Business,99.5,99.06,42.15,92.83,85.94,4.95,58.08,67.2,A,1,39,87.0,65.0,64.0
Male,22.0,CS,79.06,72.54,53.38,88.41,75.01,6.68,88.07,88.18,A,0,29,89.0,61.0,100.0
Male,18.0,CS,55.44,79.74,67.04,68.79,63.66,7.03,67.07,63.29,D,0,83,92.0,54.0,76.0
Male,23.0,Engineering,82.71,56.73,81.86,50.94,93.86,1.72,78.69,64.22,B,0,13,60.0,40.0,69.0
Female,22.0,CS,89.38,59.31,53.19,50.3,88.83,7.52,52.36,77.05,B,0,51,57.0,68.0,41.0
Male,20.0,CS,51.39,60.13,98.58,60.2,91.9,7.25,60.25,73.15,C,0,68,74.0,58.0,79.0
Female,19.0,Engineering,52.84,81.92,59.11,74.69,57.04,9.98,72.22,97.78,D,1,56,72.0,76.0,59.0
Male,20.0,CS,53.36,68.42,71.95,72.9,65.74,9.12,83.86,63.17,F,0,57,85.0,87.0,74.0
Male,19.0,CS,86.55,71.06,41.14,79.26,71.24,6.85,88.88,54.59,A,0,30,98.0,91.0,94.0
Female,24.0,Business,52.74,75.52,93.09,75.87,91.92,7.12,51.51,77.05,C,1,54,52.0,55.0,38.0
Male,21.0,Mathematics,68.44,86.13,87.33,68.87,94.64,9.46,57.62,59.23,C,1,44,74.0,68.0,41.0
Female,18.0,Business,55.28,45.42,51.73,70.19,64.24,9.67,86.49,70.68,D,0,33,81.0,34.0,53.0
Male,18.0,Business,64.48,86.61,95.99,90.0,84.32,8.27,90.65,59.36,A,0,84,62.0,85.0,62.0
Male,21.0,CS,66.05,73.79,,66.63,53.89,7.67,61.83,94.05,C,1,79,68.0,81.0,85.0
Male,22.0,CS,63.27,80.15,81.53,64.34,70.48,1.11,61.48,66.37,B,0,53,40.0,35.0,86.0
Male,21.0,CS,82.62,59.65,89.14,88.22,74.33,8.3,54.4,88.74,F,1,29,73.0,72.0,86.0
Male,24.0,Business,77.95,64.56,84.45,96.71,88.28,2.53,57.51,97.43,A,0,51,69.0,72.0,63.0
Female,23.0,Mathematics,68.12,53.87,95.05,95.75,94.6,5.64,50.4,97.03,B,1,98,43.0,56.0,69.0
Female,21.0,Business,82.07,98.76,91.86,56.87,66.86,4.05,79.49,76.24,F,1,64,69.0,72.0,44.0
Male,19.0,Business,90.33,69.82,99.68,54.99,76.39,3.46,95.19,99.16,F,0,21,92.0,72.0,80.0
Male,23.0,Engineering,89.74,99.76,50.96,54.64,82.37,3.1,57.48,82.8,A,1,64,70.0,59.0,67.0
Female,21.0,CS,61.47,69.39,58.29,98.05,66.43,8.55,87.57,56.42,C,0,55,78.0,100.0,72.0
Female,18.0,Engineering,57.94,53.19,78.17,60.76,99.28,7.69,78.68,94.42,F,0,29,80.0,96.0,90.0
Male,20.0,CS,89.12,70.45,83.98,59.87,93.79,5.23,97.0,73.43,A,0,65,30.0,31.0,43.0
Male,19.0,CS,85.39,42.38,72.08,94.44,64.82,6.64,89.91,57.63,B,0,33,66.0,64.0,92.0
Female,24.0,Engineering,59.13,94.29,44.44,98.39,75.4,9.85,92.64,89.57,C,0,39,45.0,52.0,58.0
Male,19.0,Engineering,55.81,89.11,90.5,84.88,61.54,3.98,81.96,81.22,C,1,85,43.0,96.0,80.0
Female,22.0,Engineering,91.92,83.55,97.65,56.05,,5.51,90.57,94.11,A,0,75,51.0,35.0,9.0
Male,20.0,Engineering,88.83,76.59,64.33,74.29,84.17,5.34,67.54,91.37,A,0,79,73.0,76.0,62.0
Female,19.0,CS,66.36,74.79,53.49,90.83,54.28,9.36,60.45,66.01,A,1,39,92.0,76.0,55.0
Female,21.0,Engineering,98.68,99.8,41.16,78.62,93.51,3.52,95.63,62.82,A,1,36,78.0,38.0,9.0
Male,19.0,Engineering,56.21,56.68,54.24,56.63,79.69,9.86,86.72,86.69,F,1,24,100.0,66.0,36.0
Female,19.0,CS,65.93,86.78,82.0,58.59,99.48,3.05,54.54,78.67,D,0,32,100.0,66.0,72.0
Male,19.0,Business,50.94,74.88,94.7,93.21,51.28,1.09,93.35,53.49,F,0,54,71.0,48.0,69.0
Male,22.0,Engineering,69.58,98.55,45.61,76.35,91.57,1.91,67.45,59.08,F,0,32,98.0,59.0,48.0
Male,19.0,Engineering,53.74,89.67,73.2,85.29,89.6,4.26,64.91,57.57,F,0,33,76.0,45.0,49.0
Male,,Business,73.76,99.91,81.73,68.65,56.64,6.5,81.17,79.49,A,1,81,95.0,90.0,76.0
Female,22.0,Business,,75.3,56.58,76.62,66.77,5.17,78.43,54.29,F,0,59,100.0,69.0,57.0
Male,23.0,BUSINESS,94.59,52.27,74.19,77.98,94.24,3.76,76.91,60.39,C,1,63,88.0,63.0,60.0
Male,,CS,52.27,70.22,82.91,66.49,75.92,5.62,62.74,77.27,C,0,19,79.0,54.0,52.0
Male,24.0,CS,68.08,82.67,90.26,83.74,70.06,8.39,97.99,56.65,F,0,43,70.0,40.0,68.0
Male,23.0,CS,87.82,86.46,67.15,58.63,95.27,8.39,97.51,62.41,A,1,48,46.0,49.0,25.0
Female,18.0,CS,68.45,40.03,84.87,56.09,54.67,7.26,50.21,95.34,C,0,34,86.0,75.0,48.0
Male,22.0,Mathematics,85.76,70.3,58.11,93.61,73.66,9.52,66.89,84.86,B,0,88,50.0,59.0,91.0
Female,22.0,Engineering,68.47,54.11,52.78,92.21,82.62,5.9,52.28,65.34,D,1,59,98.0,63.0,61.0
Female,19.0,CS,53.96,92.49,51.24,83.42,80.43,0.08,92.51,93.87,D,0,48,79.0,96.0,24.0
Female,19.0,CS,78.19,49.17,61.53,75.88,63.21,2.91,94.33,62.51,A,0,75,83.0,100.0,71.0
Male,24.0,CS,97.53,79.99,42.15,62.03,78.17,3.28,75.91,79.45,A,0,60,84.0,72.0,74.0
Male,18.0,Engineering,55.44,55.96,56.98,95.56,85.43,5.47,91.98,68.42,D,1,53,17.0,62.0,62.0
Male,19.0,Business,51.65,61.39,79.13,64.44,79.24,9.05,85.17,87.61,D,1,37,48.0,54.0,54.0
Male,21.0,Business,80.4,96.43,78.88,90.94,84.22,8.38,74.98,68.58,B,0,78,59.0,45.0,39.0
Female,19.0,Mathematics,97.45,54.43,44.41,64.3,62.8,2.32,68.19,62.44,A,0,50,99.0,62.0,76.0
Female,19.0,CS,99.49,45.7,57.24,96.97,91.64,5.19,63.31,80.39,B,0,56,52.0,28.0,89.0
Male,21.0,CS,74.21,44.16,74.17,95.72,72.48,6.59,62.97,87.27,A,0,40,48.0,38.0,68.0
Male,18.0,CS,73.4,70.28,59.11,52.16,99.36,9.88,78.1,76.82,D,1,51,40.0,65.0,70.0
Male,21.0,CS,82.25,78.5,65.08,88.52,51.16,0.31,58.34,85.81,B,0,25,34.0,61.0,84.0
Male,22.0,Mathematics,69.13,59.64,82.77,52.67,69.02,4.64,58.74,71.1,D,1,14,62.0,50.0,55.0
Male,21.0,Engineering,81.7,81.42,40.56,60.76,59.02,9.88,50.52,89.77,C,0,56,73.0,76.0,60.0
Male,20.0,Business,93.7,43.66,56.58,72.99,77.78,9.77,80.67,79.25,B,1,34,65.0,83.0,81.0
Male,22.0,Engineering,87.32,,48.54,78.82,62.16,3.31,99.72,59.81,A,1,87,80.0,70.0,21.0
Female,19.0,CS,74.84,88.99,47.66,62.18,86.87,0.0,94.46,94.54,B,0,29,92.0,27.0,39.0
Female,24.0,CS,73.09,99.13,97.54,78.77,94.09,5.87,85.28,91.84,F,0,30,88.0,66.0,100.0
Female,22.0,Engineering,81.98,96.19,62.59,58.53,60.54,8.67,89.28,98.2,F,1,86,45.0,40.0,72.0
Female,18.0,Business,72.79,61.37,71.63,,58.03,3.24,70.84,78.45,A,1,64,44.0,79.0,93.0
Male,18.0,CS,,63.96,84.03,78.56,93.77,9.34,64.9,83.79,B,0,48,43.0,27.0,91.0
Male,21.0,Business,50.82,84.76,42.85,75.87,68.06,3.33,68.43,93.18,F,0,71,41.0,79.0,54.0
Male,22.0,Business,58.7,48.04,54.46,97.38,71.73,6.1,54.07,52.63,D,0,29,76.0,50.0,61.0
Male,19.0,Engineering,74.43,58.84,89.93,82.49,61.05,7.22,81.69,95.61,B,1,51,67.0,82.0,68.0
Male,18.0,Business,91.13,47.11,91.72,94.87,71.27,3.45,58.74,63.56,A,0,24,40.0,35.0,27.0
Female,23.0,Engineering,63.94,67.29,62.38,72.97,61.57,3.52,88.14,52.85,A,0,68,79.0,68.0,100.0
Male,19.0,Engineering,76.13,73.12,62.49,50.42,83.3,4.7,59.5,61.88,A,0,70,91.0,35.0,64.0
Female,23.0,Business,67.25,52.67,85.41,52.73,74.94,8.35,61.41,79.32,F,1,100,83.0,82.0,60.0
Male,20.0,Mathematics,55.24,41.6,57.7,83.76,89.4,1.01,97.87,52.39,D,0,70,57.0,56.0,85.0
 FEMALE ,23.0,CS,97.91,83.16,47.03,76.07,65.64,6.31,55.27,50.04,A,0,70,93.0,65.0,77.0
Male,18.0,Engineering,92.73,41.2,55.45,84.47,75.28,,74.94,81.97,A,0,83,100.0,71.0,82.0
Female,21.0,CS,53.92,98.4,63.24,86.9,62.98,5.58,53.13,72.67,C,0,34,54.0,100.0,71.0
Male,20.0,CS,85.99,53.3,43.13,57.44,96.72,9.36,54.52,92.22,B,1,40,84.0,61.0,9.0
Male,22.0,Engineering,67.38,79.83,68.72,83.23,76.1,6.02,81.68,62.88,F,1,29,66.0,67.0,44.0
Male,19.0,Mathematics,99.74,66.09,84.4,62.26,58.67,6.35,81.54,64.04,A,1,93,72.0,60.0,68.0
Male,18.0,CS,65.12,43.58,70.82,72.82,63.64,6.0,59.66,53.88,D,1,56,63.0,78.0,54.0
Female,20.0,CS,52.1,68.33,44.31,74.58,54.15,7.22,93.62,76.93,F,0,70,77.0,63.0,71.0
Male,20.0,CS,,71.01,66.41,73.86,51.39,1.35,85.11,68.3,A,1,89,87.0,41.0,100.0
Female,18.0,Engineering,91.76,91.28,82.53,79.92,76.3,8.94,65.03,66.99,B,1,33,93.0,59.0,77.0
Male,22.0,CS,59.63,83.94,43.49,51.47,66.86,0.42,62.42,72.88,C,0,43,44.0,39.0,76.0
Female,22.0,CS,85.47,44.76,43.59,99.48,98.19,6.41,87.71,92.48,A,0,56,100.0,85.0,61.0
Male,21.0,Business,53.07,52.55,62.24,85.82,58.57,6.15,86.68,55.26,D,1,97,67.0,88.0,93.0
Male,24.0,CS,95.95,58.71,51.7,71.27,89.7,2.08,57.44,76.18,A,0,53,55.0,61.0,91.0
Female,23.0,Engineering,54.05,46.98,96.09,59.57,65.8,0.41,67.46,59.82,D,0,80,74.0,63.0,65.0
Male,22.0,Business,95.71,67.41,74.88,54.01,61.18,1.39,60.83,60.62,A,0,96,17.0,59.0,54.0
Male,21.0,CS,74.54,99.06,57.24,83.61,98.48,2.72,64.71,62.84,D,1,77,80.0,61.0,83.0
Female,23.0, engineering ,72.4,70.88,82.29,65.85,90.13,8.82,64.38,72.97,F,0,26,47.0,36.0,54.0
Male,20.0,Engineering,98.67,84.51,62.5,61.47,81.53,8.56,98.8,74.72,A,1,37,60.0,78.0,46.0
Female,18.0,Engineering,99.52,80.98,47.93,69.0,84.86,0.64,87.51,93.58,A,0,67,82.0,42.0,44.0
Male,22.0,Engineering,82.51,,54.23,85.91,99.57,2.89,89.0,94.61,A,1,79,86.0,62.0,45.0
Female,21.0,CS,56.36,52.94,78.56,73.12,79.66,8.89,63.87,79.33,F,0,24,60.0,63.0,61.0
Female,20.0,Business,75.31,85.23,43.11,82.26,55.1,2.37,50.03,64.07,B,1,80,94.0,61.0,38.0
Female,22.0,Business,76.46,92.88,56.36,54.02,53.24,9.96,52.91,90.92,C,0,8,35.0,54.0,47.0
Female,19.0,CS,75.72,50.29,52.5,60.94,83.33,2.57,77.65,89.64,F,0,38,91.0,61.0,35.0
Male,24.0,CS,78.47,60.81,52.07,81.84,82.88,7.39,64.27,89.9,B,0,50,47.0,85.0,34.0
Male,20.0,CS,50.94,98.21,80.97,55.06,87.41,4.17,59.65,50.82,D,0,89,40.0,10.0,76.0
Female,22.0,CS,85.56,86.85,89.55,77.4,55.44,1.36,52.48,87.69,A,1,49,75.0,81.0,51.0
Male,20.0,Engineering,85.62,56.96,82.95,79.2,97.25,2.55,93.79,92.64,B,0,29,100.0,26.0,36.0
Male,18.0,CS,55.77,73.84,78.74,60.81,77.56,6.75,80.01,80.25,C,0,96,73.0,95.0,91.0
Male,18.0,CS,,64.26,94.99,69.58,82.48,3.37,55.37,87.56,C,0,71,91.0,90.0,43.0
Female,24.0,Business,78.42,69.4,43.5,,51.74,6.04,88.32,88.81,A,0,41,63.0,87.0,57.0
Male,18.0,CS,84.12,61.31,50.05,57.42,98.05,2.06,87.79,75.33,F,0,44,96.0,78.0,41.0
Male,23.0,Business,54.27,56.76,64.86,86.0,78.13,4.49,64.47,90.68,D,1,72,84.0,66.0,38.0
Female,19.0,Business,81.33,80.49,62.35,96.64,78.17,5.12,59.42,89.61,C,1,85,92.0,100.0,71.0
Male,18.0,CS,64.04,86.71,65.08,64.56,97.18,4.13,90.7,95.81,D,1,40,58.0,66.0,78.0
Female,19.0,Business,75.35,92.44,52.39,86.26,96.47,1.98,66.48,96.07,D,0,53,67.0,100.0,55.0
Female,18.0,Business,88.67,49.32,48.97,91.34,61.01,4.62,92.37,76.49,B,1,73,53.0,62.0,49.0
Female,23.0,CS,85.28,89.37,70.55,60.19,96.55,6.93,52.18,51.57,A,1,11,87.0,81.0,67.0
Male,20.0,CS,55.95,55.29,95.68,60.91,86.83,9.65,74.96,50.96,D,1,37,66.0,54.0,34.0
Male,22.0,Engineering,79.56,65.64,63.52,87.93,50.95,7.9,58.98,96.95,C,0,0,82.0,84.0,34.0
Female,22.0,Mathematics,,94.09,42.6,87.67,61.99,1.61,83.6,66.87,A,0,76,56.0,81.0,86.0
Female,18.0,Engineering,57.84,67.27,82.37,53.01,70.65,2.73,99.86,68.88,F,1,100,63.0,75.0,47.0
Female,22.0,CS,92.65,51.82,57.47,66.12,79.14,0.79,70.63,73.5,B,1,93,46.0,51.0,57.0
Female,18.0,Engineering,85.13,49.59,54.71,69.93,85.07,1.36,55.02,63.29,A,0,99,92.0,92.0,83.0
Female,18.0,Engineering,88.7,68.38,59.46,91.45,60.51,2.51,65.88,79.52,A,0,37,100.0,71.0,52.0
Female,24.0,Engineering,64.1,85.76,83.43,71.09,91.84,2.0,94.58,89.23,D,1,94,17.0,39.0,53.0
Male,21.0,Business,64.39,99.83,89.13,96.3,92.29,2.14,88.29,62.87,A,1,53,96.0,91.0,54.0
Female,21.0,Engineering,95.3,87.24,75.28,71.26,81.75,2.31,,87.15,A,0,23,70.0,89.0,97.0
Female,24.0,Business,84.03,92.62,59.35,89.04,96.05,3.01,97.68,83.6,F,0,56,70.0,81.0,84.0
Female,21.0,Business,53.15,84.87,58.63,83.32,90.65,1.26,,76.28,D,1,40,69.0,84.0,61.0
Male,19.0,Engineering,80.03,93.73,47.46,69.59,61.08,2.78,58.4,66.27,F,0,45,66.0,92.0,53.0
Male,21.0,CS,56.24,44.58,96.0,79.33,89.93,6.88,78.62,93.64,D,0,52,90.0,69.0,96.0
Male,18.0,Business,89.83,95.8,78.29,78.66,97.66,2.36,72.56,70.14,A,0,100,90.0,68.0,77.0
Male,23.0,Mathematics,82.09,63.78,41.62,68.09,56.88,1.72,90.98,68.73,C,0,73,88.0,68.0,91.0
Female,23.0,CS,93.74,,79.74,67.54,,0.68,67.21,82.07,A,0,44,93.0,73.0,27.0
Male,20.0,Engineering,89.24,44.54,66.83,84.39,51.25,5.0,93.75,96.02,B,1,29,79.0,100.0,89.0
Female,21.0,CS,55.61,82.91,98.35,73.18,76.11,8.42,90.6,75.4,C,1,79,36.0,96.0,96.0
Female,23.0,Business,79.49,84.14,89.14,87.6,88.69,0.59,83.73,86.13,F,0,48,51.0,16.0,53.0
Female,21.0,Business,74.37,99.81,50.28,,89.52,5.42,62.93,72.84,D,0,77,80.0,43.0,90.0
Female,20.0,CS,70.87,86.13,83.21,,86.73,6.51,98.52,60.94,B,0,62,96.0,80.0,99.0
Female,23.0,Business,98.62,62.95,69.13,73.07,76.47,5.92,77.43,56.2,A,1,21,63.0,88.0,89.0
Female,18.0,CS,86.79,73.43,51.22,97.55,82.55,8.78,95.38,56.82,B,0,51,63.0,99.0,66.0
Male,19.0,Business,50.77,61.99,81.92,90.08,85.0,8.66,60.79,51.07,D,1,100,87.0,57.0,92.0
Male,24.0,Engineering,94.0,51.76,72.84,60.29,74.73,0.57,99.17,77.65,B,0,59,72.0,87.0,42.0
Male,24.0,CS,55.04,54.91,41.82,69.57,79.78,3.61,90.8,56.56,D,0,78,82.0,38.0,86.0
 MALE ,24.0,CS,57.03,53.32,78.8,96.39,92.32,6.71,97.46,93.28,F,1,25,77.0,23.0,72.0
Male,21.0,CS,86.72,72.93,78.1,56.18,65.64,9.52,60.62,99.14,A,0,58,80.0,82.0,74.0
Female,23.0,Engineering,93.25,94.37,48.65,62.7,76.16,8.05,71.53,74.79,A,0,88,76.0,99.0,29.0
Male,23.0,Engineering,76.82,94.76,60.94,63.11,50.42,1.77,54.88,72.48,D,0,51,55.0,56.0,58.0
Male,20.0,CS,65.5,43.29,75.15,78.55,84.37,2.79,56.85,67.4,A,0,26,61.0,53.0,42.0
Male,18.0,CS,67.57,44.79,48.33,70.54,59.77,7.64,64.2,81.9,C,1,41,97.0,61.0,56.0
Female,22.0,CS,67.14,54.71,91.16,53.99,74.05,4.71,97.58,80.4,F,0,37,78.0,55.0,51.0
Female,23.0,BUSINESS,66.33,55.3,41.65,81.46,60.51,5.47,83.36,67.17,A,0,56,86.0,32.0,66.0
Female,19.0,Business,75.67,45.69,46.17,54.95,,6.09,65.73,67.16,A,1,86,73.0,55.0,75.0
Male,20.0,CS,80.44,63.31,46.97,80.32,74.16,1.03,97.73,82.24,B,0,64,51.0,27.0,48.0
Male,23.0,Engineering,95.02,75.26,71.69,75.35,71.24,8.56,86.99,77.73,A,0,61,88.0,50.0,85.0
Male,23.0,CS,65.35,74.69,77.21,74.68,71.26,8.63,95.35,85.93,F,1,59,85.0,83.0,51.0
Male,20.0,Mathematics,59.33,72.61,64.22,53.37,60.44,4.68,96.36,97.07,D,0,11,100.0,58.0,51.0
Male,20.0,Mathematics,91.93,60.32,57.32,81.96,97.36,6.27,87.54,88.98,B,0,41,55.0,68.0,47.0
Female,21.0,Engineering,87.09,82.39,88.56,71.57,50.18,6.6,62.16,65.22,A,0,46,60.0,77.0,91.0
Male,23.0,Mathematics,96.54,89.59,44.1,70.56,94.58,1.9,99.83,87.96,B,0,17,78.0,61.0,39.0
Female,22.0,Business,58.28,60.78,56.82,79.82,86.85,1.13,66.25,72.5,C,1,28,100.0,88.0,55.0
Male,19.0,Business,57.21,45.13,42.35,80.31,,0.21,83.59,88.88,D,0,32,77.0,70.0,82.0
Female,18.0,Engineering,74.06,57.78,40.83,50.75,73.61,9.13,92.24,94.33,F,1,64,65.0,31.0,86.0
Female,18.0,CS,80.72,48.24,61.2,56.26,99.44,3.46,58.76,62.5,F,0,10,28.0,69.0,76.0
Female,22.0,CS,74.01,68.04,51.69,61.83,82.18,0.86,80.45,61.93,B,0,44,100.0,28.0,60.0
Female,20.0,CS,79.95,49.36,56.1,83.9,56.37,4.66,68.76,71.63,A,0,72,79.0,11.0,47.0
Male,20.0,Engineering,59.02,67.77,89.26,78.84,72.88,0.76,62.21,52.58,C,0,38,92.0,53.0,49.0
Male,20.0,CS,73.98,53.26,49.78,87.88,73.41,0.85,50.59,84.28,F,0,14,77.0,95.0,70.0
Male,23.0,CS,82.9,84.32,86.81,87.03,90.11,4.89,93.6,87.49,F,0,83,47.0,72.0,81.0
Female,20.0,Engineering,71.64,41.65,80.5,92.66,95.81,5.09,56.79,67.27,A,0,7,38.0,39.0,42.0
Male,20.0,CS,71.86,73.28,59.59,68.84,54.11,5.8,93.91,73.26,B,0,59,100.0,59.0,45.0
Male,23.0,Engineering,72.56,50.17,72.79,67.25,65.7,6.56,80.03,79.52,F,1,49,100.0,59.0,70.0
 MALE ,23.0,Mathematics,81.35,40.06,,91.55,64.92,6.68,81.05,53.68,D,1,80,95.0,89.0,35.0
Male,22.0,Business,65.18,92.15,47.7,61.88,99.8,4.33,91.43,85.56,B,0,100,68.0,82.0,62.0
Female,21.0, engineering ,90.95,80.29,94.43,73.06,77.96,6.44,75.47,76.34,A,1,80,51.0,69.0,47.0
Female,23.0,Engineering,69.58,45.94,74.18,59.72,93.99,3.05,67.86,81.21,C,1,39,52.0,43.0,56.0
Male,19.0,Engineering,83.43,79.84,92.81,95.69,71.3,4.41,56.94,86.19,F,0,56,62.0,79.0,73.0
Male,20.0,CS,92.26,76.7,89.43,70.39,86.14,3.93,,83.78,A,0,75,75.0,89.0,62.0
Male,,Business,67.73,68.4,44.79,82.21,64.33,3.29,77.66,54.77,C,1,100,99.0,37.0,58.0
Female,18.0,CS,52.3,65.16,52.44,86.56,95.59,2.39,64.69,89.13,C,1,58,69.0,64.0,62.0
Female,22.0,Computer Science,99.34,93.22,48.72,62.23,72.76,0.78,80.0,80.5,A,0,39,17.0,55.0,83.0
Female,21.0,Business,63.18,54.71,89.85,97.18,90.19,5.06,71.97,85.74,F,0,42,90.0,65.0,81.0
Male,23.0,CS,56.33,63.9,91.75,68.38,62.79,5.37,90.28,63.08,D,0,78,71.0,63.0,87.0
Female,20.0,CS,68.49,59.75,71.68,83.23,84.68,3.36,77.97,61.07,D,0,90,58.0,60.0,58.0
Female,20.0,CS,,86.27,46.25,97.45,70.26,9.76,96.68,91.3,A,0,48,59.0,64.0,34.0
Female,20.0,CS,64.7,94.99,48.14,90.36,51.57,5.57,75.9,69.52,F,0,25,67.0,54.0,58.0
Female,21.0,CS,78.74,,88.81,94.85,70.65,8.89,94.37,78.77,F,0,76,95.0,75.0,61.0
Female,20.0,CS,88.88,87.86,95.75,58.09,77.5,5.7,76.03,77.58,A,0,32,100.0,77.0,100.0
Male,23.0,Engineering,55.89,99.21,51.97,92.42,57.59,1.9,77.9,79.26,C,0,18,55.0,70.0,51.0
Male,21.0,Business,66.51,81.83,40.67,55.09,59.2,9.75,68.34,53.48,A,0,45,59.0,68.0,60.0
Male,20.0,CS,63.15,85.06,59.86,96.2,73.24,8.85,70.01,65.12,C,0,68,90.0,65.0,85.0
Male,18.0,Business,60.67,98.97,41.83,81.22,67.14,4.71,96.66,53.32,D,1,69,84.0,25.0,72.0
Female,18.0,CS,55.99,,89.68,93.46,72.04,2.43,61.16,74.01,F,0,15,74.0,59.0,30.0
Male,19.0,CS,58.17,78.04,69.49,84.22,73.04,2.23,56.07,95.1,D,1,39,77.0,63.0,59.0
Male,20.0,Computer Science,82.04,84.34,78.51,60.09,57.0,8.06,91.51,69.46,B,0,57,62.0,92.0,68.0
Male,20.0, engineering ,90.67,95.07,64.69,87.46,59.06,0.69,78.85,89.12,B,1,65,53.0,64.0,43.0
Female,21.0,Engineering,71.87,93.03,60.73,54.55,92.41,6.38,64.23,64.36,A,1,44,18.0,51.0,41.0
Male,21.0,Engineering,79.77,,53.33,84.79,58.14,6.4,71.62,92.81,A,1,38,79.0,94.0,100.0
Female,24.0,Business,58.53,96.75,86.23,,83.3,1.82,76.25,70.98,F,0,83,66.0,90.0,48.0
Female,20.0, engineering ,65.57,72.24,81.73,57.59,70.93,7.05,79.61,67.76,F,0,63,53.0,70.0,88.0
Female,19.0,Engineering,51.01,40.42,61.64,98.96,98.41,7.05,91.05,84.87,F,0,52,100.0,85.0,98.0
Male,20.0,Mathematics,88.41,40.66,59.27,51.19,53.31,3.5,69.72,75.64,A,1,37,74.0,67.0,63.0
Female,23.0,CS,70.05,72.68,40.07,94.68,91.52,4.83,83.83,66.87,B,0,47,58.0,49.0,59.0
Male,21.0,CS,90.81,66.12,43.81,89.44,74.57,8.33,91.74,52.9,A,0,15,57.0,65.0,44.0
Male,20.0,Business,85.42,67.07,77.4,84.6,50.27,5.23,92.19,58.33,A,0,65,18.0,56.0,80.0
Male,21.0,Engineering,91.44,64.02,70.88,82.75,63.18,6.18,62.71,88.62,A,1,69,61.0,33.0,51.0
Female,20.0,CS,,95.06,66.09,55.3,70.38,4.13,67.51,96.04,C,1,65,71.0,84.0,88.0
Female,22.0,Computer Science,59.26,61.55,89.65,95.03,65.71,1.5,79.75,58.44,D,0,58,83.0,88.0,65.0
Male,21.0,Engineering,98.6,91.37,70.23,94.06,68.12,9.98,94.29,78.47,B,1,24,63.0,50.0,92.0
Female,19.0,Engineering,85.87,94.17,63.07,87.39,95.83,,89.52,51.71,A,0,73,88.0,95.0,100.0
Female,22.0,CS,55.54,69.97,49.68,96.37,68.05,3.36,79.2,64.54,B,0,58,89.0,39.0,54.0
Female,23.0,Mathematics,50.66,66.82,89.24,77.65,70.94,7.14,99.19,72.44,F,0,55,100.0,59.0,44.0
Male,20.0,Business,67.72,85.66,74.57,72.38,88.06,6.21,71.95,86.79,A,1,42,94.0,85.0,72.0
Female,24.0,Engineering,87.14,82.48,45.55,98.4,89.69,2.33,,52.21,A,1,95,83.0,68.0,89.0
Female,23.0,Engineering,53.9,59.71,78.93,73.21,54.2,8.77,90.92,89.06,C,0,38,61.0,57.0,50.0
Male,87.0,Business,78.37,46.15,65.5,82.07,85.2,0.71,95.4,60.13,A,0,54,68.0,33.0,91.0
Female,22.0,CS,71.45,55.89,88.68,68.65,74.13,6.06,99.38,87.98,B,1,54,100.0,62.0,76.0
Male,23.0,Computer Science,50.88,47.86,95.13,81.82,56.69,4.78,74.78,81.27,C,1,75,84.0,96.0,82.0
Female,19.0,Engineering,61.8,57.68,76.03,86.0,63.24,3.18,59.78,66.98,D,1,59,83.0,89.0,71.0
Female,24.0,Business,64.24,55.71,83.9,81.23,52.25,8.26,73.04,86.19,F,0,67,60.0,38.0,73.0
Female,21.0,CS,55.59,78.26,43.4,75.73,68.01,6.56,92.69,61.82,D,0,60,65.0,50.0,93.0
Female,22.0,Mathematics,81.58,97.27,73.62,65.01,62.77,7.59,91.81,60.99,D,0,31,66.0,66.0,65.0
Female,23.0,Engineering,62.12,81.14,85.32,82.19,69.11,4.15,66.8,53.09,B,0,60,49.0,73.0,63.0
Female,22.0,CS,63.88,95.6,69.81,95.42,79.02,9.42,52.37,69.65,D,1,71,85.0,54.0,48.0
Male,22.0,CS,78.88,87.05,75.61,50.35,86.62,3.45,75.49,54.89,A,0,38,95.0,52.0,55.0
Female,23.0,CS,73.36,83.67,93.94,56.7,80.27,5.31,73.71,70.98,D,0,65,66.0,64.0,100.0
Female,18.0,Business,69.61,64.84,51.89,55.99,83.92,9.34,54.29,50.49,C,0,65,65.0,68.0,77.0
Female,20.0,Mathematics,86.19,,45.89,96.16,93.28,0.83,89.74,57.75,B,1,18,97.0,64.0,58.0
Male,21.0,Engineering,95.48,90.78,81.44,83.14,93.69,1.09,64.18,96.62,A,0,60,68.0,84.0,43.0
Male,21.0,Mathematics,51.25,94.32,89.37,97.59,93.04,9.94,82.29,89.78,D,0,44,82.0,77.0,89.0
Male,24.0,Business,72.41,67.11,91.03,51.04,57.66,9.71,55.07,61.81,D,1,27,96.0,89.0,45.0
Female,24.0,Engineering,80.54,40.54,78.5,73.09,62.55,7.72,93.04,85.91,A,1,25,43.0,58.0,34.0
Female,24.0,Engineering,65.93,87.55,89.99,89.62,75.12,4.84,86.96,83.42,D,0,30,57.0,71.0,81.0
Male,21.0,Engineering,88.62,57.1,82.04,58.05,67.94,5.06,69.42,58.85,A,0,47,60.0,67.0,78.0
Male,22.0,Engineering,98.57,40.59,45.24,69.07,56.58,2.57,81.47,68.55,A,1,62,81.0,95.0,60.0
Male,24.0,CS,97.17,88.3,85.72,66.23,64.39,4.33,59.37,95.69,B,0,53,72.0,73.0,84.0
Female,23.0, engineering ,63.3,71.04,50.76,64.92,98.77,4.31,99.27,86.94,C,0,65,100.0,61.0,79.0
Male,20.0,CS,61.32,81.11,54.2,68.56,67.35,0.36,89.81,88.02,F,1,42,100.0,49.0,41.0
Female,19.0,Business,97.87,94.88,63.68,53.91,70.95,4.53,89.45,78.19,A,0,76,43.0,94.0,55.0
Female,21.0,Business,72.93,72.47,58.87,59.9,50.32,4.8,57.67,83.28,D,0,27,61.0,24.0,100.0
Female,23.0,CS,59.06,70.19,59.3,66.77,85.97,6.66,50.89,75.44,C,0,41,63.0,39.0,38.0
Male,20.0,CS,85.35,57.44,50.16,,70.68,5.16,79.27,87.04,A,0,25,98.0,50.0,41.0
Female,20.0,Engineering,69.94,58.31,57.63,89.86,55.16,8.62,57.21,86.64,B,0,26,71.0,56.0,29.0
Male,18.0,Engineering,63.36,87.79,41.18,67.33,98.43,3.68,89.02,51.55,C,0,97,83.0,66.0,100.0
Male,23.0,CS,93.96,66.94,68.37,53.25,88.87,4.1,70.8,81.59,A,1,63,80.0,52.0,72.0
Male,21.0,Engineering,58.12,49.81,86.12,77.86,86.31,5.71,66.93,81.49,D,0,70,60.0,83.0,30.0
Male,,CS,65.04,45.67,91.73,80.56,97.89,2.03,53.68,53.37,A,0,35,75.0,63.0,69.0
Female,22.0,CS,63.46,68.38,89.23,93.28,70.37,3.93,99.8,70.52,F,1,48,64.0,61.0,53.0
Female,24.0,CS,80.35,67.9,64.99,90.96,85.93,6.86,97.8,94.94,C,0,10,100.0,73.0,41.0
Female,20.0,CS,56.15,79.21,83.83,64.27,60.31,4.12,56.58,97.67,D,1,27,88.0,94.0,48.0
Female,20.0,Business,73.58,68.26,57.27,56.85,84.86,9.07,66.64,89.11,F,0,85,66.0,45.0,49.0
Male,19.0,Mathematics,81.37,48.61,43.33,57.8,50.7,6.15,69.54,57.57,F,0,87,47.0,34.0,38.0
Male,24.0,Engineering,92.44,70.47,80.56,98.45,56.32,1.54,64.84,68.74,A,0,52,74.0,43.0,53.0
Male,18.0,Engineering,61.49,94.41,78.93,73.35,71.26,4.87,96.72,59.13,F,0,55,79.0,60.0,59.0
Male,20.0,CS,90.87,49.57,88.1,52.13,50.6,7.65,86.07,82.61,B,1,22,45.0,57.0,62.0
Female,20.0,Engineering,61.75,81.39,76.97,56.84,73.1,6.43,97.8,88.66,B,0,88,61.0,53.0,61.0
Male,22.0,CS,83.84,75.63,49.41,74.29,76.14,,93.73,94.19,C,0,31,62.0,54.0,36.0
Female,22.0,Engineering,71.53,84.92,91.19,60.39,81.08,7.5,87.73,93.03,A,0,63,74.0,66.0,85.0
Male,19.0,Mathematics,55.73,49.04,77.64,90.18,55.02,0.62,84.85,54.96,C,1,42,65.0,71.0,100.0
Male,23.0,CS,85.71,96.5,88.46,78.66,59.05,1.13,93.31,56.28,B,0,45,100.0,88.0,87.0
Male,19.0,Business,98.36,77.26,86.45,80.63,80.66,6.5,84.21,95.48,A,0,69,58.0,30.0,84.0
 MALE ,19.0,CS,58.83,90.82,57.87,73.14,82.91,2.38,59.44,92.19,D,0,16,77.0,90.0,47.0
Female,22.0,CS,67.92,54.8,44.47,62.8,51.3,5.88,82.41,73.02,D,1,32,88.0,79.0,75.0
Female,24.0,CS,82.66,84.36,50.59,79.47,77.02,7.92,75.75,71.5,B,1,91,95.0,69.0,39.0
Female,24.0,CS,61.7,86.86,45.57,85.85,89.25,5.77,99.09,77.64,A,0,40,53.0,59.0,66.0
Female,24.0,CS,59.18,63.85,54.6,87.61,,4.15,75.5,79.83,F,1,51,87.0,80.0,57.0
Male,23.0,CS,99.6,63.04,67.57,75.25,70.66,6.46,51.92,62.71,A,1,31,100.0,48.0,62.0
Male,,Engineering,73.58,79.47,94.41,91.98,66.33,1.44,63.21,70.19,A,0,22,17.0,63.0,70.0
Female,18.0,CS,71.43,45.6,92.32,57.43,95.68,7.23,95.87,80.98,B,0,78,78.0,54.0,86.0
Female,21.0,Engineering,61.69,84.14,83.12,77.26,59.29,6.97,,60.31,D,0,36,29.0,62.0,14.0
Male,21.0,Mathematics,52.68,42.57,41.45,67.42,65.92,5.14,86.42,99.94,D,1,84,70.0,49.0,80.0
Male,18.0,Engineering,71.46,51.44,60.48,85.14,94.92,2.79,52.84,64.15,C,1,91,100.0,58.0,24.0
Female,24.0,CS,89.41,79.85,80.94,50.94,66.53,7.98,51.18,77.62,A,0,35,62.0,62.0,18.0
Female,21.0,CS,85.76,45.9,47.74,83.52,76.57,5.11,73.98,77.71,A,0,48,77.0,58.0,50.0
Female,23.0,Business,93.04,98.31,88.07,55.14,51.65,0.59,99.98,72.57,B,0,54,61.0,74.0,71.0
Male,22.0,Engineering,50.48,92.1,94.87,53.24,99.25,9.19,93.46,62.08,C,0,23,72.0,84.0,100.0
Female,21.0,Engineering,98.32,77.58,61.25,86.23,91.25,7.68,96.66,78.27,A,0,23,66.0,85.0,55.0
Female,23.0,CS,67.07,89.14,82.35,82.02,81.72,5.85,81.18,54.55,C,0,100,58.0,38.0,78.0
Female,22.0,Engineering,99.52,93.25,48.89,94.75,53.04,4.37,92.96,69.35,A,1,68,95.0,69.0,30.0
Female,23.0,CS,62.63,55.57,81.45,75.98,53.74,9.6,65.98,61.21,A,0,68,74.0,32.0,68.0
Female,18.0,Mathematics,98.32,90.96,41.29,76.5,77.25,7.75,51.37,56.21,F,0,45,79.0,81.0,31.0
Male,19.0,Business,67.7,51.69,49.05,85.35,64.25,5.35,95.91,96.27,D,0,78,32.0,60.0,53.0
Female,18.0,CS,67.79,64.8,82.59,66.17,81.14,6.53,60.92,85.0,B,1,43,65.0,27.0,91.0
Male,21.0,Engineering,92.11,73.5,82.71,,79.91,2.81,86.42,58.44,A,1,58,26.0,52.0,90.0
Female,,CS,99.6,82.83,78.47,61.5,91.93,1.96,82.95,97.47,B,0,85,75.0,78.0,72.0
Female,23.0,Engineering,99.61,41.81,68.64,,64.07,2.73,57.91,60.8,A,1,73,57.0,10.0,63.0
Female,21.0,Business,80.68,57.43,80.49,66.78,78.89,2.93,59.79,61.78,B,0,59,88.0,64.0,61.0
Male,21.0,Engineering,73.16,76.51,86.43,97.17,88.87,7.4,66.45,56.66,C,0,93,44.0,100.0,65.0
Male,19.0,CS,84.62,61.44,97.99,90.24,74.54,1.4,87.85,86.39,B,0,84,51.0,81.0,43.0
Male,24.0,CS,99.83,86.5,93.32,96.8,91.53,7.78,51.96,78.54,A,0,72,59.0,76.0,34.0
Female,21.0,Business,77.58,79.1,87.67,99.93,56.56,5.23,70.35,52.91,F,1,39,73.0,49.0,99.0
Female,19.0,Engineering,85.02,54.06,81.69,71.69,86.69,3.85,83.26,51.26,A,1,86,60.0,80.0,76.0
Male,22.0,Engineering,70.34,48.76,74.45,61.35,97.15,3.0,58.57,76.63,F,0,67,63.0,72.0,42.0
Male,22.0,CS,77.39,77.74,47.24,78.0,66.59,5.13,55.97,82.58,B,1,53,69.0,71.0,65.0
Female,23.0,CS,97.13,67.03,49.93,94.06,68.32,3.18,69.51,91.14,B,1,26,58.0,55.0,100.0
Male,24.0,Mathematics,,50.14,89.22,76.12,54.18,4.29,64.33,73.91,D,0,33,57.0,33.0,74.0
Female,19.0,Engineering,64.62,59.58,88.2,75.27,82.07,7.39,82.45,83.83,A,0,18,100.0,75.0,51.0
Male,18.0,Engineering,57.6,58.18,76.87,56.72,77.62,6.26,98.48,86.68,C,0,35,79.0,98.0,100.0
Male,22.0,Engineering,89.61,46.49,66.33,71.02,52.02,7.48,50.22,80.65,A,0,78,81.0,78.0,59.0
Male,24.0,Business,53.1,72.81,41.56,92.85,87.61,7.13,95.12,67.61,F,0,38,73.0,32.0,73.0
Female,23.0,CS,54.08,85.82,59.63,67.58,91.46,8.15,71.66,56.59,D,1,72,100.0,65.0,77.0
Female,18.0,CS,64.92,74.53,65.24,94.36,95.36,2.02,83.2,82.38,D,1,43,82.0,72.0,64.0
Male,22.0,Engineering,,89.58,69.15,52.97,77.29,9.95,92.55,88.43,B,1,73,58.0,64.0,33.0
Female,22.0,Engineering,88.36,47.65,95.76,98.61,72.63,4.76,78.67,59.49,D,1,82,97.0,46.0,63.0
Female,23.0,Business,93.59,66.14,46.52,53.14,93.81,7.18,54.87,74.74,A,1,60,71.0,60.0,87.0
Female,23.0,Business,97.87,76.56,71.13,97.28,69.93,6.78,57.03,69.86,A,0,29,90.0,58.0,93.0
Female,20.0,CS,97.64,80.56,62.08,77.4,82.77,5.66,89.46,60.29,A,0,20,86.0,100.0,88.0
Male,21.0,CS,63.97,81.75,99.41,85.12,80.77,9.96,61.45,62.27,A,0,67,65.0,88.0,55.0
Female,21.0,Mathematics,86.58,83.74,91.71,59.36,68.61,2.17,78.45,61.88,A,0,34,54.0,41.0,65.0
Female,18.0,Engineering,78.93,79.09,66.33,82.71,54.34,4.22,71.4,70.95,B,0,27,81.0,45.0,21.0
Male,21.0, engineering ,61.87,45.65,99.98,94.1,51.07,1.28,65.18,69.52,D,0,19,18.0,62.0,78.0
Female,18.0,Engineering,63.11,81.72,70.84,56.97,71.41,1.82,89.35,77.71,B,1,29,97.0,54.0,59.0
Female,24.0,Engineering,74.56,83.49,50.03,56.35,74.06,7.13,86.56,54.66,B,0,100,81.0,82.0,83.0
Female,22.0,CS,70.96,99.61,73.35,65.2,91.13,0.05,82.31,79.06,D,0,62,94.0,91.0,58.0
Male,20.0,BUSINESS,64.56,81.6,53.57,58.09,70.72,8.9,68.63,51.09,B,1,31,66.0,81.0,46.0
Male,20.0,Business,90.38,81.21,78.18,56.15,64.06,6.33,61.32,62.87,A,0,37,74.0,64.0,29.0
Female,22.0,Engineering,74.07,70.89,96.25,83.92,73.1,4.41,75.79,75.11,A,1,47,37.0,63.0,88.0
 FEMALE ,,Engineering,82.74,92.08,87.17,60.69,61.9,3.31,90.86,84.35,C,1,47,85.0,54.0,57.0
Male,19.0,CS,59.46,99.81,56.39,83.35,54.57,1.26,78.78,88.56,D,0,55,94.0,87.0,38.0
Male,19.0,CS,76.68,86.74,57.81,93.1,55.65,9.22,98.51,51.78,F,1,100,72.0,82.0,60.0
Male,21.0,Computer Science,65.9,76.75,44.16,82.6,65.96,7.12,50.77,76.87,F,0,12,65.0,63.0,50.0
Female,23.0,CS,76.32,44.74,57.15,55.97,50.63,3.36,99.92,67.72,D,0,55,100.0,41.0,70.0
Female,,Mathematics,73.72,83.6,45.56,78.68,61.01,0.71,84.57,84.75,D,0,74,19.0,54.0,57.0
Male,24.0,Business,88.45,82.51,69.97,69.68,89.38,3.26,91.63,64.19,B,0,63,89.0,65.0,54.0
Female,20.0, engineering ,67.71,86.53,82.5,67.17,61.73,1.85,66.75,87.19,A,0,53,89.0,100.0,51.0
Female,21.0, engineering ,84.71,47.47,85.07,65.93,55.54,7.86,75.42,80.11,C,0,86,49.0,50.0,54.0
Female,22.0,CS,97.06,79.22,43.57,96.47,97.45,7.2,89.85,89.48,B,0,33,43.0,70.0,9.0
Female,23.0,Mathematics,68.71,57.74,60.4,87.13,81.12,4.98,88.03,99.22,F,0,23,79.0,30.0,97.0
Female,20.0,CS,57.42,85.62,57.29,91.19,53.0,8.86,66.7,95.43,D,0,97,100.0,57.0,39.0
Female,18.0,CS,83.99,54.42,46.26,81.7,53.11,1.81,66.22,79.66,A,0,27,23.0,86.0,73.0
Female,18.0,Engineering,55.25,81.04,61.75,65.91,80.61,4.52,83.14,94.69,F,0,22,87.0,55.0,72.0
Male,19.0,BUSINESS,93.61,57.7,57.96,98.9,77.01,7.11,96.68,57.65,A,0,37,93.0,45.0,40.0
Male,21.0,Business,75.83,40.54,78.07,98.9,53.42,0.68,71.94,52.15,A,0,45,56.0,88.0,74.0
Male,22.0,Computer Science,69.26,78.0,93.0,65.98,61.22,3.73,67.65,76.66,F,1,85,78.0,90.0,62.0
Male,20.0,Business,52.85,46.8,67.29,67.61,96.45,5.72,94.73,98.72,F,1,54,89.0,40.0,87.0
Male,24.0,CS,69.04,79.56,84.8,79.97,78.6,3.67,84.15,85.49,F,1,36,69.0,100.0,49.0
Male,18.0,CS,87.18,95.54,48.76,73.97,72.02,4.8,69.41,65.26,A,0,25,83.0,65.0,25.0
Male,20.0,Business,51.05,98.15,93.7,60.66,62.51,6.08,,83.44,C,1,42,43.0,83.0,41.0
Male,22.0,Business,73.73,54.16,49.16,83.02,56.68,3.68,86.07,52.0,F,0,65,100.0,100.0,81.0
Male,20.0,Engineering,96.56,88.56,51.53,66.71,70.13,1.06,67.64,73.53,A,0,25,76.0,100.0,87.0
Female,21.0,Engineering,69.74,61.21,46.39,82.69,96.12,1.39,53.53,61.86,A,0,82,87.0,83.0,34.0
 FEMALE ,19.0,Business,71.41,94.03,58.58,69.18,52.44,5.27,80.61,52.46,C,0,72,17.0,69.0,66.0
Male,20.0,Business,78.93,87.25,73.14,85.01,99.55,1.75,66.15,62.5,F,0,39,67.0,75.0,84.0
Female,23.0,Business,73.15,44.44,99.28,83.39,60.39,8.9,66.92,86.12,C,0,58,83.0,76.0,83.0
Female,19.0,Engineering,58.43,64.43,87.6,75.44,70.44,8.34,73.96,77.56,F,1,25,43.0,63.0,9.0
Male,22.0,Mathematics,50.93,60.24,62.83,85.24,52.25,3.49,85.87,51.17,C,0,89,55.0,74.0,60.0
Male,19.0,Mathematics,80.49,87.11,74.55,73.05,79.24,8.31,63.82,70.49,F,1,95,60.0,89.0,92.0
Male,20.0,CS,96.04,64.62,77.4,55.81,74.18,5.33,,87.61,A,0,64,51.0,63.0,63.0
Female,20.0,Business,55.32,81.08,89.36,59.11,83.34,1.59,71.22,97.73,C,1,18,39.0,86.0,74.0
Female,23.0,Engineering,60.55,76.15,84.19,62.3,77.13,6.14,52.75,93.72,B,1,57,78.0,73.0,100.0
Male,18.0,CS,68.51,98.54,74.16,53.16,69.91,6.79,84.86,50.08,B,0,33,87.0,88.0,73.0
Female,23.0,Engineering,90.44,96.27,80.15,85.57,86.89,,97.96,60.94,A,0,41,90.0,46.0,37.0
Female,20.0,CS,63.46,65.66,84.76,68.37,51.25,,82.94,60.39,C,0,16,42.0,30.0,90.0
Female,24.0,Engineering,94.1,83.41,47.99,54.68,77.05,0.05,63.77,70.65,A,1,65,71.0,28.0,54.0
Male,19.0,Business,52.75,89.77,52.03,91.0,55.69,3.16,59.09,82.29,F,0,36,62.0,69.0,65.0
Female,23.0,CS,97.05,93.93,81.32,84.18,71.8,3.35,61.64,57.65,B,0,29,86.0,100.0,58.0
Female,23.0,Engineering,78.04,44.09,91.03,,,6.3,61.08,95.78,F,1,29,68.0,79.0,83.0
Female,24.0,Mathematics,82.94,58.12,64.56,62.37,57.12,1.99,65.69,88.86,F,0,73,80.0,63.0,63.0
Female,24.0,Engineering,68.38,59.21,98.79,57.59,96.79,0.3,54.87,70.97,A,0,48,60.0,63.0,79.0
Female,24.0,CS,94.08,66.07,52.96,72.92,94.43,3.16,94.79,79.2,D,0,42,69.0,77.0,62.0
Female,18.0,Engineering,58.33,50.16,65.0,94.26,70.75,8.26,94.26,77.09,C,1,81,93.0,98.0,71.0
Female,20.0,Engineering,52.45,69.77,62.71,59.42,50.3,3.99,80.76,79.11,D,0,83,70.0,53.0,69.0
Male,20.0,Engineering,69.78,79.79,95.82,78.43,89.49,4.15,53.1,93.01,A,0,79,57.0,48.0,57.0
Male,22.0,Business,92.68,69.84,57.12,98.08,,4.69,90.2,60.01,B,0,80,79.0,73.0,60.0
Female,18.0,Engineering,87.75,79.95,68.25,81.86,58.74,7.52,53.09,84.19,A,0,38,71.0,92.0,71.0
Male,22.0,Business,75.86,43.99,51.23,72.0,95.81,4.8,55.32,55.35,F,1,34,96.0,66.0,48.0
Female,22.0,Engineering,78.61,92.56,71.28,85.82,95.7,0.91,66.26,72.96,F,0,66,70.0,65.0,81.0
Female,22.0,CS,56.49,96.34,91.44,91.23,73.56,2.06,71.57,81.79,D,1,63,59.0,67.0,50.0
Female,21.0,Engineering,,77.07,58.24,70.45,89.9,1.88,67.69,50.63,A,1,38,90.0,76.0,53.0
Male,22.0,Business,89.35,92.88,88.65,93.59,72.25,5.08,58.26,55.4,A,0,64,100.0,94.0,61.0
Female,23.0,Engineering,82.82,47.89,94.68,75.73,78.2,0.3,55.61,54.56,C,1,35,90.0,53.0,39.0
Female,19.0,CS,73.31,87.85,44.38,91.5,65.99,2.84,92.97,68.73,F,1,53,78.0,47.0,57.0
Male,23.0,CS,98.22,47.15,85.39,97.6,57.97,6.07,68.16,81.1,B,1,60,17.0,78.0,74.0
Male,23.0,CS,93.95,,55.32,75.06,87.33,3.55,60.93,99.8,B,0,10,82.0,70.0,78.0
Female,20.0,CS,98.48,59.43,50.52,80.25,50.07,7.08,74.35,62.7,D,0,60,59.0,55.0,63.0
Male,21.0,Engineering,68.59,75.14,76.07,80.47,78.98,3.91,51.84,56.8,A,1,11,100.0,50.0,67.0
Male,22.0,CS,80.9,58.09,82.34,89.07,93.23,9.79,80.01,70.74,C,0,60,78.0,57.0,71.0
Female,20.0,Business,78.77,78.24,63.69,91.15,61.06,9.65,62.42,57.3,B,1,83,77.0,71.0,84.0
Female,18.0,CS,93.05,62.04,42.35,51.36,66.64,8.0,79.91,51.23,B,0,21,95.0,84.0,93.0
Female,18.0,CS,65.33,91.65,94.52,86.67,79.37,9.54,80.71,78.2,D,1,37,76.0,77.0,100.0
Male,20.0,Engineering,70.35,78.03,83.84,89.19,62.34,2.05,90.46,93.98,C,1,86,78.0,49.0,88.0
Male,19.0,CS,78.7,52.92,56.3,85.02,92.37,7.51,61.5,93.04,A,0,27,100.0,75.0,24.0
Male,20.0,Business,71.41,60.17,69.81,92.35,68.33,3.22,73.17,55.04,B,0,56,87.0,85.0,79.0
Female,20.0,CS,63.18,90.85,41.67,52.07,79.08,7.25,98.09,57.37,F,0,14,99.0,100.0,52.0
Male,21.0,Engineering,88.05,63.19,60.36,72.1,61.31,3.74,86.36,74.56,B,0,39,82.0,50.0,45.0
Male,18.0,Business,76.57,72.15,71.35,90.91,52.07,2.89,98.77,68.39,C,1,58,74.0,74.0,47.0
Female,18.0,Engineering,53.38,78.94,71.03,96.7,58.69,9.59,96.37,85.15,D,0,0,71.0,91.0,62.0
Female,22.0,CS,68.42,60.87,52.49,61.47,52.31,2.1,80.54,74.75,A,0,61,93.0,56.0,69.0
Female,23.0,Engineering,94.25,57.64,86.6,78.96,73.43,7.59,63.2,51.01,B,1,76,87.0,79.0,75.0
Male,20.0,Business,87.76,68.52,57.93,90.22,79.33,6.75,,64.23,A,0,49,81.0,43.0,38.0
Female,20.0,Mathematics,66.16,52.89,74.82,87.62,52.23,3.03,84.91,95.07,A,1,74,41.0,66.0,84.0
Male,19.0,Business,96.91,57.05,56.29,80.94,54.52,4.58,79.44,75.58,A,0,52,66.0,78.0,50.0
Male,24.0,CS,53.83,43.72,65.51,50.93,74.28,1.43,84.89,89.9,F,0,29,68.0,55.0,94.0
Female,24.0,Mathematics,98.06,58.24,52.45,73.61,89.96,9.21,80.68,70.11,A,0,63,87.0,60.0,82.0
Female,18.0,CS,,59.24,77.98,81.51,81.4,9.68,75.97,83.85,D,0,85,66.0,53.0,100.0
Female,19.0,CS,50.45,97.71,65.54,86.14,55.24,7.32,70.8,58.45,D,0,58,76.0,52.0,87.0
Female,21.0,Business,71.69,75.38,40.97,88.29,94.38,8.49,52.24,86.83,B,1,60,60.0,82.0,46.0
Female,22.0,CS,67.95,87.24,41.69,71.55,95.87,0.83,93.28,89.33,C,0,27,67.0,57.0,56.0
Male,19.0,CS,76.95,42.72,68.27,99.69,66.25,,93.28,54.51,C,1,63,61.0,41.0,50.0
Male,18.0,CS,89.84,46.39,50.99,88.54,80.8,3.31,79.7,59.17,A,0,18,17.0,75.0,35.0
Male,21.0,Engineering,95.67,88.87,75.1,78.93,74.62,5.65,63.39,73.14,D,1,66,48.0,50.0,38.0
Female,20.0,Business,70.06,77.41,64.49,96.71,,1.83,51.41,81.87,A,0,48,59.0,77.0,45.0
Male,21.0,Engineering,71.49,51.46,79.27,95.41,75.44,5.63,50.07,81.87,B,0,38,66.0,43.0,42.0
Female,23.0,CS,57.41,64.29,97.14,90.73,98.0,6.54,53.65,83.41,F,0,17,54.0,98.0,97.0
Female,19.0,Engineering,52.38,72.32,71.72,78.18,59.97,1.32,67.99,85.72,C,0,72,80.0,72.0,84.0
Male,18.0,Mathematics,82.06,90.62,87.24,56.16,67.28,1.32,59.42,75.29,A,1,54,55.0,67.0,74.0
Male,19.0,Business,53.22,43.62,85.18,58.75,89.07,0.35,63.25,78.74,D,0,94,74.0,58.0,57.0
Female,20.0,CS,86.69,75.8,95.31,62.54,89.18,7.61,84.98,50.42,A,1,30,65.0,84.0,63.0
Male,24.0,Mathematics,62.98,83.02,52.84,69.66,86.61,3.31,97.96,58.33,F,0,70,78.0,62.0,100.0
Female,20.0,Business,59.93,98.67,89.64,78.89,92.98,2.25,60.34,74.93,F,1,23,45.0,69.0,52.0
Male,18.0,CS,76.98,88.43,94.33,74.87,85.13,7.78,73.28,87.28,B,0,25,50.0,48.0,79.0
 MALE ,23.0,CS,73.82,56.57,63.57,96.13,81.8,1.43,99.57,90.45,F,1,67,42.0,49.0,44.0
Male,22.0,CS,71.94,82.57,58.83,77.86,72.95,4.27,96.58,86.45,F,1,90,75.0,36.0,80.0
Male,21.0,Business,85.78,85.8,97.12,76.33,73.35,7.45,67.62,74.32,C,1,63,72.0,54.0,92.0
Male,21.0,CS,73.1,83.78,77.66,71.78,,5.74,65.98,64.06,F,0,50,52.0,52.0,78.0
Female,20.0,Engineering,57.43,89.21,62.84,52.9,81.01,5.54,62.11,72.24,D,0,21,92.0,98.0,100.0
Male,19.0,CS,86.19,94.22,87.51,94.12,70.33,1.57,57.77,50.46,A,1,38,84.0,84.0,91.0
Male,24.0,Mathematics,59.34,45.91,58.27,67.58,57.37,1.81,73.0,79.9,D,1,30,78.0,65.0,82.0
Male,19.0,CS,86.93,46.29,50.58,82.12,55.33,5.83,67.06,53.73,A,1,83,69.0,81.0,90.0
Female,23.0,Mathematics,73.97,87.78,72.64,80.37,96.22,0.24,87.24,57.27,F,0,51,75.0,52.0,83.0
Female,22.0,Mathematics,72.69,55.14,73.97,88.71,51.24,8.69,61.84,81.3,A,1,57,76.0,80.0,55.0
Female,19.0,CS,92.57,43.51,89.54,76.29,55.27,3.5,86.82,50.67,A,1,61,100.0,100.0,80.0
Female,21.0,Engineering,85.43,64.07,67.42,59.07,72.27,4.17,64.41,78.68,A,0,84,23.0,45.0,88.0
Female,24.0,CS,51.65,89.19,88.88,64.03,63.15,2.58,79.64,81.92,D,1,31,100.0,67.0,85.0
Male,19.0,Mathematics,64.81,47.59,58.68,76.21,70.29,8.77,81.92,89.41,F,1,41,96.0,35.0,41.0
Male,24.0,Engineering,93.55,80.31,74.52,,55.87,6.43,83.59,53.4,B,0,60,80.0,58.0,76.0
Male,22.0,CS,50.92,40.22,52.51,71.6,56.55,4.5,58.77,50.15,D,0,13,82.0,84.0,42.0
Female,21.0,CS,77.26,46.58,63.13,94.74,90.03,5.85,64.14,88.34,C,0,61,71.0,62.0,92.0
Female,24.0,CS,86.39,61.05,91.45,54.4,87.96,3.8,62.31,64.5,A,0,64,100.0,49.0,74.0
Male,19.0,Mathematics,81.09,45.02,52.96,83.15,55.21,4.66,78.81,94.36,F,0,64,94.0,66.0,50.0
Female,21.0,Engineering,88.03,90.75,88.61,71.17,83.39,3.58,53.79,59.25,B,0,87,59.0,85.0,65.0
Female,20.0,Business,86.28,91.84,56.97,56.27,80.47,4.11,75.91,79.28,A,0,65,76.0,73.0,57.0
Female,20.0,CS,69.0,85.33,42.07,96.58,85.67,3.15,54.37,55.47,C,0,56,100.0,60.0,68.0
Male,23.0,CS,57.65,54.55,46.6,60.38,73.72,0.78,66.85,70.13,A,1,37,71.0,73.0,34.0
Male,20.0,Mathematics,82.28,71.39,84.75,75.45,63.5,0.37,84.34,94.1,F,1,88,82.0,65.0,51.0
Female,19.0,CS,70.12,51.05,55.72,65.31,83.18,1.74,70.63,80.42,A,1,72,45.0,71.0,41.0
Female,22.0,Mathematics,73.6,56.88,79.25,96.58,68.57,2.52,64.02,84.48,D,0,33,51.0,72.0,76.0
Female,21.0,Computer Science,85.84,70.96,81.95,61.41,60.95,8.9,80.79,61.3,B,1,14,57.0,58.0,88.0
Female,24.0,CS,93.82,84.1,60.71,71.0,70.43,6.11,87.01,96.14,B,1,30,65.0,96.0,59.0
Male,18.0,Engineering,63.61,45.68,68.5,97.97,88.16,9.58,62.73,81.17,F,0,69,100.0,92.0,83.0
Female,20.0,Mathematics,67.1,57.8,64.23,65.94,73.79,,64.97,55.29,F,0,100,61.0,60.0,48.0
Male,20.0,Mathematics,96.54,95.6,96.84,93.83,64.99,4.02,82.01,50.78,A,0,62,76.0,93.0,75.0
Male,18.0,CS,78.93,65.75,59.2,65.84,91.59,7.2,98.26,50.8,A,1,39,89.0,77.0,26.0
Male,24.0,CS,58.95,96.33,51.0,55.53,94.08,5.78,60.69,52.56,F,0,37,89.0,69.0,41.0
Female,24.0,Engineering,52.3,99.48,61.94,81.38,71.66,5.28,82.71,95.58,C,0,58,100.0,57.0,66.0
Male,18.0,Engineering,99.54,71.6,80.17,95.8,68.73,5.76,95.33,67.92,A,0,39,64.0,74.0,72.0
Male,24.0,Business,91.17,57.28,81.84,72.63,80.63,5.84,73.1,64.91,A,1,80,50.0,58.0,59.0
Female,19.0,CS,87.29,87.45,95.44,81.31,52.9,7.66,65.84,70.83,A,0,70,59.0,45.0,89.0
Female,24.0,Mathematics,60.4,49.56,92.91,64.3,84.57,6.68,83.34,70.48,A,0,44,71.0,43.0,56.0
Female,21.0,Engineering,,55.12,57.3,70.75,89.11,9.57,51.57,61.92,A,0,20,53.0,59.0,70.0
Male,24.0,Business,76.29,87.09,67.31,80.74,69.87,9.48,68.01,54.59,C,0,41,80.0,42.0,73.0
Female,,Engineering,94.46,66.02,84.84,63.76,58.73,4.22,62.9,55.43,A,0,22,82.0,95.0,52.0
Male,22.0,Engineering,66.49,52.09,94.99,,51.44,0.36,61.23,79.96,F,0,66,100.0,72.0,84.0
Male,19.0,Mathematics,53.1,79.07,60.23,72.12,81.86,0.11,58.99,69.84,C,1,28,63.0,53.0,100.0
Female,19.0,Engineering,73.8,83.97,66.67,93.2,63.45,1.23,86.85,95.12,B,0,90,76.0,83.0,49.0
Male,24.0,Business,63.49,47.5,93.97,67.42,73.19,0.75,97.75,73.19,F,0,81,82.0,73.0,47.0
Male,22.0,Mathematics,85.76,56.62,61.51,81.76,69.32,3.73,69.24,75.17,A,1,33,96.0,84.0,68.0
Male,22.0,Engineering,97.86,53.28,68.83,59.93,58.74,0.53,52.46,96.41,B,1,23,63.0,88.0,62.0
Male,23.0,Engineering,84.55,62.79,94.27,62.63,75.42,6.25,85.95,75.08,B,1,56,47.0,88.0,51.0
Female,22.0,CS,94.35,85.81,88.13,82.42,72.98,1.9,76.91,75.1,A,1,17,60.0,71.0,56.0
Male,24.0,CS,72.65,82.82,54.61,88.12,81.21,5.14,86.18,68.16,B,0,38,100.0,98.0,77.0
Female,24.0,CS,88.58,79.75,59.49,73.11,62.59,1.03,82.4,85.52,A,0,58,65.0,62.0,47.0
Male,18.0,Computer Science,92.15,40.38,61.18,66.75,60.73,8.28,95.27,69.61,A,1,37,81.0,49.0,89.0
Male,20.0,CS,85.54,48.53,94.76,95.51,90.72,7.8,57.02,79.42,A,1,94,35.0,64.0,61.0
Female,23.0,Computer Science,75.39,53.4,99.94,56.79,85.11,3.86,58.46,72.37,C,0,45,53.0,65.0,30.0
Male,24.0,CS,81.29,56.32,86.44,86.04,88.61,9.11,67.08,76.44,C,0,26,65.0,71.0,44.0
Male,18.0,Engineering,,48.79,69.06,84.51,56.16,1.86,74.57,91.35,A,1,38,46.0,62.0,70.0
Male,23.0,CS,55.6,64.62,40.61,84.51,61.2,8.14,96.29,70.69,B,0,30,88.0,25.0,72.0
Male,20.0,Computer Science,90.48,44.51,81.85,81.62,78.78,5.46,95.35,61.5,B,0,44,100.0,56.0,97.0
Male,23.0,Engineering,97.52,85.0,63.36,86.41,92.86,3.3,93.59,78.52,A,0,18,70.0,51.0,73.0
Male,18.0,Engineering,73.26,87.26,77.98,65.08,94.61,0.84,61.13,96.88,D,0,28,69.0,64.0,51.0
Female,21.0,Engineering,85.05,74.46,76.4,67.67,91.6,1.71,86.48,84.66,B,1,42,74.0,71.0,49.0
Female,24.0,Engineering,86.85,45.38,68.85,69.56,52.17,8.63,69.17,65.42,A,1,57,64.0,97.0,62.0
Female,20.0,Business,83.11,93.4,96.66,51.54,91.04,6.07,,98.15,B,0,79,94.0,74.0,60.0
Male,19.0,Engineering,77.36,97.94,41.39,72.34,94.95,2.37,60.73,67.14,A,1,66,68.0,30.0,37.0
Male,20.0,Engineering,94.08,52.14,82.73,53.68,52.84,4.96,57.06,99.16,B,0,78,89.0,40.0,76.0
Male,20.0,Mathematics,72.45,82.28,64.59,84.99,70.81,1.08,92.12,59.6,F,0,25,100.0,27.0,100.0
Female,20.0,Business,53.06,,82.83,96.45,76.83,0.99,85.85,99.98,F,0,22,85.0,88.0,78.0
Male,21.0,Engineering,97.68,72.39,80.51,92.19,61.64,9.08,91.07,53.8,B,0,45,94.0,100.0,91.0
Female,24.0,Engineering,83.7,59.4,40.61,77.67,75.83,4.58,57.9,85.66,C,0,55,45.0,88.0,92.0
Male,18.0,CS,92.46,68.71,57.12,86.26,94.3,3.62,94.24,87.02,A,1,96,100.0,75.0,56.0
Male,24.0, engineering ,56.93,70.74,51.35,65.14,93.35,9.49,83.88,83.98,C,1,42,76.0,65.0,86.0
Male,19.0,Mathematics,51.54,64.04,50.02,87.28,96.99,3.99,82.58,88.88,C,1,39,100.0,10.0,74.0
Female,18.0,Engineering,96.72,95.79,83.71,67.17,74.21,3.36,79.13,73.59,A,1,52,74.0,72.0,35.0
Male,23.0,Mathematics,57.39,84.63,54.37,95.14,70.53,2.73,88.24,52.71,C,1,70,74.0,76.0,80.0
Female,23.0,Engineering,90.48,54.48,68.48,,83.29,5.65,70.78,67.89,A,0,30,97.0,63.0,27.0
Male,23.0,Mathematics,52.19,75.13,54.82,65.79,70.84,5.58,56.64,82.12,A,0,74,77.0,97.0,53.0
Male,18.0, engineering ,85.44,81.32,74.81,74.94,52.1,0.16,76.96,82.31,A,1,31,96.0,88.0,64.0
Female,22.0,CS,56.56,48.41,83.23,88.79,86.0,6.54,87.41,59.76,C,1,99,72.0,61.0,87.0
Male,21.0,Engineering,83.37,61.51,59.86,87.44,64.05,7.88,57.68,62.65,D,0,61,87.0,29.0,84.0
Male,22.0,CS,94.45,94.33,76.18,60.54,52.45,6.16,61.2,74.33,B,1,89,88.0,36.0,75.0
Male,24.0,CS,71.28,74.03,89.49,57.21,51.03,8.7,84.83,86.43,A,0,40,98.0,49.0,56.0
Male,23.0,Business,70.68,53.02,45.65,65.2,96.57,2.76,63.48,92.64,C,0,62,79.0,52.0,72.0
Female,21.0,CS,83.79,47.37,82.64,74.19,62.6,1.92,58.5,54.32,C,1,78,93.0,73.0,77.0
Female,18.0,Business,54.11,71.09,59.39,76.95,72.39,6.97,94.47,96.28,F,0,41,88.0,66.0,76.0
Male,23.0,CS,94.6,72.86,47.36,71.46,97.53,1.89,58.04,96.39,A,1,83,89.0,91.0,71.0
Male,18.0,CS,93.46,60.06,72.74,83.15,73.38,0.91,67.21,50.4,A,0,77,51.0,38.0,44.0
Female,21.0,Mathematics,99.9,77.82,53.58,71.38,53.93,0.97,71.42,75.32,A,1,21,69.0,61.0,34.0
Male,18.0,CS,79.26,44.12,89.28,97.32,77.6,7.68,73.81,79.36,D,0,31,68.0,37.0,100.0
Female,18.0,Engineering,87.56,48.71,42.57,63.05,54.41,0.29,68.07,77.69,A,1,74,86.0,56.0,39.0
Male,19.0,Engineering,60.13,72.78,45.92,81.37,54.75,2.89,95.63,80.79,F,0,18,83.0,32.0,60.0
 FEMALE ,24.0, engineering ,83.38,43.71,71.26,80.57,92.57,1.29,82.93,75.17,F,1,74,88.0,58.0,56.0
Female,22.0,Mathematics,82.49,92.85,75.34,64.08,64.47,7.55,,64.69,F,1,73,75.0,34.0,66.0
Female,22.0,Engineering,95.06,48.53,83.79,70.58,83.93,5.03,67.89,54.79,B,0,22,82.0,59.0,97.0
Female,22.0, engineering ,91.54,80.44,55.56,68.27,75.45,2.05,75.15,60.42,B,1,69,78.0,57.0,90.0
Male,20.0,Business,96.92,63.47,90.51,58.62,61.12,7.5,51.68,87.01,A,1,12,74.0,94.0,60.0
Male,19.0,CS,93.44,63.99,97.19,59.47,75.89,7.5,96.33,62.05,A,0,50,100.0,37.0,90.0
Female,23.0,Engineering,93.43,85.89,69.94,69.33,53.45,5.23,61.17,91.49,B,1,62,69.0,60.0,60.0
Female,23.0,Mathematics,53.19,69.97,85.63,58.92,67.36,2.76,84.88,70.17,C,0,41,47.0,72.0,62.0
Female,23.0,Engineering,92.3,83.54,71.49,72.49,76.14,5.86,88.89,70.72,A,1,82,58.0,87.0,91.0
Female,22.0,Business,80.37,70.31,44.17,71.09,61.42,9.34,91.37,93.42,C,0,23,100.0,99.0,37.0
Male,24.0,Engineering,91.61,75.57,59.57,56.57,83.01,0.52,58.28,60.71,D,0,44,57.0,60.0,29.0
Female,22.0,Business,52.83,85.64,45.25,56.56,52.59,2.67,76.83,59.48,F,1,55,46.0,34.0,46.0
Female,24.0,Mathematics,83.88,76.44,99.33,82.38,74.24,2.85,54.18,99.27,D,0,34,88.0,83.0,75.0
Female,19.0,CS,66.41,76.94,53.74,85.33,85.75,6.32,90.24,77.03,D,0,44,77.0,60.0,94.0
Female,24.0,CS,73.39,87.35,,97.06,71.5,6.51,74.32,59.53,C,0,53,76.0,74.0,82.0
Female,18.0,Engineering,84.09,96.95,57.06,54.35,93.73,2.06,,58.29,A,0,16,76.0,97.0,9.0
Female,22.0,Business,95.59,62.6,79.19,55.89,81.61,2.16,85.93,93.08,A,0,29,73.0,64.0,37.0
Female,23.0,CS,91.27,74.63,52.62,52.59,97.92,9.28,66.56,79.99,B,1,65,94.0,83.0,35.0
Male,18.0,CS,72.53,45.18,87.12,76.61,64.21,7.56,55.73,55.75,C,0,57,58.0,89.0,52.0
Female,22.0,CS,69.39,61.53,,81.14,96.94,9.34,73.05,94.35,D,0,39,67.0,61.0,83.0
Female,21.0,Mathematics,61.99,64.72,93.71,62.31,80.34,8.3,61.76,72.2,A,0,90,77.0,70.0,76.0
Female,20.0,Engineering,68.62,90.11,90.43,89.9,87.26,4.02,97.51,99.47,F,0,35,77.0,46.0,96.0
Male,22.0,Engineering,74.28,70.8,80.73,84.33,95.11,1.22,68.07,64.09,B,0,40,79.0,58.0,12.0
Male,21.0,CS,98.56,83.86,44.04,99.29,77.56,6.3,78.62,76.44,A,0,73,34.0,60.0,20.0
Male,19.0,CS,78.7,41.14,52.51,95.96,93.11,3.52,97.42,58.66,D,1,92,43.0,60.0,65.0
Female,21.0,CS,56.39,67.87,91.56,52.92,77.08,4.25,69.69,71.99,D,0,75,79.0,91.0,50.0
Female,19.0,CS,67.64,94.08,47.32,63.74,79.96,4.26,,58.83,C,0,63,44.0,39.0,46.0
Female,,Math,77.35,53.46,49.36,,72.25,9.37,58.12,65.36,A,0,77,62.0,95.0,46.0
Male,19.0,Mathematics,76.64,41.89,72.64,96.63,,0.69,96.92,63.49,A,1,55,81.0,54.0,38.0
Female,21.0,CS,51.78,66.0,56.45,65.2,77.68,1.93,90.04,64.15,D,0,80,81.0,87.0,88.0
Male,24.0,CS,97.54,82.27,53.32,77.62,98.87,6.08,61.05,98.49,B,0,48,76.0,71.0,68.0
Male,20.0,CS,63.77,67.27,74.55,66.77,89.36,8.84,66.63,51.92,B,0,28,100.0,94.0,45.0
Male,18.0,Engineering,50.81,67.6,62.35,62.29,87.37,9.18,95.75,74.84,C,1,27,33.0,70.0,74.0
Male,18.0,CS,53.82,80.19,48.43,57.62,82.17,5.59,76.86,81.46,C,0,25,58.0,64.0,31.0
Male,20.0,CS,79.01,55.26,72.09,66.02,67.4,0.35,77.82,83.04,C,0,40,84.0,42.0,74.0
Female,23.0,CS,56.89,85.11,63.22,80.77,58.48,3.63,82.41,87.73,C,0,30,96.0,64.0,83.0
Female,18.0,Business,52.09,49.19,84.07,98.58,61.23,9.19,88.11,88.05,D,0,81,57.0,71.0,100.0
Male,22.0,Business,68.98,63.75,46.17,75.85,50.32,5.0,96.96,97.78,D,0,58,55.0,53.0,49.0
Female,23.0,Engineering,81.14,79.36,77.24,76.64,83.67,7.27,90.11,87.78,A,0,17,92.0,92.0,52.0
Female,22.0,CS,58.4,89.7,66.19,51.76,90.59,2.69,96.73,91.18,A,0,11,43.0,54.0,32.0
Male,21.0,Mathematics,65.67,87.49,64.36,92.0,63.45,0.25,91.03,76.62,A,1,37,70.0,59.0,42.0
Male,21.0,Mathematics,70.89,83.3,53.94,52.24,54.59,5.78,52.32,82.88,C,0,79,97.0,94.0,82.0
Female,23.0,CS,57.97,61.55,41.83,95.31,66.79,8.35,55.88,73.91,D,0,31,85.0,70.0,60.0
Female,23.0,CS,75.3,47.34,90.86,76.93,64.6,9.9,94.24,63.82,F,0,64,71.0,51.0,100.0
Female,23.0,Engineering,54.26,53.01,59.58,58.42,72.54,8.47,51.38,65.67,C,1,39,81.0,65.0,35.0
Female,23.0,CS,52.33,91.89,80.87,72.59,63.21,5.54,89.71,68.03,D,1,40,100.0,61.0,57.0
Male,19.0,Engineering,75.99,91.44,96.86,99.75,66.99,6.09,92.49,67.03,F,0,28,78.0,93.0,85.0
Female,24.0,Engineering,62.39,97.09,73.9,65.25,95.38,8.24,70.77,76.66,D,0,42,61.0,65.0,91.0
Male,23.0,Engineering,54.77,44.56,63.83,63.47,66.74,0.2,67.74,62.38,C,1,62,64.0,52.0,43.0
Male,24.0,CS,71.2,72.21,56.1,55.9,89.28,9.52,59.72,75.83,D,0,32,66.0,81.0,76.0
Female,23.0,Engineering,95.76,78.92,96.04,79.86,81.29,5.31,52.45,95.81,A,1,54,71.0,60.0,23.0
Female,21.0,Mathematics,86.21,82.64,80.92,54.46,66.88,9.52,87.27,70.3,A,0,27,67.0,65.0,87.0
Female,22.0,CS,90.78,78.63,79.92,88.3,90.89,7.65,53.69,61.13,A,0,32,80.0,48.0,26.0
Male,24.0,Engineering,93.6,86.2,65.57,95.96,79.75,1.52,97.23,67.34,A,0,10,79.0,80.0,44.0
Male,21.0,CS,98.63,61.57,90.7,71.61,50.43,1.65,64.84,93.84,B,1,74,98.0,25.0,68.0
Male,18.0,CS,88.16,50.77,82.82,55.4,53.44,3.54,89.71,97.08,B,0,23,89.0,73.0,57.0
Male,19.0,Engineering,80.42,52.28,56.99,77.91,87.63,2.64,52.98,94.33,D,0,53,67.0,41.0,76.0
Female,19.0,CS,68.27,40.72,75.97,76.01,72.33,4.39,76.81,64.37,C,1,57,63.0,36.0,50.0
Male,22.0,CS,59.08,61.02,65.81,78.6,70.28,6.04,67.45,69.39,D,0,66,44.0,50.0,79.0
Male,23.0,CS,54.55,45.5,40.4,90.75,57.29,4.37,51.5,98.75,C,1,90,79.0,54.0,100.0
Female,21.0,Engineering,99.75,59.29,88.46,76.89,57.87,0.56,82.79,66.19,A,1,18,74.0,85.0,18.0
Male,18.0,Business,73.37,77.69,47.37,59.99,89.89,9.76,97.16,56.89,A,0,52,80.0,56.0,61.0
 MALE ,21.0,CS,86.18,93.67,70.6,90.08,91.45,4.25,50.54,64.1,A,0,55,100.0,79.0,57.0
Female,23.0,Engineering,74.75,90.38,60.17,63.83,78.0,8.51,63.52,98.2,D,0,8,62.0,73.0,56.0
Male,23.0,CS,71.6,55.16,60.53,81.16,64.76,0.74,85.18,70.79,F,1,33,92.0,64.0,66.0
Male,20.0,Engineering,,48.04,68.64,50.37,96.64,8.1,93.56,96.69,D,1,54,75.0,71.0,85.0
Male,21.0,Engineering,57.33,,99.82,69.8,81.2,1.73,59.54,55.2,C,0,45,66.0,58.0,70.0
Male,22.0,Engineering,70.19,98.26,64.5,61.9,89.83,6.79,,88.3,F,0,86,43.0,88.0,64.0
Female,21.0,Mathematics,87.44,72.97,50.94,96.86,50.16,6.62,50.43,54.67,B,0,13,62.0,33.0,31.0
Male,19.0,Mathematics,93.71,50.95,76.82,70.27,72.52,9.1,60.76,59.87,B,0,41,75.0,54.0,99.0
Female,18.0,CS,68.05,90.44,54.18,82.7,93.55,3.21,53.57,80.81,F,1,35,76.0,62.0,21.0
Male,24.0,Business,61.38,63.71,46.33,86.6,66.91,1.09,67.97,71.72,A,0,48,91.0,37.0,70.0
Female,22.0,CS,59.14,93.95,43.01,88.66,86.33,8.65,72.01,83.33,A,1,83,34.0,75.0,51.0
Female,20.0,Mathematics,67.08,55.64,41.37,86.79,82.88,3.32,74.0,98.67,B,0,71,73.0,79.0,48.0
Female,,CS,65.47,63.59,65.87,64.46,57.61,2.33,57.12,52.64,D,1,51,25.0,55.0,63.0
Male,18.0,CS,86.34,70.3,65.6,84.3,88.75,4.86,73.2,59.58,B,1,48,73.0,41.0,77.0
Male,24.0,CS,65.23,93.56,51.13,77.45,55.63,1.46,50.45,82.01,F,0,28,72.0,63.0,54.0
Male,19.0,CS,52.65,92.13,87.04,79.87,86.4,2.97,61.97,94.83,D,0,27,81.0,55.0,60.0
Female,19.0,Business,68.68,74.46,47.76,50.04,99.55,3.85,,89.88,C,1,65,58.0,81.0,47.0
Male,19.0,Mathematics,86.07,53.31,94.92,83.35,97.9,2.77,55.92,73.28,A,0,81,100.0,78.0,83.0
Male,22.0,Engineering,92.58,64.2,75.25,96.53,90.01,4.5,90.7,87.27,A,0,84,87.0,52.0,79.0
Male,21.0,BUSINESS,81.48,98.54,41.66,64.5,76.73,,60.06,60.4,F,0,23,90.0,94.0,70.0
Male,18.0,Business,83.01,76.47,97.78,71.9,83.74,7.75,87.74,50.69,F,0,36,87.0,54.0,52.0
Female,21.0,CS,86.69,86.87,58.48,59.33,86.41,9.18,73.69,78.5,A,1,68,61.0,72.0,78.0
Female,21.0,CS,94.86,66.99,67.0,56.93,50.42,1.01,73.99,90.66,B,0,23,98.0,57.0,42.0
Male,19.0,CS,71.63,71.92,57.06,96.82,55.12,8.23,82.26,71.67,D,0,52,79.0,86.0,67.0
Male,21.0,CS,58.32,65.74,83.71,77.68,79.85,,52.21,78.46,D,1,37,77.0,63.0,64.0
Male,18.0,CS,65.95,82.18,69.14,95.95,50.33,6.87,,71.11,B,0,32,45.0,53.0,39.0
Female,18.0,CS,71.61,91.09,47.94,66.31,95.45,9.96,,75.7,B,1,37,50.0,89.0,68.0
Male,23.0,CS,85.69,70.44,46.25,66.17,74.48,3.35,70.84,94.22,B,0,47,45.0,61.0,34.0
Female,20.0,CS,50.66,68.85,83.52,78.21,62.89,8.3,71.5,73.91,D,0,69,65.0,55.0,46.0
Female,22.0,Mathematics,65.79,60.42,54.22,67.84,69.69,6.74,83.84,50.37,F,0,56,100.0,51.0,42.0
Male,21.0,CS,88.99,50.63,48.27,86.13,92.54,3.23,50.04,89.99,B,0,27,91.0,80.0,63.0
Male,22.0,Engineering,83.54,96.35,69.97,68.89,96.36,7.05,97.96,80.89,C,1,38,70.0,76.0,63.0
Male,22.0,Engineering,,58.96,88.17,74.52,55.81,5.1,58.72,86.52,A,1,72,78.0,91.0,67.0
Female,22.0,Engineering,90.59,88.04,56.73,76.67,88.9,1.89,62.43,95.05,B,0,49,100.0,43.0,66.0
Female,24.0,CS,89.16,82.92,56.59,89.1,78.91,1.74,95.28,64.31,A,1,37,76.0,68.0,14.0
Male,23.0,CS,84.11,87.46,90.03,78.2,79.28,7.13,50.27,75.15,D,0,77,82.0,75.0,65.0
Female,22.0,CS,71.98,96.21,48.87,61.96,88.97,7.12,99.57,80.12,B,0,63,41.0,97.0,63.0
Male,23.0,CS,80.4,77.4,77.0,56.2,61.14,5.31,51.8,67.27,D,0,82,60.0,70.0,55.0
Male,18.0,CS,78.45,93.88,97.3,63.17,76.55,5.01,,92.3,B,0,43,53.0,27.0,72.0
Female,24.0,Engineering,60.14,50.06,90.48,90.08,65.97,1.8,62.01,84.88,D,0,58,66.0,100.0,35.0
Female,21.0,Engineering,64.64,77.6,43.71,91.28,54.73,4.29,71.94,86.67,A,0,22,41.0,34.0,61.0
Female,23.0,Engineering,54.43,86.34,59.19,91.08,55.25,8.71,75.92,90.4,A,0,79,45.0,82.0,76.0
Female,20.0,Engineering,96.24,56.3,48.54,79.53,56.82,8.55,55.24,62.9,A,1,50,51.0,71.0,36.0
Male,22.0,CS,58.94,84.45,96.95,75.94,80.74,6.61,53.68,87.28,C,0,23,35.0,76.0,68.0
Male,24.0,Business,54.12,86.71,99.16,50.61,55.29,9.97,51.59,88.69,F,1,91,87.0,74.0,58.0
Male,20.0,CS,94.08,,54.1,89.04,78.51,8.93,62.84,92.12,B,1,100,94.0,66.0,60.0
Female,18.0,Business,95.76,58.77,80.18,59.9,79.41,1.45,96.08,74.43,A,0,47,66.0,100.0,47.0
Male,18.0,Business,63.82,80.9,90.5,59.92,95.19,3.99,69.49,75.21,A,0,69,96.0,100.0,73.0
Female,19.0,Engineering,68.86,58.26,54.02,50.79,81.32,1.32,88.2,54.91,B,0,90,68.0,94.0,10.0
Female,22.0,CS,83.01,84.34,51.26,89.82,99.28,4.66,59.51,92.61,F,0,47,49.0,80.0,50.0
Female,19.0,Engineering,66.5,67.78,40.67,51.15,51.55,7.76,53.23,76.67,B,0,74,76.0,89.0,71.0
Male,24.0,CS,93.86,75.85,64.72,93.9,85.21,1.56,77.71,79.72,A,0,37,71.0,57.0,57.0
Female,20.0,CS,55.38,64.95,93.97,63.41,51.32,8.8,91.1,56.07,D,1,61,85.0,80.0,48.0
Female,21.0,CS,51.9,49.72,94.18,57.88,,5.69,94.92,80.09,D,1,86,55.0,78.0,88.0
Female,19.0,CS,60.42,50.68,47.66,74.05,69.29,7.49,77.31,52.1,C,0,87,77.0,46.0,92.0
Female,18.0,Engineering,64.3,44.65,52.26,64.18,80.57,0.45,64.7,96.16,C,1,100,100.0,51.0,81.0
Female,22.0,Business,55.65,77.08,64.48,99.66,65.48,0.94,55.48,93.18,D,0,60,63.0,51.0,48.0
Female,20.0,CS,53.28,90.92,86.84,,57.96,6.21,83.39,59.72,D,1,77,99.0,36.0,69.0
Female,23.0,Mathematics,,41.25,76.71,78.32,86.18,8.38,,79.69,A,0,60,77.0,12.0,11.0
Female,24.0,Mathematics,58.21,43.97,70.83,61.04,95.23,8.74,92.2,80.13,C,0,55,78.0,71.0,93.0
Female,24.0,Mathematics,95.7,67.45,75.52,70.43,59.18,6.88,80.26,90.17,A,0,64,86.0,52.0,56.0
Female,18.0,Business,60.26,84.26,45.77,56.2,96.04,2.01,92.94,87.85,C,0,15,77.0,43.0,37.0
Female,23.0,CS,83.53,49.46,68.66,88.13,57.01,1.95,78.33,99.66,D,0,34,45.0,77.0,58.0
Female,24.0,CS,61.27,,99.52,66.56,86.78,8.81,88.59,67.54,B,1,40,83.0,65.0,69.0
Male,21.0,Engineering,62.02,53.92,45.31,87.6,97.97,1.13,64.72,56.23,B,0,30,23.0,72.0,56.0
Male,22.0,Engineering,78.74,63.94,71.15,68.58,57.37,6.86,75.15,78.67,A,1,34,62.0,33.0,52.0
Female,21.0,Business,78.03,53.5,57.74,99.44,71.75,5.34,50.97,88.2,D,0,30,67.0,79.0,69.0
Female,24.0,Mathematics,88.44,61.16,72.39,58.56,66.87,4.21,80.39,64.29,B,0,24,70.0,67.0,96.0
Female,21.0,Engineering,87.89,83.71,74.43,50.08,69.42,4.4,76.69,61.81,B,0,44,50.0,53.0,57.0
Male,24.0,CS,83.53,76.66,74.65,79.74,87.66,9.45,87.76,90.12,F,0,62,70.0,83.0,88.0
Male,22.0,CS,72.46,44.87,91.13,97.65,83.06,,86.45,87.69,C,0,81,77.0,71.0,74.0
Male,,CS,94.53,78.26,63.38,82.35,98.43,8.65,81.38,60.17,A,0,16,71.0,61.0,45.0
Female,23.0, engineering ,81.13,68.62,70.98,,59.27,4.07,52.83,93.46,F,0,80,100.0,89.0,73.0
Female,21.0,Engineering,99.51,96.07,40.66,77.02,77.16,1.07,95.15,56.74,A,1,70,100.0,49.0,32.0
Female,,Business,90.97,57.36,87.37,95.47,72.46,9.98,50.9,55.46,A,0,45,57.0,49.0,100.0
Female,23.0,Engineering,52.22,83.57,55.57,,95.94,1.45,90.16,67.56,C,0,30,93.0,49.0,88.0
Male,22.0,Mathematics,66.03,83.85,88.99,58.35,50.53,5.16,73.97,94.33,F,0,38,44.0,90.0,28.0
Female,18.0,Engineering,78.59,53.29,55.94,52.27,99.46,2.65,90.9,84.77,A,0,12,98.0,72.0,65.0
Male,24.0,Business,86.07,94.19,40.65,94.7,73.99,5.11,73.25,69.74,A,0,35,74.0,46.0,100.0
Male,23.0,CS,77.52,69.47,49.29,85.36,81.28,3.05,82.35,57.86,F,1,58,53.0,100.0,36.0
Female,19.0,Business,89.31,80.73,99.14,59.27,68.0,8.97,68.16,85.67,B,1,10,90.0,79.0,29.0
Male,20.0, engineering ,98.99,48.75,59.19,54.51,92.63,9.68,87.18,79.96,A,0,97,78.0,60.0,72.0
Male,24.0,CS,59.2,55.47,46.53,72.49,78.1,4.1,62.71,99.38,D,0,50,86.0,64.0,58.0
Male,23.0,CS,96.62,75.17,47.13,84.25,83.14,0.7,85.97,88.28,B,0,39,75.0,62.0,36.0
Male,22.0,Mathematics,78.67,59.14,58.62,85.13,82.45,6.63,59.67,55.11,B,1,58,93.0,67.0,48.0
Female,22.0,CS,84.43,69.98,42.26,89.67,68.2,3.77,86.11,86.41,C,0,15,100.0,100.0,73.0
Female,20.0,Engineering,66.31,62.44,70.69,95.88,53.8,9.86,64.68,62.87,A,1,51,62.0,27.0,76.0
Male,19.0,CS,80.68,,52.82,68.08,90.39,0.89,63.93,98.09,C,0,98,90.0,90.0,80.0
Female,23.0,Engineering,52.61,69.23,71.16,52.15,64.49,1.19,90.57,50.96,D,1,38,80.0,70.0,74.0
Male,23.0,BUSINESS,54.96,40.28,48.45,68.12,92.45,6.99,90.68,61.92,C,1,83,72.0,74.0,87.0
Female,21.0,CS,85.09,78.98,65.79,83.58,80.43,7.59,84.57,74.95,A,0,24,90.0,100.0,70.0
Female,18.0,Engineering,68.4,65.33,75.88,60.67,67.69,4.71,96.2,53.95,B,0,29,44.0,38.0,77.0
Female,22.0,Mathematics,83.57,60.5,43.72,90.5,79.71,2.77,57.81,67.2,A,0,45,41.0,51.0,46.0
Female,23.0,Business,91.59,45.65,63.92,60.99,82.27,3.1,63.47,74.86,A,1,74,87.0,46.0,44.0
 FEMALE ,23.0,Business,92.63,53.22,58.15,50.5,85.33,3.38,,72.35,B,0,42,100.0,52.0,82.0
Male,24.0,Engineering,58.61,53.43,54.42,75.4,91.12,2.25,65.26,73.03,F,1,71,59.0,47.0,40.0
Female,24.0,CS,74.31,96.12,76.27,86.32,57.99,8.51,66.4,93.95,A,0,56,83.0,79.0,80.0
Male,23.0,Engineering,86.7,65.95,75.31,67.48,97.21,0.65,84.85,75.26,A,1,48,51.0,80.0,69.0
Male,19.0,Business,88.7,42.52,77.84,87.44,70.54,4.07,63.54,97.05,A,0,14,71.0,53.0,47.0
Female,18.0,CS,89.23,48.33,49.53,71.92,93.02,7.48,64.3,57.39,B,1,20,40.0,62.0,35.0
Male,23.0,CS,61.41,44.74,57.14,58.59,61.02,0.04,78.52,64.01,D,1,50,100.0,48.0,39.0
Female,20.0,CS,59.63,75.33,52.58,54.53,51.45,8.78,59.67,82.83,D,0,65,73.0,79.0,79.0
Male,22.0,Engineering,79.5,51.2,72.43,85.53,78.67,7.06,68.24,64.16,F,0,48,100.0,75.0,67.0
Male,21.0,Business,87.05,69.91,67.66,69.29,66.23,0.73,52.9,67.36,A,0,40,47.0,67.0,63.0
Female,24.0,CS,65.96,62.2,59.82,95.64,,8.95,97.63,95.05,C,0,42,74.0,60.0,43.0
Female,20.0,Engineering,86.3,88.23,87.16,77.01,55.22,4.87,65.87,76.93,A,0,38,38.0,50.0,29.0
Female,22.0,Mathematics,85.84,59.23,45.64,67.42,52.37,6.52,92.5,66.73,B,0,36,57.0,75.0,55.0
Female,24.0,CS,64.98,67.5,98.49,67.45,52.25,8.82,76.5,88.84,F,1,49,96.0,58.0,75.0
Male,19.0,Engineering,58.32,83.28,,56.57,60.84,8.81,61.41,53.53,D,0,20,53.0,59.0,73.0
Female,24.0,Mathematics,57.39,66.0,86.38,79.69,78.96,4.09,59.67,78.18,C,1,94,88.0,57.0,63.0
Male,18.0,Mathematics,65.75,87.59,62.09,79.11,75.28,2.38,84.75,54.98,C,0,47,51.0,89.0,56.0
Male,18.0,CS,79.63,79.7,91.92,90.0,67.5,2.57,98.24,58.84,B,1,98,100.0,57.0,94.0
Male,22.0,CS,67.92,64.63,44.45,60.06,54.44,7.66,59.15,53.12,F,1,0,53.0,74.0,82.0
Male,20.0,CS,51.03,70.24,62.48,64.54,61.69,9.29,55.77,95.08,C,0,99,80.0,74.0,91.0
Male,21.0,Business,54.85,98.03,60.13,54.86,59.21,0.72,69.35,52.41,F,0,73,100.0,79.0,63.0
Male,19.0,Business,64.53,79.7,99.59,,87.28,0.15,69.69,75.82,B,0,45,47.0,64.0,100.0
Female,22.0, engineering ,82.99,94.3,99.13,71.41,89.0,8.23,90.31,61.25,C,0,26,41.0,53.0,9.0
Male,19.0,CS,54.93,50.73,51.39,98.2,88.85,3.87,73.44,69.18,C,0,81,70.0,48.0,81.0
Male,18.0,CS,78.03,68.99,77.8,82.65,98.45,2.76,53.12,74.68,B,0,36,86.0,86.0,42.0
Male,23.0,Engineering,55.99,94.52,72.13,89.14,94.21,1.88,96.03,72.5,D,0,23,89.0,48.0,82.0
Female,23.0,Engineering,60.58,59.36,49.26,66.28,74.89,3.46,68.66,87.4,D,1,46,85.0,51.0,86.0
Female,21.0,Business,58.61,98.06,50.07,57.23,70.75,9.71,83.43,95.59,C,1,49,98.0,80.0,76.0
Male,19.0,Engineering,53.36,45.82,99.36,62.84,95.79,9.77,83.37,65.01,D,1,46,83.0,55.0,36.0
Female,22.0,CS,83.57,94.16,67.16,62.82,80.56,3.32,52.82,51.23,C,0,41,78.0,99.0,43.0
Male,21.0,CS,63.19,66.71,47.55,79.16,64.72,9.64,50.18,94.7,F,0,80,91.0,85.0,84.0
Female,24.0,CS,91.55,44.42,52.89,72.54,78.22,3.0,54.4,98.94,A,0,54,50.0,32.0,70.0
Male,24.0,CS,54.94,92.77,56.1,92.87,99.61,8.54,97.83,71.67,F,1,58,73.0,46.0,86.0
Female,20.0,Computer Science,57.24,55.12,70.66,,92.47,2.12,,72.79,D,0,66,94.0,62.0,60.0
Female,23.0,Computer Science,65.32,41.34,60.13,67.16,64.06,,56.6,57.21,C,0,53,65.0,73.0,57.0
Female,22.0,CS,88.29,48.15,67.3,85.25,97.65,3.54,80.74,73.78,A,1,49,70.0,78.0,69.0
Male,19.0,CS,65.29,79.55,49.99,82.87,99.07,1.96,80.6,65.17,A,0,32,56.0,38.0,36.0
Male,21.0,Business,70.42,98.67,59.6,59.72,61.56,9.35,50.03,99.72,C,0,18,62.0,38.0,78.0
Male,22.0,CS,65.08,46.69,44.22,95.9,94.78,2.14,71.45,59.24,C,1,56,61.0,63.0,46.0
Female,21.0,Engineering,54.01,67.72,93.38,89.16,94.16,9.92,85.59,68.93,D,0,17,77.0,54.0,60.0
Female,21.0,Business,66.19,50.84,51.93,86.85,51.99,1.09,59.34,80.83,A,1,39,75.0,58.0,75.0
Male,21.0,Engineering,77.43,84.7,85.41,67.38,83.48,0.1,92.55,67.26,A,1,43,100.0,93.0,79.0
Female,19.0,Mathematics,89.39,47.08,60.97,68.35,65.26,8.71,83.02,73.72,A,1,83,84.0,73.0,80.0
Male,22.0,Computer Science,82.92,54.39,68.46,72.77,83.73,5.87,50.35,98.67,F,0,25,100.0,100.0,68.0
Male,18.0,Business,90.18,51.78,57.48,93.23,95.68,4.22,92.75,75.4,B,0,39,74.0,100.0,85.0
Male,18.0,Mathematics,54.48,73.15,81.79,57.01,74.94,0.82,50.97,95.52,C,1,42,58.0,81.0,37.0
Male,19.0,Business,82.14,92.39,90.67,52.73,70.72,,94.4,52.15,D,0,68,66.0,70.0,35.0
Female,24.0,CS,57.77,70.67,57.18,59.29,96.08,3.94,66.69,55.99,D,1,61,77.0,55.0,66.0
Female,19.0,CS,70.72,43.49,54.53,52.78,98.71,4.84,84.93,97.23,D,1,15,74.0,45.0,64.0
Female,23.0,CS,81.46,73.8,80.89,84.38,53.11,6.3,89.37,56.44,A,1,15,73.0,48.0,38.0
Male,21.0,Engineering,89.11,87.85,51.71,88.02,96.14,6.4,64.06,86.83,B,1,85,69.0,61.0,46.0
Female,22.0,Business,84.25,47.93,78.39,92.74,54.14,9.61,67.82,72.3,B,1,86,52.0,64.0,58.0
Male,22.0,CS,92.43,44.36,45.67,87.19,66.86,6.55,75.48,70.34,A,0,66,75.0,100.0,88.0
Male,20.0,Engineering,57.45,51.27,77.21,95.82,88.13,3.39,79.13,82.96,C,1,62,69.0,100.0,76.0
Male,20.0,Engineering,67.31,84.77,70.8,87.42,88.85,3.3,64.6,86.38,B,1,40,74.0,32.0,58.0
Male,18.0,Engineering,83.04,75.5,46.83,96.8,86.29,4.77,99.62,96.6,F,1,30,64.0,55.0,55.0
Male,20.0,Business,85.97,72.44,78.95,59.66,51.96,2.59,86.85,62.84,A,1,13,79.0,45.0,97.0
Male,20.0,Business,59.77,54.97,66.79,74.99,56.65,3.76,63.71,84.9,B,0,32,48.0,25.0,30.0
Female,18.0,CS,63.21,59.93,53.03,99.7,96.81,8.42,82.02,67.11,C,1,33,51.0,61.0,68.0
Female,23.0,Engineering,54.38,97.95,61.2,84.08,54.07,8.6,71.77,85.88,C,0,10,67.0,55.0,70.0
Female,24.0,CS,73.78,54.44,69.53,93.93,53.93,6.28,93.02,57.11,C,1,41,67.0,67.0,51.0
Female,18.0,Engineering,92.83,94.1,45.49,51.52,91.78,5.83,66.45,72.88,A,0,42,83.0,53.0,61.0
Male,24.0,Mathematics,77.6,74.83,97.46,93.59,82.06,4.27,59.39,59.18,C,1,82,40.0,55.0,66.0
Male,20.0,Business,52.34,47.4,79.93,84.89,67.58,6.36,52.31,66.82,C,0,31,80.0,87.0,68.0
Female,22.0,Engineering,98.71,68.04,46.15,58.54,58.29,8.06,99.22,85.78,A,0,28,74.0,50.0,72.0
Female,20.0,CS,91.43,96.91,89.37,51.28,94.21,7.38,67.96,61.67,A,1,70,100.0,70.0,55.0
Female,21.0,CS,56.58,65.11,59.35,63.0,99.43,0.35,61.03,84.24,C,1,65,63.0,65.0,56.0
Female,24.0,Engineering,96.09,91.8,75.81,95.79,52.5,7.31,74.59,74.8,B,0,61,52.0,84.0,84.0
Female,24.0,CS,72.53,55.39,56.63,83.41,77.71,7.2,64.58,54.6,A,0,47,44.0,47.0,65.0
Female,21.0,Engineering,68.59,74.26,84.0,95.97,63.07,0.99,61.65,69.33,B,0,25,84.0,62.0,100.0
Female,21.0,CS,73.05,90.63,83.38,72.31,91.62,1.5,80.82,93.46,F,0,34,98.0,10.0,72.0
Female,23.0,CS,91.73,95.24,73.12,96.83,67.3,7.88,53.74,99.46,B,0,74,87.0,93.0,69.0
Male,19.0,CS,50.65,69.15,54.46,73.15,85.73,5.59,75.45,68.45,D,1,65,100.0,87.0,87.0
Male,21.0,Mathematics,52.96,78.38,55.22,60.21,76.98,8.22,69.37,52.74,D,0,42,82.0,89.0,54.0
Male,24.0,Business,97.88,40.18,62.97,57.57,77.08,1.85,76.63,56.51,B,0,36,58.0,71.0,34.0
Male,22.0,CS,53.86,55.19,48.7,99.69,92.9,0.31,66.02,89.41,B,0,35,56.0,76.0,75.0
Female,24.0,CS,87.28,56.72,60.26,66.69,73.52,1.62,78.52,82.79,A,0,94,18.0,39.0,100.0
Male,24.0,Engineering,81.81,45.61,81.06,58.0,92.28,4.53,54.09,64.25,D,1,33,39.0,69.0,100.0
Female,23.0,CS,59.38,56.78,89.85,50.42,68.17,5.23,68.81,69.56,D,0,36,97.0,62.0,37.0
Male,19.0,Engineering,58.54,59.27,59.95,64.28,58.74,8.58,61.87,90.56,C,0,19,73.0,56.0,39.0
Female,19.0,Business,93.52,98.13,54.02,94.46,72.77,7.16,71.9,70.66,B,1,24,51.0,59.0,41.0
Female,21.0,Engineering,70.98,80.12,89.96,73.81,74.92,9.9,69.92,87.79,D,0,28,34.0,69.0,59.0
Male,20.0,Engineering,82.73,65.56,93.44,81.62,73.92,0.79,81.56,64.76,B,0,52,91.0,64.0,58.0
Male,24.0, engineering ,75.2,99.28,64.6,82.76,90.42,1.3,81.44,86.24,F,0,11,44.0,73.0,9.0
Female,18.0,Mathematics,86.37,49.19,41.61,75.64,78.23,0.84,70.67,73.32,B,1,16,53.0,51.0,44.0
Female,20.0,Mathematics,72.31,68.56,81.7,58.18,94.42,,59.08,77.27,A,0,76,47.0,53.0,99.0
Female,20.0,Engineering,64.37,78.82,87.04,66.19,75.71,2.67,79.1,79.94,A,0,51,61.0,54.0,56.0
Male,19.0,CS,68.17,43.33,41.08,75.92,61.24,6.84,98.33,72.53,A,0,19,62.0,34.0,67.0
Male,19.0,Engineering,92.95,83.02,75.7,53.94,56.47,1.33,59.27,73.31,B,1,38,37.0,78.0,54.0
Female,23.0,CS,73.4,45.99,75.3,86.24,93.42,1.03,53.45,63.29,B,0,100,100.0,71.0,87.0
Male,23.0,Engineering,60.67,48.42,62.72,83.03,52.81,4.6,63.23,99.29,C,1,28,100.0,54.0,76.0
Female,19.0,Engineering,96.73,49.58,84.99,59.58,55.88,,70.65,95.29,B,0,47,57.0,89.0,69.0
Male,22.0,CS,89.83,95.73,65.69,69.44,53.18,8.29,65.31,76.37,B,0,14,29.0,56.0,36.0
Male,22.0,CS,52.78,80.99,80.61,,71.19,8.38,91.74,51.73,F,0,44,72.0,63.0,61.0
Male,18.0,Engineering,99.95,79.33,71.03,54.72,76.63,1.17,74.65,58.42,B,1,69,64.0,46.0,47.0
Male,19.0,Business,84.75,73.33,54.91,79.24,50.99,8.12,62.31,92.7,B,0,72,70.0,70.0,55.0
Male,21.0,Engineering,58.01,57.57,76.39,99.68,75.78,5.64,97.51,96.54,C,0,24,47.0,54.0,50.0
Female,23.0,Engineering,61.86,77.25,84.21,74.23,69.69,5.04,56.25,58.06,D,1,73,56.0,77.0,100.0
Female,19.0,CS,84.62,64.61,98.43,77.26,88.68,0.95,56.15,86.73,D,0,50,81.0,87.0,52.0
Male,22.0,Engineering,88.99,48.72,62.81,52.02,91.5,7.4,62.26,81.15,B,0,17,68.0,79.25,66.0
Female,19.0,Engineering,61.95,81.38,43.87,56.96,84.25,0.6,53.84,65.17,F,0,23,60.9,71.0,85.0
Female,22.0,Engineering,62.85,47.77,99.28,75.66,73.67,2.78,87.58,71.8,A,0,46,95.0,63.0,77.0
Male,19.0,CS,65.36,51.44,77.43,99.26,60.81,0.95,65.64,83.86,C,1,80,40.0,64.0,68.0
Female,24.0,Engineering,76.84,89.06,96.79,93.83,92.36,5.31,86.49,55.06,A,0,39,72.0,100.0,59.0
Male,21.0,CS,58.59,79.61,46.23,,67.08,6.45,88.14,59.45,D,1,36,55.0,38.0,95.0
Female,18.0,CS,55.21,77.86,60.52,77.15,67.81,8.91,61.88,51.67,D,0,48,56.0,49.0,76.0
Female,24.0,Mathematics,83.94,65.09,48.04,99.87,95.8,7.34,75.92,95.11,F,1,10,77.0,53.0,29.0
Female,21.0,CS,88.95,63.78,90.13,84.27,98.78,9.61,75.98,78.69,A,0,37,52.0,60.0,74.0
Female,22.0,CS,93.06,81.42,92.82,84.39,94.91,7.61,93.57,76.17,F,1,67,52.0,82.0,73.0
Female,23.0,Engineering,68.19,84.4,70.08,89.49,99.91,2.98,51.28,85.31,D,0,41,78.0,84.0,68.0
Female,23.0,Business,71.6,70.61,51.2,51.25,93.45,5.48,65.84,99.42,C,1,49,68.0,72.0,17.0
Female,20.0,Engineering,69.42,98.16,47.63,97.18,85.22,4.58,94.12,58.61,B,1,0,94.0,52.0,46.0
Male,21.0,Business,98.0,97.34,75.29,53.5,64.69,5.66,61.84,56.66,B,0,54,67.0,66.0,60.0
Male,19.0,BUSINESS,88.4,64.75,70.38,73.81,97.65,5.72,56.84,64.74,A,0,27,87.0,79.0,9.0
Male,18.0,CS,60.4,89.24,81.69,95.98,93.83,7.02,78.81,95.2,C,1,33,81.0,72.0,82.0
Male,19.0,CS,69.21,72.6,58.31,74.38,62.04,,65.29,70.57,B,0,59,45.0,59.0,94.0
Female,19.0,CS,77.2,70.71,64.14,53.18,74.46,7.47,73.36,89.67,F,0,67,98.0,79.0,94.0
Female,21.0,Business,80.65,43.3,41.28,61.46,53.5,1.44,91.0,60.15,B,0,96,43.0,64.0,44.0
Female,18.0,CS,73.41,74.44,76.61,78.93,97.67,0.26,76.03,74.68,D,1,66,54.0,82.0,87.0
Male,20.0,CS,90.51,94.03,65.39,54.39,78.64,5.19,75.79,56.37,A,0,62,86.0,63.0,42.0
Male,24.0,Engineering,88.38,86.81,95.19,71.18,62.26,5.81,63.91,70.64,B,1,84,69.0,69.0,10.0
Male,19.0,Engineering,75.21,87.18,78.51,66.45,64.62,0.35,89.64,63.11,A,0,86,68.0,77.0,58.0
Female,18.0,Engineering,92.72,49.6,63.92,90.76,99.03,5.15,86.99,77.47,A,0,61,88.0,69.0,83.0
Male,20.0,Engineering,87.55,61.51,55.82,55.51,80.78,5.35,,89.02,A,0,41,86.0,40.0,74.0
Female,24.0,CS,92.19,53.99,94.32,84.14,71.03,,66.0,96.92,F,0,55,100.0,43.0,49.0
Male,19.0,Engineering,97.82,58.95,40.98,70.33,74.99,7.12,89.43,64.19,A,1,10,86.0,82.0,67.0
Female,18.0,Engineering,63.32,74.77,59.61,79.39,54.93,2.1,67.89,87.16,A,1,51,43.0,55.0,72.0
Male,24.0,Mathematics,63.19,61.89,96.61,60.28,53.75,7.94,70.18,94.28,D,1,39,42.0,66.0,76.0
Female,21.0,CS,91.05,73.64,79.24,80.49,79.64,3.11,68.22,56.24,F,1,45,73.0,82.0,64.0
Male,23.0,Business,88.61,66.31,71.96,83.7,75.6,4.78,58.08,79.3,B,1,68,58.0,67.0,87.0
Male,23.0,Engineering,96.33,57.2,52.21,53.51,67.96,8.92,67.04,80.59,A,1,47,77.0,89.0,78.0
Female,19.0,CS,53.16,45.72,90.0,91.22,78.31,8.06,90.15,63.62,C,1,46,66.0,68.0,42.0
Female,19.0,Business,71.54,93.51,52.25,93.06,53.63,7.82,74.55,51.13,F,0,50,43.0,86.0,100.0
Male,24.0,CS,57.23,40.68,54.9,53.18,97.2,1.6,72.91,62.84,D,0,52,70.0,77.0,100.0
Female,,Mathematics,75.19,40.1,51.51,80.16,64.69,0.48,57.82,79.24,B,0,83,56.0,63.0,91.0
Male,23.0,Business,78.11,89.61,49.49,79.7,53.59,6.06,58.88,59.82,B,1,64,96.0,88.0,100.0
Female,19.0,CS,56.4,99.81,97.2,50.62,58.48,4.11,52.15,64.37,D,1,99,78.0,100.0,69.0
Male,20.0,CS,50.61,83.63,76.12,67.12,54.77,9.09,50.7,85.4,F,1,33,81.0,100.0,61.0
Female,19.0,CS,81.51,40.92,78.27,98.45,58.93,3.5,74.4,69.92,B,1,28,75.0,84.0,61.0
Male,23.0,CS,67.95,53.6,97.26,77.77,70.84,4.11,70.46,53.27,C,0,74,57.0,56.0,41.0
Male,22.0,CS,55.26,98.31,53.83,96.66,86.9,5.26,63.77,69.96,F,0,79,78.0,84.0,83.0
Male,23.0,CS,66.14,88.52,40.36,83.78,63.62,7.96,99.5,99.99,B,0,86,81.0,57.0,61.0
Female,20.0,Engineering,58.45,74.01,75.93,51.42,71.8,2.68,69.9,63.05,F,1,36,53.0,77.0,57.0
Male,18.0,CS,97.08,54.21,70.47,53.89,96.44,9.42,89.44,63.26,A,1,24,61.0,50.0,64.0
Female,20.0,BUSINESS,72.03,40.86,68.66,86.11,64.79,5.4,60.53,58.49,C,1,84,100.0,80.0,67.0
Female,22.0,BUSINESS,66.7,41.25,43.71,77.73,89.74,8.41,62.35,63.58,F,0,56,39.0,33.0,72.0
Female,22.0,Engineering,91.99,76.72,67.27,56.36,57.89,5.26,78.42,78.74,B,0,62,100.0,52.0,52.0
Male,19.0,BUSINESS,50.89,41.31,57.25,80.7,58.92,7.72,50.2,98.23,A,0,84,69.0,76.0,59.0
Female,19.0,CS,85.51,99.62,56.47,68.53,72.81,0.51,50.87,80.38,B,0,39,80.0,58.0,86.0
Female,23.0,CS,78.47,51.0,53.34,87.65,61.71,7.99,57.11,70.49,B,0,94,100.0,74.0,45.0
Female,21.0,Engineering,88.67,82.64,59.95,62.31,95.15,5.24,61.16,69.48,F,0,22,51.0,50.0,58.0
Male,20.0,Engineering,60.35,49.3,61.19,62.91,52.54,4.49,76.39,51.21,C,0,58,100.0,61.0,81.0
Female,23.0,Engineering,99.45,72.41,58.53,98.39,79.86,1.12,84.31,50.13,B,0,58,84.0,64.0,54.0
Female,21.0,BUSINESS,91.55,44.84,98.73,94.37,80.21,7.42,65.59,89.86,B,1,87,47.0,87.0,69.0
Female,23.0,Mathematics,79.45,86.01,95.96,65.92,53.3,1.31,61.95,74.51,F,0,57,27.0,44.0,97.0
Female,22.0,Engineering,83.12,75.1,74.47,91.2,86.63,1.92,91.14,51.66,B,1,39,85.0,55.0,36.0
Male,19.0,Business,82.44,45.17,,58.09,73.44,1.26,58.14,64.3,D,0,99,85.0,66.0,31.0
Male,19.0,CS,52.92,90.92,99.47,86.3,86.15,0.07,83.92,67.83,F,0,91,64.0,33.0,34.0
Female,23.0,CS,60.9,72.82,61.36,59.06,91.35,6.62,96.57,89.16,D,1,85,73.0,68.0,82.0
Female,19.0,Business,98.07,95.3,66.71,54.39,66.14,2.71,61.61,71.72,A,0,44,75.0,73.0,81.0
Female,18.0, engineering ,76.72,95.0,97.54,92.73,74.22,,54.35,89.47,A,0,54,97.0,81.0,88.0
Female,23.0,Engineering,74.86,95.23,76.52,78.94,63.04,3.2,98.99,81.69,C,0,71,98.0,63.0,54.0
Male,22.0,Computer Science,88.1,44.67,52.78,62.95,60.08,4.99,,51.66,B,0,50,33.0,80.0,71.0
Male,-3.0,Engineering,76.23,47.26,81.36,92.43,50.03,5.03,63.78,98.43,F,1,32,25.0,78.0,88.0
Male,23.0,CS,50.66,99.26,52.34,90.13,98.18,3.67,74.19,59.07,C,1,83,98.0,68.0,92.0
Male,23.0, engineering ,86.81,69.26,60.36,55.05,72.05,4.95,61.55,63.78,B,0,0,73.0,53.0,55.0
Female,19.0,CS,86.61,54.29,53.65,76.25,50.65,4.27,99.64,90.46,A,1,87,100.0,78.0,83.0
Female,22.0,CS,58.26,86.18,54.7,86.09,50.45,8.23,52.15,59.49,D,0,61,100.0,70.0,47.0
Male,23.0,CS,97.83,55.86,40.28,85.79,64.42,0.3,72.57,70.05,A,0,33,54.0,66.0,42.0
Male,19.0,CS,61.2,,92.84,86.16,50.7,8.68,77.42,93.25,B,1,70,99.0,62.0,74.0
Female,20.0,Business,72.89,90.24,57.76,58.47,68.73,2.44,73.35,81.86,B,0,23,24.0,47.0,50.0
Female,22.0,CS,88.93,,45.18,74.75,53.15,7.22,76.03,65.1,C,0,59,76.0,100.0,51.0
Female,21.0,CS,80.16,56.44,45.22,92.21,51.96,4.05,99.38,82.2,B,0,48,44.0,33.0,48.0
Female,18.0,Engineering,68.77,64.1,73.36,94.92,83.47,2.94,93.85,90.63,F,0,56,83.0,56.0,34.0
Female,21.0,Engineering,92.26,64.8,99.58,63.96,95.34,6.15,65.42,70.19,F,1,61,75.0,32.0,50.0
Male,24.0,CS,91.35,69.48,48.7,51.15,70.47,7.69,77.57,78.58,B,0,80,66.0,91.0,29.0
Male,22.0,CS,50.48,50.04,45.98,92.99,91.84,4.5,50.02,99.4,C,0,37,60.0,79.0,55.0
Female,23.0,Mathematics,89.9,67.15,66.3,68.85,51.46,4.67,70.48,98.23,A,0,39,97.0,96.0,89.0
Female,19.0,Engineering,78.57,70.65,73.8,78.29,88.88,0.59,58.19,75.45,D,0,16,85.0,66.0,77.0
Male,24.0,CS,99.3,71.9,57.66,67.35,53.14,9.24,85.57,54.81,A,0,50,77.0,72.0,63.0
Female,22.0,Engineering,79.47,89.19,58.15,70.78,91.92,8.47,61.05,85.03,F,1,14,100.0,97.0,41.0
Male,18.0,CS,92.17,71.04,65.47,68.91,94.12,3.98,87.44,63.43,F,0,43,52.0,63.0,69.0
Male,22.0,CS,52.53,53.85,58.85,78.32,89.3,7.65,65.66,83.47,D,0,35,55.0,30.0,71.0
Male,24.0,Engineering,60.03,79.79,94.92,53.95,91.04,3.13,96.29,67.59,F,0,79,87.0,53.0,41.0
Male,19.0,BUSINESS,63.8,87.84,42.52,98.58,78.07,7.3,72.27,85.94,A,0,70,79.0,59.0,60.0
Female,21.0,CS,67.29,59.16,54.07,96.82,63.24,5.17,91.98,68.37,C,1,28,88.0,43.0,63.0
Female,20.0,Business,80.9,78.72,,96.72,82.16,4.61,81.41,97.06,F,0,63,82.0,78.0,67.0
Male,21.0,CS,74.48,48.82,90.04,93.96,71.98,0.57,98.87,56.83,C,0,76,100.0,90.0,81.0
Female,19.0,CS,98.36,60.52,46.69,83.02,50.27,9.65,87.14,53.42,A,0,51,44.0,69.0,30.0
Female,24.0,CS,97.5,94.55,,61.06,,8.37,86.39,89.06,A,0,75,92.0,71.0,45.0
Female,19.0,CS,99.19,94.68,81.6,52.47,82.56,7.93,63.24,70.07,A,1,56,89.0,65.0,36.0
Female,18.0,Mathematics,93.32,74.52,56.36,54.97,50.69,3.05,75.24,73.28,B,0,59,53.0,89.0,95.0
Male,22.0,Engineering,95.48,82.14,67.36,66.2,81.07,2.9,64.51,96.69,A,0,63,100.0,66.0,72.0
Female,22.0,CS,60.86,91.24,57.83,75.19,82.63,5.73,50.96,79.5,A,1,51,40.0,83.0,58.0
Male,21.0,Mathematics,91.55,97.51,49.0,99.66,57.91,8.46,85.53,83.01,A,1,68,100.0,62.0,100.0
Male,24.0,Business,85.44,69.39,57.47,71.77,71.55,9.35,61.79,50.97,A,0,54,25.0,49.0,47.0
Female,20.0,BUSINESS,98.14,73.69,74.81,76.23,98.22,2.69,69.87,83.53,A,1,40,84.0,83.0,73.0
Male,20.0,Mathematics,78.56,64.94,89.56,84.76,94.21,6.07,64.23,69.42,C,1,60,76.0,99.0,46.0
Female,18.0,CS,54.26,44.32,61.81,59.04,70.54,7.24,59.98,73.01,C,1,31,60.0,33.0,59.0
Female,19.0,Business,79.87,65.37,60.87,96.64,67.49,2.26,53.36,90.4,F,0,68,71.0,88.0,65.0
Male,18.0,Engineering,84.33,87.44,68.08,76.45,56.2,4.07,66.89,76.19,A,1,69,85.0,63.0,44.0
Female,22.0,Business,61.02,88.29,78.67,63.81,51.76,1.87,54.09,99.34,B,0,34,24.0,86.0,9.0
Male,23.0,Business,69.71,93.54,85.1,96.76,64.87,6.99,77.02,89.84,D,0,22,57.0,91.0,9.0
Male,23.0,CS,94.74,43.09,59.61,81.27,97.01,8.64,50.98,86.43,D,1,48,100.0,22.0,50.0
Female,23.0,Business,68.71,71.63,75.18,74.18,97.93,8.78,97.0,79.43,A,0,77,45.0,60.0,68.0
Female,19.0,CS,68.75,46.45,63.36,79.01,90.63,6.7,98.32,70.62,F,0,49,62.0,88.0,76.0
Female,18.0,CS,56.65,52.04,82.98,87.42,67.54,3.47,65.23,52.64,C,0,43,60.0,53.0,69.0
Male,24.0,CS,97.04,94.01,49.88,57.73,57.18,6.61,63.01,50.92,A,0,32,60.0,33.0,54.0
Female,21.0,Mathematics,87.52,69.81,55.42,93.24,79.78,8.64,55.22,52.34,A,0,46,52.0,65.0,69.0
Male,22.0,Computer Science,50.06,85.51,65.56,56.22,82.33,6.26,95.25,97.94,C,1,50,82.0,91.0,68.0
Male,23.0,Engineering,88.28,43.86,93.36,78.35,71.23,4.13,79.34,66.16,A,0,54,100.0,45.0,100.0
Female,24.0,CS,86.99,65.01,74.4,84.11,84.58,9.2,80.51,85.03,B,1,39,59.0,42.0,52.0
Female,20.0,Mathematics,50.49,80.45,97.92,88.77,87.33,8.35,94.79,79.72,C,1,28,84.0,62.0,60.0
Female,18.0,CS,68.48,48.0,46.2,68.74,89.15,8.82,95.54,78.58,A,1,54,52.0,78.0,50.0
Male,22.0,Business,80.34,59.55,67.61,97.1,75.11,9.03,91.42,78.96,B,0,97,88.0,77.0,67.0
Female,22.0,Business,72.64,43.87,65.14,84.03,89.58,3.94,88.67,65.11,A,1,65,83.0,73.0,96.0
Male,20.0,Engineering,88.9,79.08,76.01,71.2,51.27,8.6,93.86,94.33,A,0,27,94.0,56.0,75.0
Female,20.0,CS,91.3,98.25,88.72,83.87,84.02,5.7,93.8,95.96,B,1,0,43.0,33.0,87.0
Female,20.0,Business,57.69,89.62,90.49,76.08,61.78,0.38,68.43,82.23,D,0,85,77.0,74.0,97.0
Male,23.0,Mathematics,98.82,98.48,80.21,55.58,63.53,6.36,98.67,93.2,B,1,73,87.0,94.0,90.0
Male,23.0,Business,55.11,90.74,78.49,89.79,54.57,4.71,85.46,53.0,D,0,37,63.0,62.0,100.0
Female,18.0,CS,85.88,91.31,96.94,78.22,59.62,2.75,68.51,55.02,B,0,37,77.0,44.0,32.0
Female,20.0,Business,57.16,74.63,63.02,89.79,99.6,9.7,72.1,77.95,C,1,59,60.0,100.0,68.0
Female,21.0,CS,66.45,71.1,89.97,57.75,70.77,0.55,84.36,92.33,C,1,73,66.0,49.0,67.0
Female,22.0,Engineering,72.1,64.38,95.29,76.92,96.39,9.46,68.05,65.77,C,0,52,86.0,92.0,36.0
Female,20.0,Business,59.61,89.09,69.49,88.33,58.14,1.59,91.33,77.4,C,0,58,82.0,51.0,67.0
Male,22.0,CS,72.5,50.92,83.75,99.42,60.2,3.77,57.4,50.5,C,0,53,77.0,100.0,67.0
 MALE ,19.0,Business,57.86,43.37,62.62,79.97,77.89,4.17,95.38,99.33,D,0,79,67.0,64.0,89.0
Male,24.0,Engineering,77.95,96.87,49.53,93.22,67.48,7.31,65.06,88.35,D,1,64,98.0,95.0,86.0
Male,19.0,Business,83.19,40.23,75.19,62.37,82.2,2.16,57.64,68.07,C,0,21,43.0,84.0,48.0
Female,20.0,CS,53.12,98.61,51.79,91.9,71.1,9.86,92.9,99.15,C,1,58,62.0,54.0,90.0
Male,22.0,Engineering,93.56,83.73,67.46,58.46,90.58,7.49,61.97,54.62,B,0,26,73.0,90.0,81.0
Male,24.0,Business,59.26,59.71,92.37,59.91,71.58,7.9,92.17,73.21,C,0,49,100.0,90.0,96.0
Male,19.0,CS,61.27,81.87,45.16,55.51,78.62,1.06,64.81,52.94,A,0,56,77.0,68.0,86.0
Female,20.0,CS,83.07,89.07,41.83,92.88,66.05,4.76,96.69,66.75,F,0,18,47.0,59.0,63.0
 MALE ,,Mathematics,73.44,54.72,76.39,55.41,85.2,9.46,60.95,60.97,B,0,75,74.0,68.0,31.0
Female,20.0,CS,74.97,86.25,59.86,56.91,82.74,2.7,53.48,65.83,C,0,29,60.0,77.0,18.0
Male,23.0,Mathematics,56.41,88.26,65.08,62.29,69.85,1.45,96.83,97.37,F,1,45,58.0,94.0,100.0
Female,22.0,CS,90.29,54.96,64.34,95.84,63.8,4.85,58.28,71.36,A,1,53,91.0,55.0,39.0
Male,19.0,CS,80.85,42.52,45.2,94.01,80.71,9.3,97.21,66.24,C,0,55,82.0,54.0,48.0
Female,20.0,BUSINESS,84.17,52.25,40.21,70.91,97.16,4.87,91.2,82.04,C,0,47,63.0,51.0,48.0
Male,19.0,Engineering,68.7,52.04,93.91,77.31,56.63,4.05,54.1,84.17,A,1,45,77.0,100.0,62.0
Female,,Engineering,90.52,43.91,53.07,60.48,89.96,6.5,,99.19,A,0,67,89.0,65.0,45.0
Female,18.0,Engineering,78.42,83.56,65.56,63.3,77.15,9.37,53.67,77.3,A,0,49,67.0,93.0,54.0
Male,19.0,Business,55.43,62.8,98.32,56.7,76.28,0.49,66.49,87.63,F,0,55,70.0,69.0,45.0
Female,19.0,CS,68.64,93.06,89.61,70.5,98.08,1.53,67.58,69.11,D,0,79,48.0,65.0,47.0
Female,21.0,Engineering,62.13,55.13,46.48,79.52,80.29,1.33,79.98,58.55,C,1,52,100.0,57.0,35.0
Male,24.0,CS,75.87,67.19,70.51,64.2,91.53,0.85,98.79,71.49,B,1,77,69.0,70.0,90.0
Male,23.0,Engineering,92.17,78.34,83.8,92.3,75.72,3.02,58.49,70.94,A,0,35,70.0,65.0,64.0
Female,19.0,CS,71.81,92.65,81.9,99.06,62.49,2.29,66.46,71.03,D,0,62,100.0,100.0,48.0
Male,22.0,CS,71.67,71.48,85.65,56.01,84.72,5.49,79.36,84.77,D,1,41,78.0,62.0,54.0
Male,24.0,Engineering,95.27,,67.45,86.48,96.16,3.27,58.57,70.3,A,0,49,55.0,93.0,74.0
Male,20.0,CS,78.81,92.02,50.56,89.49,92.06,4.05,85.54,97.71,C,0,13,73.0,62.0,47.0
Female,18.0,CS,78.31,58.61,67.89,59.53,59.92,9.42,70.18,99.14,A,0,42,88.0,63.0,52.0
Female,22.0,Engineering,,44.77,78.87,67.66,65.84,1.56,97.48,76.17,D,0,100,75.0,45.0,90.0
Female,24.0,Engineering,80.39,66.7,76.52,69.71,75.84,3.88,81.49,77.92,C,1,37,41.0,59.0,74.0
Female,22.0,Business,78.8,87.11,44.23,95.83,78.58,2.57,68.15,70.38,B,0,27,99.0,63.0,50.0
Female,22.0,Engineering,69.84,41.85,43.9,82.94,59.69,5.49,85.97,67.78,B,0,21,53.0,95.0,89.0
Female,22.0,CS,99.53,75.15,97.92,52.03,61.5,7.36,91.94,99.27,A,0,100,20.0,74.0,52.0
Female,24.0,Engineering,94.09,75.67,49.11,50.74,87.94,8.17,90.02,52.03,A,0,90,70.0,67.0,73.0
Male,18.0,Computer Science,87.48,95.71,57.67,59.98,86.52,5.15,63.14,70.5,A,0,38,80.0,78.0,65.0
Female,21.0,Business,76.87,57.19,86.06,65.91,91.96,8.55,70.85,57.57,B,1,96,89.0,65.0,58.0
Female,23.0,Mathematics,60.2,56.73,64.58,74.23,96.65,7.85,72.61,86.31,D,1,97,100.0,65.0,41.0
Male,19.0, engineering ,59.24,66.43,50.89,91.89,65.41,1.57,69.42,59.72,C,0,46,84.0,76.0,71.0
Male,24.0,Engineering,65.29,61.41,68.03,73.68,92.98,2.45,65.54,94.23,B,1,63,72.0,67.0,66.0
Male,22.0,CS,88.7,84.18,74.14,68.83,83.3,6.72,87.64,68.72,A,0,93,89.0,59.0,76.0
Female,19.0,Engineering,70.39,78.51,67.17,66.47,97.89,9.75,50.61,95.86,B,0,49,79.0,85.0,69.0
Male,24.0,Business,94.11,85.54,95.14,50.45,63.6,3.76,64.68,99.33,A,0,72,64.0,89.0,75.0
Female,19.0,CS,57.4,89.2,57.08,97.76,63.48,2.3,57.08,88.56,F,0,56,72.0,65.0,58.0
Female,22.0,CS,75.42,95.38,79.68,56.95,85.21,8.69,56.44,81.16,F,0,30,89.0,78.0,41.0
Female,21.0,Engineering,82.35,65.86,46.74,64.38,96.42,2.0,63.85,57.5,C,1,49,29.0,55.0,39.0
Male,24.0,Business,69.86,99.08,63.54,56.47,91.23,6.97,88.11,96.65,C,1,48,76.0,79.0,87.0
Male,19.0,CS,94.46,52.94,84.46,59.88,86.35,0.34,98.47,88.84,A,0,36,63.0,72.0,56.0
Female,20.0,Mathematics,99.48,82.86,53.49,96.61,69.37,0.19,75.73,64.4,B,0,52,85.0,52.0,60.0
Female,19.0,CS,,72.04,75.39,55.04,85.89,4.52,,73.43,D,0,34,66.0,36.0,49.0
Female,23.0,CS,56.5,89.01,49.21,72.04,90.05,6.57,91.46,53.38,C,0,15,100.0,41.0,51.0
Male,22.0,Business,56.52,68.61,46.16,51.12,87.66,1.42,53.36,82.95,D,1,87,91.0,71.0,54.0
Female,18.0,CS,84.06,87.04,71.39,88.54,83.84,7.64,54.66,56.26,F,0,34,50.0,47.0,48.0
Male,19.0,Engineering,68.63,95.81,80.5,82.06,52.36,1.29,67.27,82.58,B,1,16,68.0,79.0,72.0
Female,21.0,CS,53.91,83.94,46.8,84.98,82.99,5.34,72.42,83.58,F,1,61,94.0,43.0,48.0
Male,20.0,CS,70.27,86.57,95.07,73.62,73.91,3.08,89.89,66.23,A,0,45,55.0,67.0,79.0
Female,20.0,CS,81.38,44.03,53.55,,98.08,7.52,96.26,97.43,D,1,29,93.0,69.0,94.0
Male,18.0,Mathematics,88.49,52.3,47.2,77.97,80.36,8.04,76.56,88.95,B,0,84,42.0,68.0,73.0
Male,23.0,Engineering,77.41,98.46,52.16,75.7,80.41,0.66,74.78,74.84,B,1,34,56.0,73.0,67.0
Male,18.0,Business,76.98,81.59,50.17,68.7,99.7,1.93,60.65,95.93,B,1,21,59.0,63.0,36.0
Male,23.0,Computer Science,54.41,73.69,45.44,76.03,54.68,8.93,72.56,92.79,F,0,36,100.0,61.0,100.0
Male,19.0,Engineering,70.54,62.02,87.87,59.47,63.82,4.16,96.18,84.61,F,0,53,93.0,48.0,54.0
Male,22.0,Engineering,77.29,42.66,69.73,65.85,82.8,4.77,69.64,57.65,A,0,56,43.0,36.0,69.0
Female,21.0,Mathematics,73.1,62.15,63.31,54.61,65.76,1.68,60.53,74.85,A,0,16,44.0,85.0,49.0
Female,20.0,Business,95.04,69.93,97.04,71.63,67.31,9.95,66.86,93.22,A,1,56,84.0,51.0,47.0
Female,18.0,Business,92.05,52.69,62.26,80.47,94.63,9.23,75.73,80.44,F,0,41,47.0,93.0,48.0
Female,21.0,CS,91.1,50.39,50.02,55.93,78.97,0.02,79.93,77.28,A,1,58,83.0,98.0,35.0
Male,23.0,Engineering,68.76,70.5,56.44,81.05,55.14,5.51,71.62,97.76,D,0,16,72.0,61.0,45.0
Female,22.0,Engineering,85.86,75.15,54.34,94.64,65.54,8.72,87.93,50.83,A,1,79,77.0,56.0,54.0
Male,20.0,Math,69.76,54.4,69.92,66.89,53.8,4.31,79.22,50.6,A,0,70,70.0,69.0,51.0
Male,20.0,CS,61.63,75.24,57.49,61.1,77.81,4.37,83.25,94.64,F,1,28,60.0,68.0,57.0
Male,23.0,CS,61.69,94.02,70.96,94.65,58.66,3.79,93.15,51.93,F,1,85,92.0,54.0,34.0
Female,22.0,Engineering,53.55,68.39,80.16,84.6,92.86,0.29,93.28,66.63,D,1,83,100.0,92.0,100.0
Male,20.0,CS,66.59,91.44,86.64,55.27,78.87,7.9,60.18,96.2,B,0,69,63.0,64.0,79.0
Female,22.0,CS,73.04,95.64,82.61,70.41,52.97,4.57,81.17,84.56,A,0,57,79.0,30.0,72.0
Female,20.0,Business,97.77,45.54,52.34,83.7,65.04,5.31,85.83,82.41,A,0,16,46.0,51.0,79.0
Female,19.0,Engineering,,45.75,46.95,78.72,80.82,2.56,57.29,82.85,B,0,47,73.0,44.0,86.0
Female,23.0,Business,95.12,68.56,72.55,56.21,66.77,7.84,92.14,65.88,A,0,25,100.0,10.0,100.0
Female,22.0,Business,84.52,75.29,51.93,78.36,75.66,7.94,59.02,76.53,D,0,41,94.0,57.0,62.0
Male,21.0,CS,59.55,65.55,45.1,89.9,95.47,5.53,89.96,81.5,D,1,55,100.0,74.0,69.0
Male,19.0,Engineering,75.95,59.59,71.63,66.02,67.5,9.05,58.07,65.29,F,1,42,92.0,53.0,42.0
Female,24.0,CS,83.63,78.46,59.61,85.42,66.79,1.16,87.09,89.77,F,0,78,45.0,66.0,58.0
Male,21.0,Mathematics,52.22,40.12,85.37,99.55,90.99,7.87,57.41,66.09,F,0,32,49.0,79.0,88.0
Female,23.0, engineering ,61.05,98.08,58.85,69.5,65.94,5.59,68.94,53.57,A,0,17,68.0,72.0,64.0
Male,20.0,CS,72.78,53.92,98.72,89.55,53.9,2.31,57.18,60.07,B,0,39,42.0,43.0,61.0
Male,24.0,CS,66.55,95.03,85.51,62.31,59.05,1.32,63.54,70.42,D,0,63,92.0,52.0,29.0
Male,21.0,Engineering,85.63,46.54,43.46,64.09,97.44,3.01,99.23,95.4,B,0,6,87.0,67.0,69.0
Male,19.0,CS,75.56,54.29,,96.74,96.66,8.56,55.38,70.79,C,1,46,65.0,61.0,9.0
Male,24.0,CS,58.02,54.09,73.76,51.3,61.24,7.88,70.32,54.49,D,1,14,39.0,49.0,56.0
Male,24.0,Business,94.72,99.77,81.72,60.87,77.68,6.45,83.85,59.82,A,0,74,40.0,82.0,80.0
Male,22.0,Business,64.65,40.28,69.87,74.15,56.87,0.9,54.73,77.22,A,0,42,17.0,98.0,87.0
Male,18.0,CS,86.56,78.38,69.01,70.09,83.73,9.55,55.45,58.88,B,1,75,63.0,99.0,50.0
Male,21.0,Engineering,89.0,92.18,62.08,81.46,59.27,3.05,57.16,53.2,A,0,36,47.0,77.0,61.0
Male,18.0,Business,98.16,80.34,56.29,59.64,52.49,6.07,82.25,85.74,B,0,100,48.0,64.0,68.0
Male,23.0,CS,74.93,61.76,96.77,,91.24,8.03,95.47,89.22,C,1,47,81.0,66.0,74.0
Male,21.0,Business,80.79,97.5,,68.47,66.27,1.33,91.3,92.53,C,0,62,70.0,69.0,54.0
Male,21.0,CS,66.74,93.61,43.81,76.22,55.43,6.52,99.15,92.2,C,0,51,80.0,86.0,75.0
Female,22.0,Engineering,83.91,66.04,50.04,78.1,91.7,0.32,78.91,68.96,F,0,87,85.0,57.0,9.0
Male,20.0,Engineering,73.17,74.4,91.44,68.88,88.12,1.02,98.07,86.72,A,0,95,88.0,79.0,54.0
Male,19.0,Engineering,71.88,98.05,75.2,77.43,84.19,7.23,65.25,79.18,F,1,66,100.0,54.0,92.0
Male,19.0,Business,92.77,98.95,86.73,62.29,95.56,1.55,71.08,51.17,A,0,7,72.0,48.0,81.0
Male,19.0,CS,52.51,66.99,88.53,88.23,74.46,4.44,69.8,70.08,C,1,100,78.0,33.0,35.0
Male,23.0,CS,94.1,90.84,89.39,54.39,56.4,2.48,52.37,52.64,A,1,48,60.0,88.0,87.0
Male,,Engineering,92.6,58.12,73.04,59.92,,4.21,91.49,54.17,A,1,28,98.0,96.0,61.0
Female,20.0,Business,75.32,62.31,50.63,86.97,65.92,0.77,51.24,52.8,C,0,43,100.0,89.0,25.0
Female,18.0,Computer Science,74.51,49.89,48.89,63.99,54.34,7.55,86.49,98.05,C,1,77,96.0,89.0,72.0
Female,19.0,Business,68.09,52.55,74.44,74.67,76.78,0.79,70.35,92.21,F,0,46,39.0,65.0,63.0
Male,18.0,CS,76.4,79.41,61.99,66.36,50.72,8.38,50.31,71.96,B,0,44,61.0,78.0,97.0
Male,20.0,CS,55.56,70.65,73.48,75.35,72.19,6.63,64.5,62.4,C,0,19,47.0,66.0,54.0
Male,23.0,Business,79.51,53.87,69.91,67.33,58.92,4.17,67.31,53.62,D,1,39,72.0,95.0,96.0
Female,20.0,CS,84.08,64.17,76.13,99.71,68.41,8.66,98.24,71.56,A,1,47,66.0,61.0,45.0
Male,22.0,Engineering,96.72,62.39,41.93,67.87,83.75,1.86,83.05,80.02,A,0,25,100.0,91.0,61.0
Male,24.0,CS,89.01,99.24,41.97,81.35,67.55,2.65,77.18,89.86,A,0,35,31.0,71.0,51.0
Female,19.0,CS,82.19,91.21,83.3,94.42,67.07,1.37,,52.58,F,0,32,69.0,100.0,73.0
Female,23.0,Engineering,55.84,63.28,51.59,81.9,99.54,3.82,69.56,70.89,D,1,64,81.0,48.0,59.0
Male,22.0,Engineering,68.69,94.83,79.13,78.29,85.94,9.87,51.79,98.84,D,0,71,92.0,66.0,97.0
Male,19.0,Engineering,56.94,60.56,72.79,68.14,75.69,1.61,88.08,56.04,F,1,66,81.0,46.0,27.0
Male,20.0,Engineering,94.06,80.07,98.91,74.82,78.97,8.31,58.14,70.01,A,1,36,29.0,42.0,40.0
Male,20.0,CS,87.48,98.0,90.12,90.38,81.01,6.52,79.72,63.75,B,0,13,72.0,50.0,42.0
 FEMALE ,21.0,Engineering,87.88,63.42,64.79,52.52,51.23,0.16,84.97,56.7,A,1,58,77.0,93.0,65.0
Male,21.0,Mathematics,82.57,80.79,76.98,94.26,54.01,9.45,68.33,91.95,B,0,26,57.0,75.0,100.0
Male,20.0,Business,,57.76,47.04,79.31,82.46,9.71,81.63,84.86,B,0,37,81.0,35.0,33.0
Female,20.0,CS,57.5,55.98,63.18,92.44,68.22,9.25,88.21,70.58,F,1,73,76.0,70.0,70.0
Male,18.0,CS,66.48,74.45,84.03,50.52,52.77,5.02,59.21,68.45,C,1,81,73.0,51.0,67.0
Male,24.0,Mathematics,61.71,98.76,,93.46,64.88,2.2,80.04,91.39,A,0,100,90.0,50.0,55.0
Female,18.0,Engineering,86.25,67.19,69.07,94.91,56.51,3.91,86.69,54.54,A,0,23,77.0,27.0,41.0
Female,24.0,Engineering,58.01,96.26,50.59,86.06,95.82,6.14,67.85,57.34,D,1,28,74.0,63.0,50.0
Male,22.0,Business,85.11,,88.19,70.83,60.15,3.79,58.12,95.33,A,0,78,50.0,51.0,31.0
Female,21.0,CS,84.61,55.23,,56.48,57.18,7.08,64.31,90.86,F,0,19,100.0,37.0,63.0
Female,21.0,Engineering,72.97,64.11,89.23,81.41,81.31,7.96,96.65,88.74,C,1,50,40.0,47.0,52.0
Male,20.0,Mathematics,56.76,78.6,76.7,58.17,76.1,2.09,67.87,81.2,D,1,31,49.0,68.0,30.0
Female,20.0, engineering ,65.74,71.08,,75.73,78.8,4.05,55.39,64.62,A,0,62,36.0,67.0,46.0
Male,22.0,Computer Science,66.0,45.76,42.44,63.86,71.8,9.58,54.14,96.74,C,1,25,40.0,55.0,29.0
Male,23.0,CS,85.02,99.62,53.95,78.02,73.36,2.5,59.02,74.59,B,0,67,68.0,67.0,68.0
Male,23.0,CS,55.69,85.16,93.34,86.9,88.94,3.46,56.38,64.03,F,0,57,17.0,59.0,60.0
Male,23.0,Business,,66.26,89.08,54.06,61.0,0.36,74.75,68.28,A,1,75,81.0,65.0,47.0
Female,21.0,CS,88.05,77.09,74.49,75.79,69.83,3.32,67.38,50.84,B,0,26,73.0,71.0,67.0
Male,18.0,CS,59.32,45.25,67.98,80.88,97.89,3.71,92.07,62.76,D,1,71,81.0,61.0,84.0
Male,23.0,Mathematics,85.96,69.72,78.83,59.43,59.5,1.0,94.05,59.4,A,0,63,52.0,67.0,45.0
Male,19.0,CS,83.43,95.85,67.97,51.69,64.69,0.01,73.66,56.78,A,0,51,95.0,86.0,87.0
Male,22.0,CS,87.41,93.8,78.66,76.02,59.58,5.75,94.43,51.61,B,0,46,84.0,81.0,95.0
Female,23.0,CS,59.45,60.24,58.44,59.13,51.02,3.02,72.52,61.34,D,0,53,68.0,54.0,48.0
Female,19.0,CS,57.88,71.88,90.31,68.19,63.49,0.18,82.1,55.18,C,0,41,81.0,79.0,45.0
Female,23.0,Engineering,61.82,81.84,82.12,77.08,52.32,8.6,58.13,52.26,A,1,47,66.0,80.0,34.0
Male,18.0,Mathematics,68.29,,59.8,68.76,57.73,5.84,52.63,56.87,B,0,32,80.0,65.0,31.0
Female,18.0,Business,89.68,43.89,89.84,59.63,68.13,1.71,58.0,60.12,B,0,39,70.0,47.0,44.0
Female,,Engineering,86.9,70.33,69.24,51.53,51.04,8.65,62.59,70.8,A,0,13,75.0,68.0,88.0
 MALE ,19.0,Engineering,96.27,76.1,50.48,78.33,87.65,2.54,87.55,79.18,A,0,48,100.0,100.0,77.0
Female,22.0,Engineering,52.93,40.35,44.66,79.93,89.78,2.27,58.68,66.11,D,0,39,77.0,68.0,49.0
Male,19.0,CS,88.04,45.73,81.98,57.09,70.57,8.95,56.53,57.06,A,0,100,98.0,48.0,80.0
Female,22.0,CS,84.96,52.44,91.91,80.09,99.23,1.79,96.38,97.02,D,0,49,83.0,81.0,35.0
Female,23.0,Mathematics,63.96,60.88,88.45,97.6,83.95,8.79,84.44,75.74,B,0,75,35.0,31.0,63.0
Female,22.0,CS,66.7,72.46,79.34,98.91,87.19,8.03,73.67,87.09,F,0,78,84.0,99.0,94.0
Female,20.0,CS,77.34,57.63,48.48,94.42,59.62,3.1,54.75,84.72,D,1,55,100.0,66.0,100.0
Male,21.0,Engineering,55.12,56.57,45.64,90.35,91.87,0.34,92.59,64.24,F,0,19,75.0,89.0,100.0
Male,24.0,Engineering,72.19,92.16,60.7,60.47,97.25,0.83,55.41,77.99,A,1,83,73.0,68.0,28.0
Female,21.0,CS,66.26,48.7,91.29,57.82,61.82,1.1,80.55,80.11,F,0,31,100.0,81.0,31.0
Male,18.0,CS,81.64,69.73,97.7,72.25,84.32,8.91,83.38,67.59,B,1,13,49.0,82.0,29.0
Female,20.0,CS,91.7,97.17,54.48,71.37,87.35,4.04,70.01,83.54,A,1,35,79.0,67.0,46.0
Female,21.0,Engineering,58.56,77.5,,92.53,65.26,0.33,95.56,89.53,D,0,32,100.0,82.0,90.0
Female,23.0,CS,96.54,83.03,74.43,61.6,73.75,5.57,52.54,68.21,A,0,29,60.0,61.0,52.0
Female,,Engineering,76.53,65.87,41.91,73.98,54.88,2.08,90.91,50.75,F,1,78,59.0,53.0,69.0
Female,22.0,Engineering,96.15,41.2,72.57,82.39,58.65,2.35,77.69,67.47,A,0,82,70.0,92.0,59.0
Female,19.0,Business,60.39,78.77,88.36,72.28,53.08,1.61,80.56,55.84,D,1,84,71.0,71.0,72.0
Male,19.0,CS,80.23,77.92,56.57,72.71,78.01,7.62,99.34,57.78,F,1,24,93.0,99.0,96.0
Male,22.0,CS,54.71,46.63,93.84,61.26,81.26,0.01,79.13,68.3,F,0,43,100.0,100.0,72.0
Female,23.0,Engineering,88.71,67.73,54.18,99.33,95.81,4.39,89.85,60.38,A,0,51,62.0,80.0,82.0
Male,22.0,BUSINESS,80.3,94.92,44.59,73.76,77.11,0.87,57.68,96.74,D,1,30,62.0,58.0,29.0
Female,19.0,Computer Science,74.73,52.31,49.6,76.64,63.03,5.52,90.46,82.64,C,1,49,58.0,49.0,12.0
Male,21.0,Engineering,58.28,67.67,90.22,60.93,52.97,3.46,88.05,75.92,B,0,54,84.0,82.0,52.0
Male,18.0,CS,64.72,67.67,65.04,67.29,94.25,0.28,98.41,50.49,A,0,50,69.0,93.0,46.0
Male,19.0,CS,72.52,88.65,87.82,62.77,73.94,4.61,96.79,55.18,A,0,51,80.0,42.0,61.0
Female,23.0,Engineering,80.41,89.47,71.87,60.12,86.87,5.71,60.7,89.42,B,0,26,66.0,71.0,56.0
Male,21.0,CS,,85.56,68.83,63.79,50.73,2.48,73.25,69.49,D,0,30,84.0,100.0,61.0
Female,21.0,Business,71.95,61.93,88.41,50.14,74.41,7.66,95.57,52.27,C,0,50,75.0,73.0,78.0
Female,21.0,Engineering,74.33,44.32,65.41,78.51,,3.71,,91.28,A,0,32,93.0,58.0,48.0
Female,20.0,Engineering,97.98,60.97,88.12,69.37,51.52,7.49,73.19,65.13,A,0,62,87.0,60.0,71.0
Male,20.0,Engineering,86.63,80.79,46.04,94.93,88.78,5.79,55.45,69.31,B,0,35,86.0,56.0,98.0
Male,24.0,Engineering,55.53,82.16,78.18,52.04,75.65,8.69,67.59,98.72,D,1,26,94.0,85.0,76.0
Male,21.0,CS,60.61,97.9,82.16,52.16,66.66,5.47,83.26,50.78,A,0,4,41.0,50.0,48.0
Female,23.0,Business,98.78,67.22,93.95,94.29,90.29,1.86,88.85,86.07,A,1,16,74.0,74.0,59.0
Female,22.0,Math,86.32,77.95,53.46,56.33,72.35,8.23,72.36,97.44,A,1,10,89.0,56.0,51.0
Male,23.0,CS,95.75,72.35,76.25,50.11,50.17,7.83,52.79,53.19,B,1,68,69.0,64.0,59.0
Female,20.0,CS,65.19,49.04,66.0,58.95,97.22,9.72,81.66,93.3,C,0,77,83.0,35.0,71.0
Male,19.0,CS,87.09,67.67,62.97,91.19,62.78,0.94,96.08,70.81,A,0,55,31.0,52.0,74.0
Male,24.0,Engineering,85.7,72.69,46.4,90.14,91.53,5.91,74.82,93.9,B,0,36,56.0,59.0,31.0
Male,20.0,Engineering,64.73,97.04,48.05,67.01,90.82,4.92,96.42,65.41,A,0,31,78.0,70.0,46.0
Male,22.0,BUSINESS,77.54,61.99,90.22,83.4,58.12,6.71,67.71,99.13,C,0,49,80.0,75.0,38.0
Female,18.0,Business,81.37,98.81,84.99,98.99,73.7,9.8,94.32,82.35,C,0,30,42.0,40.0,72.0
Male,24.0,Engineering,74.06,72.54,62.94,95.24,52.01,5.32,89.32,81.35,D,0,36,78.0,67.0,50.0
Male,20.0,Engineering,91.36,,89.71,60.36,67.73,6.86,98.09,90.3,A,1,14,100.0,80.0,69.0
Male,23.0,Engineering,91.64,51.5,44.85,90.66,86.55,3.47,89.55,71.83,A,1,65,92.0,89.0,77.0
Male,24.0,Engineering,91.93,48.5,77.49,,61.85,,66.07,62.93,B,0,28,78.0,54.0,52.0
Male,23.0,Engineering,90.17,67.18,92.09,69.58,55.86,3.35,95.03,63.15,A,1,64,51.0,51.0,47.0
Male,21.0,Engineering,74.4,,90.33,59.6,75.36,0.39,83.49,66.53,D,1,87,75.0,41.0,33.0
Male,21.0,Engineering,91.01,66.7,62.37,85.13,76.85,2.85,58.1,80.87,F,0,43,44.0,83.0,56.0
Female,21.0,Engineering,91.57,99.3,84.71,83.92,83.79,1.73,52.3,91.92,A,0,19,89.0,10.0,71.0
Female,24.0,Engineering,74.51,80.21,65.65,77.39,87.96,4.57,68.29,74.98,F,0,47,83.0,87.0,70.0
Female,18.0,Business,62.32,85.59,90.41,84.91,84.79,4.61,89.34,70.17,A,0,47,57.0,60.0,49.0
Female,22.0,Engineering,75.37,47.14,71.85,81.98,92.27,7.65,80.91,89.69,F,0,61,42.0,47.0,78.0
Male,24.0,Engineering,57.09,68.39,85.89,99.27,61.15,5.02,76.36,64.48,C,0,39,80.0,67.0,65.0
Female,19.0,Engineering,93.38,57.17,44.71,61.97,78.49,4.63,50.19,84.45,D,0,50,51.0,89.0,55.0
Female,23.0,Engineering,66.8,93.65,75.4,71.45,68.0,2.32,71.78,55.29,B,0,21,78.0,65.0,74.0
Female,23.0,CS,63.03,50.88,73.02,57.58,98.11,8.52,57.89,55.66,B,1,74,59.0,50.0,61.0
Male,24.0,CS,97.83,67.52,76.6,71.48,72.01,0.91,72.73,82.2,A,0,8,100.0,59.0,66.0
Female,24.0, engineering ,88.84,75.28,81.74,85.08,97.99,9.82,99.59,54.14,B,0,52,71.0,85.0,55.0
Female,22.0,Engineering,89.35,70.84,95.09,84.57,88.45,4.76,93.98,57.75,B,0,41,80.0,76.0,75.0
Male,18.0,Mathematics,95.0,89.81,87.14,85.47,85.92,1.86,65.53,81.22,B,0,52,96.0,59.0,80.0
Female,24.0,CS,91.96,53.89,53.18,65.44,74.58,3.54,79.68,71.91,B,1,67,65.0,88.0,45.0
Male,21.0,Computer Science,87.96,62.64,89.55,,,0.15,75.1,78.06,A,0,74,83.0,79.0,100.0
Female,,CS,79.94,87.53,47.32,78.29,76.33,1.67,56.5,98.85,A,0,34,57.0,91.0,65.0
Male,19.0,CS,98.06,71.68,77.33,97.22,64.68,3.35,99.49,81.6,B,0,73,57.0,87.0,89.0
Female,21.0,Business,59.58,64.13,92.97,92.97,95.23,5.54,71.26,79.54,F,0,40,47.0,74.0,71.0
Female,19.0,CS,97.17,41.77,46.07,80.15,89.72,1.29,75.28,69.01,A,1,70,70.0,95.0,64.0
Female,20.0,Engineering,70.07,85.2,90.98,87.51,90.07,6.76,82.38,81.54,F,0,89,33.0,34.0,32.0
Male,19.0,Engineering,76.42,98.33,87.92,95.32,71.66,8.44,59.58,50.65,F,0,41,79.0,82.0,33.0
Female,21.0,Engineering,88.39,77.22,70.23,71.9,53.55,5.72,61.11,77.87,D,0,64,78.0,64.0,64.0
Male,20.0,Business,77.01,91.39,58.53,68.02,84.15,2.97,59.63,53.44,B,0,15,69.0,51.0,72.0
Male,21.0,Engineering,80.56,71.01,64.33,71.5,68.72,1.21,69.22,61.01,A,0,37,79.0,60.0,57.0
Male,23.0,CS,99.89,53.9,98.12,69.92,,0.16,59.98,78.16,B,1,39,53.0,66.0,64.0
Male,21.0,Business,73.2,40.87,52.1,98.03,89.02,7.32,96.32,83.4,D,1,75,79.0,37.0,89.0
Female,20.0,Business,98.32,79.2,74.78,96.64,57.27,6.28,85.72,69.24,B,0,49,31.0,32.0,25.0
Female,19.0,CS,67.42,69.59,44.99,56.3,80.09,4.76,94.89,70.95,F,0,42,44.0,53.0,53.0
Female,23.0,CS,99.56,86.93,53.07,78.05,84.61,1.02,92.42,74.9,A,0,38,93.0,70.0,94.0
Male,18.0,Computer Science,72.77,81.68,85.8,94.88,78.41,2.07,85.16,87.95,C,0,33,87.0,97.0,51.0
Female,18.0,CS,90.21,99.28,58.16,55.01,75.7,8.15,62.14,50.88,F,0,76,79.0,97.0,96.0
Male,18.0,Mathematics,86.68,70.62,99.15,67.62,61.39,4.8,80.77,72.35,F,1,41,64.0,71.0,100.0
Male,18.0,Engineering,75.29,65.63,70.05,93.26,61.8,9.63,59.31,50.71,B,0,84,84.0,50.0,47.0
Male,22.0,CS,98.3,57.2,70.99,95.02,88.4,10.0,56.62,65.96,A,0,92,70.0,46.0,50.0
Female,18.0,BUSINESS,97.35,68.61,42.18,75.72,50.93,8.01,81.63,75.99,A,0,62,90.0,53.0,91.0
Female,20.0,Engineering,84.19,92.37,97.39,51.25,88.95,2.58,81.23,54.0,D,0,43,74.0,36.0,77.0
Male,24.0,CS,,42.55,50.45,55.28,76.34,2.31,57.83,74.26,B,1,69,61.0,86.0,46.0
Female,18.0,Mathematics,79.52,98.67,72.3,79.34,96.81,2.54,67.62,96.23,C,1,18,59.0,57.0,65.0
Female,21.0,Business,86.08,99.6,63.74,56.19,99.87,9.87,53.31,84.27,A,0,27,60.0,54.0,36.0
Male,24.0,Business,80.9,75.87,64.94,57.47,83.17,3.35,85.79,89.11,F,1,100,62.0,91.0,86.0
Male,18.0,Engineering,54.58,59.89,78.6,88.61,70.61,7.06,99.37,79.02,D,0,76,73.0,76.0,92.0
Female,24.0,Business,55.66,,79.73,87.53,73.75,9.59,87.0,94.82,D,0,13,63.0,57.0,74.0
Male,19.0,CS,55.42,56.59,49.26,92.14,60.21,8.2,92.21,57.34,D,1,62,92.0,80.0,92.0
Male,20.0, engineering ,86.22,43.01,69.98,55.29,54.96,5.98,73.82,72.49,A,1,73,61.0,56.0,45.0
Female,20.0,Mathematics,57.09,68.51,87.43,59.91,78.94,1.69,54.78,79.85,D,0,31,80.0,33.0,45.0
Female,24.0,CS,83.36,,66.6,91.65,90.27,1.75,86.33,93.67,A,0,78,89.0,67.0,73.0
Male,23.0,Business,93.41,83.11,49.95,86.05,63.09,4.92,62.83,65.4,C,0,9,43.0,84.0,52.0
Female,22.0,Engineering,77.53,62.32,58.79,90.3,70.98,9.52,69.41,50.06,F,0,75,88.0,68.0,74.0
Male,21.0,CS,85.32,51.96,52.74,99.49,77.74,9.04,85.15,98.72,A,1,22,58.0,48.0,59.0
Male,24.0,Business,84.24,72.69,47.55,93.22,95.39,1.66,95.24,51.3,D,0,14,96.0,53.0,54.0
Female,20.0,CS,75.78,98.43,62.65,76.02,56.93,2.88,74.31,57.62,A,0,25,62.0,33.0,46.0
Male,19.0,Engineering,73.22,81.71,72.46,71.97,61.84,,98.08,71.1,C,0,82,77.0,100.0,81.0
Male,18.0,CS,69.89,69.5,44.37,78.48,95.93,4.77,76.0,74.82,C,0,88,72.0,49.0,71.0
Male,20.0,Mathematics,93.1,86.61,76.23,81.93,51.98,1.19,56.13,91.72,A,0,78,97.0,74.0,68.0
Female,19.0,CS,66.54,84.25,99.58,66.77,82.81,3.69,75.92,72.39,A,0,81,61.0,49.0,58.0
Female,18.0,CS,62.97,93.5,97.85,78.11,81.98,9.55,93.03,77.37,B,0,47,56.0,76.0,64.0
Female,22.0,CS,87.17,52.28,89.75,54.64,69.16,9.51,76.9,60.0,A,0,87,62.0,62.0,69.0
Male,20.0,Mathematics,,91.53,55.98,88.97,73.41,5.59,87.39,78.46,C,1,41,74.0,73.0,59.0
Male,20.0,Business,92.35,58.06,41.34,51.6,92.75,6.35,77.4,67.42,B,0,71,80.0,97.0,77.0
Female,24.0,Business,66.39,96.46,90.01,74.9,58.25,2.22,77.3,54.94,F,0,66,93.0,82.0,74.0
Female,24.0,Engineering,85.1,56.86,43.34,93.07,61.58,7.42,64.24,97.32,A,1,33,89.0,76.0,61.0
Female,19.0,Engineering,52.26,95.61,52.34,54.32,75.62,0.52,60.06,54.08,F,0,28,45.0,66.0,83.0
Male,23.0,CS,69.28,97.83,72.67,75.89,70.49,2.21,63.95,83.89,C,0,48,89.0,59.0,64.0
Female,24.0,Engineering,67.16,48.73,50.7,57.97,78.72,0.06,72.04,95.41,A,0,72,57.0,72.0,89.0
Male,21.0,CS,90.83,98.47,90.03,74.75,96.04,3.86,90.48,58.96,A,1,57,44.0,45.0,63.0
Female,22.0,Mathematics,98.35,45.14,86.63,91.62,95.86,8.5,91.45,61.86,A,0,0,63.0,36.0,47.0
Male,21.0,Business,69.18,53.11,85.35,96.7,61.5,9.83,58.17,71.34,D,0,75,100.0,65.0,46.0
Male,20.0,Engineering,,66.65,88.97,93.75,65.11,6.68,77.64,64.73,B,1,41,79.0,41.0,82.0
Female,21.0,CS,84.98,99.62,53.18,86.83,58.1,7.45,70.8,87.95,A,1,55,34.0,75.0,62.0
Male,18.0,Business,98.37,69.31,83.73,59.24,96.39,2.63,78.55,66.91,B,1,76,49.0,54.0,48.0
Female,22.0,CS,90.56,73.02,61.32,65.13,69.89,5.2,82.38,99.29,A,1,89,77.0,79.0,100.0
Male,21.0,CS,53.87,81.67,80.01,74.84,72.49,7.37,63.98,92.94,D,1,52,81.0,100.0,56.0
Male,18.0,CS,85.66,98.1,47.32,59.96,90.13,4.97,95.96,94.77,A,1,77,72.0,40.0,100.0
Female,19.0,Engineering,76.77,87.0,82.34,89.11,75.65,0.89,96.77,53.18,A,1,64,37.0,58.0,97.0
Male,21.0,Business,50.82,53.45,98.33,61.35,55.99,7.41,55.27,58.82,C,1,72,100.0,100.0,86.0
Female,22.0,CS,62.57,58.18,42.62,56.41,71.89,2.2,85.15,58.47,B,0,34,91.0,67.0,78.0
Female,18.0,CS,96.09,45.86,45.63,74.13,81.53,0.98,51.66,83.6,A,0,46,83.0,54.0,85.0
Female,21.0,Engineering,86.69,78.67,47.42,57.89,85.96,4.78,52.33,50.6,A,1,31,73.0,78.0,56.0
Male,19.0,Business,89.94,50.84,65.83,84.69,82.27,0.75,97.89,90.32,B,0,69,100.0,72.0,88.0
Male,21.0,CS,63.79,55.44,57.45,61.61,55.96,6.29,84.74,77.35,A,0,43,59.0,40.0,90.0
Male,18.0,CS,90.33,93.29,88.42,87.06,65.22,6.4,66.23,78.32,A,1,62,97.0,62.0,100.0
Female,21.0,Mathematics,50.51,59.61,68.43,53.17,86.68,2.57,83.49,76.87,F,1,50,55.0,57.0,57.0
Female,22.0,Mathematics,64.39,74.0,69.07,98.23,94.01,9.65,92.29,76.77,F,0,82,39.0,74.0,71.0
Male,20.0,Mathematics,51.53,63.85,83.02,,52.36,8.24,93.55,59.89,C,1,36,59.0,40.0,29.0
Male,18.0,Business,54.71,44.44,61.72,66.27,52.11,1.1,51.03,64.16,F,0,57,63.0,89.0,95.0
Female,18.0,CS,60.94,61.77,61.19,83.98,82.17,7.49,90.91,74.38,F,0,17,54.0,66.0,77.0
Male,18.0,CS,75.18,64.48,85.42,52.26,77.4,3.53,92.66,83.89,F,1,84,78.0,68.0,70.0
Female,18.0,CS,92.38,93.74,86.8,54.17,57.77,7.5,79.78,63.6,A,1,100,36.0,54.0,64.0
Male,21.0,CS,93.1,59.47,40.86,53.83,77.41,8.01,74.0,90.31,A,1,89,83.0,71.0,100.0
Female,22.0,Mathematics,80.81,62.75,48.63,91.49,98.72,1.51,55.55,90.53,B,1,28,59.0,100.0,98.0
Male,19.0,Business,96.41,86.97,52.79,94.8,81.55,6.62,61.98,63.69,A,0,85,43.0,41.0,75.0
Male,22.0,Business,75.0,85.54,61.1,90.33,72.46,8.63,74.52,78.0,D,0,53,74.0,77.0,70.0
Female,18.0,CS,57.37,87.9,57.49,80.18,91.38,3.23,93.25,67.45,F,1,24,63.0,62.0,56.0
Female,23.0,Mathematics,72.7,97.23,80.11,67.3,60.64,0.8,90.16,59.53,C,0,73,100.0,85.0,51.0
Female,21.0,Business,63.86,87.73,89.69,50.94,70.72,0.27,74.8,90.3,C,0,71,92.0,76.0,46.0
Male,23.0,CS,95.82,64.46,51.53,51.08,76.39,1.1,89.28,99.57,A,0,16,98.0,62.0,67.0
Female,21.0,Business,69.4,89.29,73.78,94.42,75.23,0.04,88.29,78.29,F,1,35,54.0,66.0,47.0
Female,18.0,Computer Science,75.17,70.52,62.07,55.13,96.05,3.27,78.95,95.7,D,1,67,71.0,78.0,64.0
Male,21.0,CS,66.44,56.66,70.35,90.05,64.63,2.99,61.02,82.11,D,0,32,81.0,66.0,59.0
Female,18.0, engineering ,83.14,58.18,77.25,58.22,52.83,1.1,67.4,78.29,B,0,11,91.0,82.0,76.0
Female,22.0,Engineering,99.75,53.43,93.62,83.73,95.82,6.51,58.2,74.01,A,0,75,83.0,73.0,57.0
Female,24.0,Computer Science,91.14,48.7,51.54,97.45,60.85,9.92,50.36,61.79,C,0,24,64.0,48.0,89.0
Male,20.0,CS,94.99,51.07,45.22,68.11,68.95,9.01,54.03,54.21,B,1,58,63.0,56.0,61.0
Male,21.0,Mathematics,50.2,43.79,77.63,86.72,76.54,2.53,87.98,72.12,F,0,80,56.0,57.0,65.0
Male,18.0,Engineering,68.21,93.31,,67.54,98.79,7.7,51.67,78.07,B,0,43,47.0,60.0,65.0
Female,23.0,Business,58.43,,49.77,65.25,76.76,9.37,69.99,75.47,C,0,50,71.0,56.0,91.0
Male,18.0,CS,87.87,75.21,47.03,60.09,72.39,9.06,99.29,84.78,B,1,89,77.0,86.0,33.0
Female,23.0,CS,52.53,90.43,73.53,91.05,79.18,8.85,89.76,59.6,C,1,38,55.0,53.0,59.0
Female,21.0,CS,77.67,51.01,58.03,61.85,98.54,7.86,87.53,67.71,B,0,56,100.0,88.0,58.0
Female,19.0,CS,64.75,94.1,99.85,64.16,90.9,2.93,63.74,70.78,D,0,28,58.0,74.0,82.0
Male,23.0,CS,56.68,70.38,64.35,99.95,58.45,0.84,82.09,59.33,F,1,70,80.0,84.0,68.0
Male,18.0,CS,57.1,44.03,52.74,66.37,90.16,4.88,74.94,95.32,F,1,59,100.0,71.0,37.0
Female,21.0,Engineering,60.87,48.48,77.73,71.14,92.05,0.55,81.19,84.08,A,0,70,51.0,80.0,31.0
Female,18.0,CS,61.18,58.54,54.66,99.5,84.53,9.98,71.79,54.59,D,1,67,78.0,43.0,78.0
Male,19.0,Business,63.75,42.61,69.65,68.47,,3.58,76.55,85.64,D,1,40,72.0,62.0,56.0
Male,20.0,CS,79.34,58.56,68.95,68.31,72.04,9.58,99.42,77.39,B,1,33,63.0,95.0,30.0
Male,24.0,Engineering,82.98,43.6,67.21,91.39,82.08,7.73,66.47,76.2,D,1,17,96.0,69.0,62.0
Female,24.0,CS,50.88,54.16,87.77,65.6,86.88,4.11,60.82,99.49,F,0,71,76.0,29.0,99.0
Male,19.0,Engineering,62.09,55.94,53.0,61.69,56.14,1.18,72.42,80.91,C,1,81,66.0,44.0,91.0
Male,22.0,CS,86.06,99.66,94.26,73.26,62.87,2.37,76.22,94.84,C,0,14,78.0,71.0,77.0
Male,21.0,Mathematics,66.6,54.13,87.48,85.03,59.7,6.73,54.28,95.68,B,1,43,57.0,45.0,50.0
Female,19.0,Business,94.21,54.35,59.99,52.16,92.06,,90.3,55.07,A,1,64,74.0,80.0,55.0
Male,20.0,Engineering,89.39,81.21,50.84,68.7,84.0,9.79,71.1,50.42,A,0,56,60.0,60.0,100.0
Female,18.0,CS,81.29,91.56,56.77,67.31,72.54,1.32,70.66,71.76,F,0,17,76.0,58.0,69.0
Female,21.0,Engineering,66.9,63.22,59.96,62.24,91.3,1.56,82.94,88.46,D,0,26,79.0,68.0,100.0
Female,23.0,Business,85.03,92.54,73.42,82.71,85.84,0.42,88.66,91.21,A,0,43,48.0,62.0,55.0
Male,19.0,CS,92.18,60.41,42.78,64.5,95.68,2.6,99.3,89.37,A,0,49,92.0,87.0,87.0
Male,20.0,Engineering,79.74,51.82,94.86,80.34,53.84,8.21,58.68,72.36,B,0,63,82.0,80.0,15.0
Male,19.0,Business,89.22,59.78,45.92,75.22,75.46,1.98,67.28,87.5,A,0,26,90.0,92.0,56.0
Female,22.0,Business,87.46,76.56,56.76,60.86,85.34,5.48,58.41,85.94,A,0,49,91.0,75.0,70.0
Male,24.0,Business,78.59,62.03,46.56,63.33,60.37,4.46,94.04,65.69,C,1,64,73.0,32.0,50.0
Female,24.0,Business,67.35,80.37,55.4,58.53,66.36,3.26,77.42,58.44,D,0,58,63.0,73.0,71.0
Male,21.0,Mathematics,87.29,54.22,90.26,52.83,70.95,6.18,92.62,81.07,A,1,93,17.0,28.0,56.0
 MALE ,18.0,Engineering,60.34,82.06,76.91,80.96,89.72,5.02,99.26,83.85,C,0,19,78.0,98.0,84.0
Male,20.0,Engineering,67.96,60.85,53.64,83.64,74.68,3.35,77.51,78.4,F,1,71,80.0,82.0,51.0
Male,19.0,Business,90.23,67.35,92.31,58.3,74.64,6.89,55.91,60.66,A,1,49,33.0,47.0,50.0
Female,21.0,Engineering,91.11,73.46,88.04,80.77,,2.8,68.06,63.83,A,0,10,81.0,61.0,30.0
Female,19.0,Math,73.65,81.17,85.22,99.1,61.43,,51.81,85.42,C,0,50,95.0,10.0,36.0
Female,21.0,CS,59.62,54.32,90.86,53.72,96.15,9.57,92.47,98.13,C,1,40,68.0,59.0,72.0
Female,24.0,CS,54.99,,77.18,74.52,65.89,7.29,50.89,97.24,D,1,15,75.0,71.0,47.0
Male,22.0,CS,87.17,83.31,70.09,86.65,78.37,4.18,79.61,75.98,B,1,12,51.0,54.0,15.0
Female,19.0,CS,94.31,54.05,62.44,52.3,57.44,7.48,55.31,94.33,A,1,37,81.0,61.0,93.0
Female,22.0,CS,82.54,98.5,53.43,88.91,71.71,8.09,50.38,51.47,F,1,100,60.0,86.0,65.0
Female,23.0,Business,57.21,79.89,73.44,98.98,95.19,3.26,62.81,93.06,F,0,67,41.0,73.0,36.0
 MALE ,23.0,CS,96.74,67.15,93.37,54.42,99.77,7.05,77.59,73.81,A,1,48,54.0,82.0,36.0
Female,24.0,Business,99.46,49.45,75.64,91.11,68.09,4.34,53.75,89.08,A,0,70,59.0,64.0,55.0
Female,20.0,Engineering,71.67,71.99,95.18,68.93,57.7,8.19,80.74,50.28,D,0,41,56.0,76.0,37.0
 MALE ,22.0,CS,79.74,49.89,61.42,57.21,65.72,2.95,83.6,93.43,F,1,48,81.0,40.0,97.0
Male,21.0,CS,86.53,65.77,81.71,74.66,66.36,9.38,98.48,79.75,B,1,36,63.0,59.0,96.0
Female,20.0,Engineering,79.59,64.52,78.92,53.58,82.23,5.75,94.98,62.01,B,0,100,85.0,52.0,55.0
Female,19.0,Business,98.39,83.2,80.23,76.11,74.81,3.53,78.34,67.37,B,0,38,86.0,91.0,59.0
Male,19.0,Business,55.74,51.54,78.7,50.97,88.42,4.19,89.67,60.03,C,1,42,52.0,49.0,72.0
Female,21.0,Business,79.04,89.31,53.3,86.43,85.07,3.48,68.18,71.22,A,0,81,59.0,70.0,45.0
Male,18.0,Mathematics,84.6,59.57,48.62,74.4,62.57,1.46,79.29,66.5,C,0,70,89.0,67.0,79.0
Female,18.0,Engineering,94.5,66.64,98.72,72.95,89.21,0.68,70.17,76.73,B,0,45,81.0,57.0,87.0
Female,19.0,Math,51.44,86.34,42.72,59.81,92.37,3.22,66.85,90.74,A,0,58,64.0,68.0,46.0
Female,24.0,Business,98.9,77.52,68.06,68.06,79.92,4.59,86.38,99.11,A,1,40,64.0,65.0,34.0
Female,24.0,Business,75.6,58.48,65.5,59.09,,3.62,64.83,62.57,B,0,33,47.0,47.0,36.0
Female,21.0,CS,91.54,63.17,61.6,86.77,89.15,0.14,69.03,55.33,A,0,76,63.0,73.0,92.0
Male,18.0,Mathematics,71.36,58.35,86.92,59.95,79.77,5.79,68.36,69.78,F,0,55,92.0,54.0,89.0
Male,22.0,Engineering,71.12,75.69,84.72,80.84,95.31,1.45,93.52,57.18,D,0,28,66.0,78.0,95.0
Female,19.0,Business,62.67,59.96,94.31,63.98,80.02,2.11,58.52,91.71,A,0,69,84.0,61.0,97.0
Female,23.0,CS,90.91,83.54,63.73,82.85,76.06,1.21,69.07,75.06,B,0,21,42.0,67.0,25.0
Female,22.0,CS,99.29,74.79,73.85,77.02,67.81,5.2,,81.0,A,0,84,64.0,59.0,65.0
Male,21.0,CS,62.82,48.74,93.54,71.17,94.14,0.95,50.77,57.53,B,1,70,94.0,98.0,60.0
Male,23.0,Computer Science,52.81,58.62,99.63,83.65,56.14,2.56,97.39,87.48,D,1,54,70.0,84.0,100.0
Male,22.0,CS,90.78,53.29,98.16,70.79,73.68,4.52,94.95,98.68,A,0,69,63.0,99.0,52.0
Male,18.0,Business,81.01,63.42,83.07,91.07,76.87,1.68,70.89,74.12,F,1,49,94.0,77.0,67.0
Male,24.0,CS,97.98,70.96,48.59,53.69,77.74,4.46,82.65,98.12,B,0,81,66.0,79.0,86.0
Male,18.0,CS,62.61,70.41,41.39,77.03,82.59,3.43,99.55,51.74,B,0,66,68.0,81.0,82.0
Male,23.0,CS,53.55,85.27,89.51,93.85,75.29,8.61,77.75,51.79,D,1,30,58.0,56.0,75.0
Male,20.0,Engineering,74.62,51.35,90.46,91.44,62.84,7.95,54.84,98.0,B,0,46,79.0,68.0,97.0
Female,24.0,CS,54.27,96.79,84.78,76.59,92.85,9.93,92.68,85.01,D,0,50,34.0,37.0,68.0
Male,19.0,CS,63.09,60.57,56.8,53.42,82.88,5.29,56.71,59.43,F,1,66,88.0,97.0,100.0
Male,23.0,Engineering,56.3,58.01,78.39,78.3,92.91,5.75,62.86,68.19,C,0,13,50.0,50.0,71.0
Male,21.0,Engineering,76.4,81.11,58.97,67.76,63.8,9.47,93.68,75.39,D,1,58,34.0,66.0,72.0
Male,19.0,CS,55.31,88.33,67.04,77.01,81.85,4.0,62.8,85.13,F,0,42,45.0,40.0,45.0
Female,22.0,CS,97.7,62.71,62.95,82.36,85.71,5.56,87.25,92.1,A,0,33,91.0,39.0,44.0
Male,24.0,CS,63.93,84.81,94.82,82.24,69.17,3.79,72.38,54.13,D,1,99,75.0,44.0,60.0
Female,21.0,Mathematics,72.19,93.02,54.05,83.68,90.61,5.46,87.99,82.83,B,1,49,90.0,56.0,81.0
Female,21.0,CS,94.93,86.01,74.66,83.96,50.13,0.81,61.62,73.84,A,0,79,81.0,46.0,48.0
Female,18.0,Engineering,83.87,42.05,61.66,55.46,79.75,7.84,70.98,79.88,A,0,61,58.0,61.0,41.0
Male,22.0,CS,80.9,89.64,79.78,59.59,80.68,9.85,65.91,75.43,F,1,76,97.0,35.0,75.0
Male,18.0,Engineering,85.28,86.47,73.87,81.53,76.69,0.66,62.45,72.53,A,1,73,86.0,80.0,61.0
Male,18.0,CS,91.44,80.16,,,81.5,8.01,65.72,60.28,A,0,0,66.0,48.0,90.0
Female,24.0,CS,93.88,85.6,46.1,88.14,58.36,2.42,66.15,73.62,A,1,28,60.0,100.0,54.0
Female,20.0,Engineering,82.13,98.77,53.24,56.25,84.24,1.98,97.77,59.48,F,1,47,95.0,52.0,51.0
Female,18.0,CS,94.5,65.87,85.98,59.58,66.79,6.93,76.66,52.23,A,0,61,89.0,72.0,85.0
Female,19.0,CS,76.77,44.03,62.13,77.92,72.6,0.44,73.1,68.69,B,0,59,44.0,45.0,62.0
Male,21.0,Engineering,63.86,67.65,49.95,75.04,66.66,4.63,75.17,51.25,F,1,62,39.0,74.0,68.0
 MALE ,24.0,Mathematics,94.0,42.79,70.2,63.32,73.7,0.01,99.81,78.13,A,0,46,85.0,43.0,70.0
Male,18.0,CS,98.53,57.66,79.13,70.42,81.08,5.54,82.68,53.62,C,1,28,75.0,56.0,59.0
Female,23.0,Engineering,95.31,75.21,42.69,51.75,91.92,4.62,85.17,71.88,B,0,20,58.0,95.0,55.0
Female,19.0,Mathematics,52.01,58.58,57.5,51.85,74.17,9.15,65.68,99.01,D,1,39,100.0,82.0,39.0
Male,22.0,Business,69.88,81.12,88.57,54.75,66.16,7.2,73.58,50.49,D,0,71,66.0,91.0,12.0
Male,21.0,Engineering,97.39,89.32,71.21,95.23,74.4,1.26,59.2,68.34,A,0,12,85.0,79.0,59.0
Female,24.0,Business,62.48,65.23,42.12,93.19,84.44,3.55,84.26,83.66,C,0,54,83.0,72.0,53.0
Male,23.0,CS,80.13,94.01,56.92,63.01,67.34,9.32,67.22,57.95,C,0,18,64.0,34.0,100.0
Male,24.0,Engineering,97.7,44.79,78.35,51.7,70.71,7.25,87.41,78.04,A,0,73,86.0,84.0,78.0
Female,24.0,CS,94.11,90.41,51.96,92.99,78.14,5.94,60.66,62.91,A,0,27,70.0,65.0,96.0
Female,23.0,CS,78.18,89.71,89.64,92.77,64.7,5.59,70.18,61.14,A,1,33,68.0,75.0,37.0
Female,22.0,Engineering,82.35,59.32,80.59,56.91,60.45,3.98,73.56,94.75,B,0,70,77.0,32.0,91.0
Male,23.0,CS,57.79,57.92,68.28,69.29,57.02,,58.33,60.16,F,1,15,52.0,81.0,56.0
Female,19.0,Engineering,88.79,58.31,94.94,57.94,67.63,7.72,53.48,68.83,A,1,58,56.0,52.0,40.0
Male,24.0,Engineering,81.5,88.68,63.51,74.0,52.42,1.28,65.85,58.48,C,0,34,80.0,55.0,88.0
Male,22.0,Engineering,99.11,89.9,,82.41,79.17,9.7,77.24,64.19,A,0,30,17.0,97.0,43.0
Female,24.0,CS,84.28,59.78,79.68,98.38,58.8,2.39,82.63,64.66,B,0,68,94.0,74.0,87.0
Male,23.0,CS,98.77,75.56,74.4,83.91,68.87,4.48,71.26,66.34,B,1,74,46.0,72.0,76.0
Female,22.0,Engineering,52.87,48.34,60.11,99.24,63.46,0.23,75.01,82.05,D,0,25,40.0,72.0,72.0
Female,22.0,Mathematics,56.95,68.13,60.62,,81.52,5.5,77.16,87.13,F,0,37,63.0,80.0,70.0
Male,18.0,Computer Science,72.57,99.93,63.89,94.89,92.52,3.82,75.6,75.53,A,0,97,74.0,88.0,81.0
Male,18.0,CS,69.24,49.53,57.47,60.25,81.67,2.5,54.52,80.52,A,1,31,88.0,47.0,70.0
Female,18.0,Business,89.14,96.85,82.61,85.53,77.13,9.86,70.25,90.66,B,1,88,88.0,38.0,22.0
Female,23.0,CS,58.03,89.46,79.08,85.13,83.45,4.28,60.22,99.98,C,0,10,72.0,58.0,91.0
Female,21.0,Business,98.8,98.33,66.45,68.57,51.5,4.14,76.69,72.83,A,1,20,75.0,62.0,44.0
Female,19.0, engineering ,65.75,50.77,63.87,56.96,56.14,4.63,87.9,96.82,C,0,54,83.0,53.0,65.0
Female,23.0,Engineering,64.14,52.81,61.9,83.56,54.75,1.16,78.97,74.52,A,1,68,100.0,100.0,90.0
Female,24.0,CS,63.74,41.01,57.01,66.67,54.91,3.93,61.09,89.1,F,0,58,57.0,80.0,71.0
Male,18.0,CS,78.97,83.48,45.14,78.63,63.02,3.36,60.39,78.66,C,0,23,90.0,85.0,31.0
Male,22.0,CS,52.93,78.65,56.09,64.97,76.6,4.65,51.85,94.2,C,1,65,69.0,78.0,65.0
 MALE ,23.0,Business,67.46,50.68,59.27,89.19,55.73,8.57,71.32,72.44,B,1,51,76.0,100.0,44.0
Male,22.0,Business,87.29,87.47,72.86,65.62,96.76,1.93,71.64,84.79,A,0,25,96.0,48.0,80.0
Female,24.0,Engineering,59.33,57.95,86.43,76.75,92.71,6.08,61.82,73.32,D,0,49,58.0,77.0,89.0
Male,22.0,Business,61.78,48.1,63.74,61.59,98.58,0.38,88.21,92.85,C,0,70,77.0,69.0,44.0
Male,22.0,CS,72.4,65.35,96.69,,52.13,3.17,69.32,99.72,A,0,53,93.0,60.0,82.0
Female,20.0,Engineering,88.69,45.46,89.64,81.02,92.57,4.73,83.47,62.17,D,0,10,39.0,39.0,62.0
Male,21.0,Engineering,71.87,55.79,99.09,59.61,90.19,0.74,82.0,73.72,A,0,74,57.0,70.0,86.0
Female,19.0,Business,89.98,62.28,92.57,60.77,95.11,5.44,80.24,54.06,B,1,82,89.0,93.0,41.0
Female,19.0,CS,67.34,91.11,77.0,96.63,76.4,3.1,95.4,57.05,A,0,73,61.0,34.0,100.0
Female,18.0,Engineering,84.95,87.55,75.91,78.83,89.39,9.93,50.79,96.46,F,1,40,84.0,61.0,52.0
Female,20.0,Business,54.51,66.57,47.77,77.42,52.56,6.31,53.4,77.18,C,0,100,58.0,80.0,52.0
Female,23.0, engineering ,94.42,83.47,83.34,63.69,53.79,2.44,86.11,69.76,A,1,72,50.0,59.0,81.0
Male,23.0,CS,95.47,74.12,76.01,84.7,55.93,1.03,67.68,83.57,A,0,49,76.0,34.0,76.0
Male,19.0,Engineering,55.25,60.45,70.42,94.45,95.74,0.41,99.33,78.01,C,0,83,62.0,91.0,40.0
Male,21.0,CS,99.54,83.55,81.6,52.18,53.06,0.91,60.82,64.44,B,1,67,65.0,68.0,48.0
Female,22.0,Engineering,64.88,81.01,66.64,70.86,55.01,6.8,59.17,61.33,A,0,49,96.0,83.0,70.0
Male,24.0,Mathematics,58.88,77.15,71.43,79.68,96.52,8.55,79.41,79.51,F,0,38,30.0,53.0,51.0
Male,18.0,Engineering,50.25,77.08,63.9,65.21,55.37,1.57,63.97,59.41,F,0,35,64.0,89.0,17.0
Male,21.0,Engineering,70.43,80.98,83.04,50.98,93.49,4.02,67.02,56.96,D,0,37,62.0,55.0,69.0
Male,19.0,Engineering,81.49,63.07,92.6,60.53,89.46,3.54,96.05,65.92,D,0,10,75.0,51.0,52.0
Female,20.0,CS,60.66,92.14,90.45,53.09,52.01,6.45,51.31,93.07,D,1,49,53.0,58.0,57.0
Male,18.0,CS,91.84,49.74,87.16,78.45,51.09,1.83,76.56,51.84,A,1,41,91.0,73.0,38.0
Female,19.0,Mathematics,85.83,93.03,40.83,82.27,76.72,9.53,66.74,91.66,A,1,42,53.0,72.0,63.0
Female,23.0,Engineering,,60.54,94.71,57.99,99.86,,67.3,81.05,A,1,61,67.0,96.0,82.0
Male,18.0,CS,86.72,47.5,56.49,66.65,93.94,9.55,62.39,52.02,A,0,47,82.0,54.0,26.0
Female,19.0,CS,97.02,76.0,93.28,66.49,65.5,2.77,56.74,80.1,A,1,63,62.0,100.0,74.0
Female,23.0,Engineering,54.65,62.56,51.82,90.99,69.32,5.88,51.72,71.3,C,0,32,81.0,69.0,97.0
Female,24.0,Business,85.94,88.93,66.38,59.73,69.4,7.32,99.38,92.06,C,0,81,71.0,100.0,85.0
Female,23.0,Business,73.17,65.85,84.96,77.42,86.71,7.11,83.02,95.36,D,1,62,70.0,98.0,68.0
Female,22.0,CS,74.9,80.11,78.42,89.15,67.06,0.21,88.86,64.32,A,1,46,53.0,55.0,89.0
Female,20.0,Mathematics,77.11,58.5,64.96,91.48,57.39,9.98,53.25,89.21,C,1,61,80.0,36.0,27.0
Female,22.0,Engineering,65.03,52.57,80.72,83.33,87.36,9.28,50.74,65.49,B,1,45,100.0,52.0,36.0
Male,19.0,Engineering,68.8,63.28,72.94,64.98,72.9,1.2,80.01,64.78,D,1,26,68.0,53.0,43.0
Male,24.0,Engineering,82.25,76.41,56.54,91.15,53.84,5.44,86.19,59.63,A,0,69,86.0,56.0,47.0
Female,21.0,CS,78.89,79.42,78.78,72.74,89.5,3.15,69.74,83.92,B,0,67,35.0,36.0,44.0
Female,24.0,Mathematics,99.68,74.69,52.25,85.22,79.27,8.79,69.39,63.08,F,1,85,77.0,82.0,91.0
Male,24.0,CS,73.85,99.28,81.64,53.37,74.47,6.98,69.22,73.24,A,1,70,78.0,49.0,76.0
Male,24.0,CS,67.81,81.47,40.19,52.16,83.67,2.24,57.64,90.61,B,1,73,65.0,82.0,83.0
Male,22.0,Business,74.55,95.89,72.93,84.77,75.27,0.34,87.7,89.6,F,0,19,78.0,88.0,36.0
Male,21.0,Engineering,96.09,,64.06,97.24,82.42,2.92,60.76,92.77,A,1,50,74.0,62.0,38.0
Female,23.0,Business,74.03,43.68,58.19,88.69,93.37,0.38,66.22,58.05,A,0,23,100.0,84.0,70.0
Female,19.0,Engineering,50.7,58.66,70.94,91.57,80.68,1.41,83.56,79.34,D,0,77,75.0,73.0,55.0
Male,20.0,CS,71.94,48.2,78.72,77.25,82.98,6.36,50.01,95.74,C,0,55,81.0,73.0,82.0
Male,21.0,Mathematics,91.03,71.55,97.92,65.23,80.69,7.45,88.31,52.1,A,1,37,40.0,36.0,42.0
Male,19.0,CS,89.0,71.14,89.98,83.67,76.56,4.68,94.95,89.73,A,0,32,77.0,49.0,56.0
Male,21.0,Business,75.67,74.5,83.03,85.6,58.6,6.0,52.58,62.31,B,0,55,80.0,78.0,89.0
Female,22.0,CS,98.22,84.71,68.74,83.77,66.78,1.56,79.58,83.48,F,0,67,17.0,82.0,65.0
Male,19.0,Business,73.25,98.28,63.53,97.34,84.66,3.17,70.42,85.87,F,1,38,37.0,51.0,78.0
Male,22.0,CS,78.19,92.7,41.95,68.36,71.27,7.13,53.92,96.28,B,1,70,76.0,78.0,32.0
Male,18.0,Engineering,99.99,47.1,61.55,51.98,70.31,3.65,84.11,75.44,A,0,23,62.0,64.0,32.0
Female,19.0,Business,82.21,60.31,90.9,,87.96,3.49,80.62,92.41,A,0,53,95.0,71.0,73.0
Female,21.0,Engineering,84.71,55.35,63.04,82.46,50.28,1.94,82.13,52.27,C,0,28,55.0,60.0,62.0
Female,18.0,Business,74.57,50.61,67.7,84.87,83.95,5.95,90.67,71.03,C,0,22,59.0,55.0,77.0
 MALE ,22.0,Business,96.59,72.68,56.31,93.66,74.46,8.1,64.35,71.98,A,0,52,57.0,78.0,49.0
Male,22.0,Business,90.65,73.2,56.45,65.51,68.84,4.69,83.85,76.91,A,1,28,76.0,51.0,67.0
Male,21.0,Mathematics,74.75,53.63,43.71,62.36,67.03,1.16,87.17,74.07,B,0,76,50.0,67.0,64.0
 FEMALE ,18.0,Engineering,99.73,82.71,76.83,90.84,58.64,8.38,58.44,98.4,B,1,69,79.0,100.0,58.0
Female,24.0,CS,72.86,83.97,66.88,89.71,66.71,0.71,97.85,53.93,F,0,43,100.0,31.0,63.0
Male,23.0,CS,91.38,41.26,76.36,53.49,69.57,4.72,67.0,63.25,B,0,58,59.0,66.0,30.0
Male,20.0,CS,84.13,63.75,72.81,82.76,71.87,2.61,85.69,98.43,F,1,64,75.0,70.0,54.0
Female,21.0,CS,52.33,93.41,87.93,83.86,83.62,9.36,87.7,72.27,D,0,80,46.0,67.0,54.0
Male,22.0,Engineering,62.53,71.22,85.06,92.64,72.68,7.38,75.2,78.56,A,1,47,70.0,74.0,58.0
Male,19.0,CS,67.69,60.86,86.29,84.35,89.81,5.66,56.44,54.05,F,0,46,87.0,54.0,56.0
Male,18.0,CS,86.97,55.22,69.95,96.16,81.99,6.68,63.78,64.2,A,0,42,96.0,85.0,57.0
 FEMALE ,23.0,CS,74.71,54.6,61.23,86.69,59.48,5.33,61.71,51.98,F,0,60,81.0,37.0,68.0
Male,20.0,Business,51.43,45.99,96.01,98.06,63.86,,75.93,56.88,F,0,31,69.0,61.0,36.0
Male,19.0,Engineering,80.84,89.03,43.26,72.43,53.96,7.09,63.06,81.67,D,0,66,64.0,84.0,45.0
Male,18.0,CS,70.57,45.2,49.16,76.41,97.29,4.93,77.34,88.18,D,1,43,100.0,92.0,36.0
Male,23.0,Business,96.09,57.54,65.18,63.19,94.33,6.34,64.41,93.5,A,1,74,100.0,100.0,76.0
Female,21.0,CS,60.37,42.74,76.84,99.28,54.24,0.45,50.05,62.57,F,1,95,98.0,93.0,91.0
Female,23.0,Mathematics,85.45,86.88,40.49,52.76,78.7,1.42,68.16,66.64,A,1,0,100.0,51.0,76.0
Female,21.0,Engineering,83.17,42.36,83.16,67.93,98.02,5.89,80.34,78.47,F,0,25,56.0,53.0,91.0
Male,24.0,CS,88.05,58.5,73.52,64.88,87.36,4.59,88.68,54.18,A,0,36,56.0,70.0,66.0
Female,18.0,Engineering,86.05,74.4,69.08,69.33,74.59,2.27,51.42,90.34,A,1,44,46.0,71.0,69.0
Male,23.0,Business,95.2,64.57,65.41,95.89,62.06,2.41,62.92,74.16,B,1,40,93.0,67.0,59.0
Female,20.0,Engineering,51.69,56.94,71.17,68.4,63.95,6.32,99.27,98.28,C,1,40,51.0,36.0,84.0
Male,23.0,Business,,56.51,49.71,95.85,86.81,0.59,63.09,55.87,B,0,74,52.0,70.0,49.0
Female,18.0,CS,83.96,87.87,46.52,71.17,89.03,4.34,88.86,56.66,B,0,69,49.0,70.0,53.0
Female,19.0,CS,54.76,98.44,57.38,92.74,76.43,5.23,75.47,67.43,C,0,66,66.0,75.0,12.0
Female,19.0,CS,70.53,60.88,82.57,76.09,56.05,3.08,56.11,60.34,D,0,94,65.0,65.0,53.0
Male,23.0,CS,97.11,42.35,75.3,79.12,96.69,8.21,82.17,84.83,B,1,56,71.0,66.0,88.0
Male,23.0,CS,83.85,42.19,68.81,72.47,92.24,0.57,98.32,97.34,F,0,13,77.0,88.0,41.0
Male,21.0,Mathematics,99.27,85.55,74.29,55.55,57.03,8.66,94.34,54.5,A,0,37,64.0,78.0,34.0
Female,18.0,CS,52.84,73.14,73.56,79.76,52.84,7.23,84.51,62.11,C,0,10,100.0,87.0,75.0
Male,,Engineering,85.89,87.02,58.42,64.48,76.79,4.46,75.61,61.89,A,0,77,85.0,58.0,83.0
Male,20.0,Engineering,79.05,81.85,45.85,59.32,64.21,9.24,65.97,75.45,F,1,89,99.0,67.0,78.0
Male,24.0,Business,75.03,94.45,93.81,66.8,64.16,7.02,67.85,72.6,B,0,48,49.0,78.0,72.0
Male,19.0,Mathematics,98.54,93.15,75.99,81.22,54.36,9.31,67.31,86.34,A,0,49,65.0,81.0,71.0
Male,22.0,Business,56.48,87.3,,69.33,,4.73,96.1,86.63,C,0,100,97.0,88.0,51.0
Male,22.0,Mathematics,94.8,68.51,67.84,85.62,91.51,4.53,60.57,78.64,B,0,74,75.0,96.0,100.0
Female,18.0,Business,84.56,58.49,85.39,99.35,55.69,5.31,68.9,79.55,D,1,37,76.0,71.0,64.0
Female,18.0,Mathematics,62.95,70.42,75.07,83.11,93.83,0.65,71.6,92.12,F,0,46,95.0,33.0,83.0
Male,22.0,Business,95.08,70.12,43.23,73.13,84.15,9.08,70.45,69.85,B,0,46,60.0,74.0,68.0
Female,18.0,CS,71.46,76.62,93.41,58.21,66.27,6.68,50.21,50.62,C,1,24,85.0,52.0,98.0
Female,19.0,Engineering,57.18,51.17,58.33,62.79,93.56,6.18,63.55,60.65,B,0,57,36.0,90.0,52.0
Male,20.0,Engineering,69.44,79.34,48.27,86.34,79.9,9.26,74.93,51.77,C,1,49,62.0,42.0,92.0
Male,20.0,CS,92.55,67.4,45.28,60.87,,9.94,88.02,69.67,A,0,58,66.0,100.0,9.0
Female,21.0,CS,81.83,77.21,83.23,59.1,73.46,1.63,78.47,67.89,C,1,12,59.0,72.0,49.0
Male,19.0,Engineering,57.05,54.38,82.24,68.82,75.03,7.49,69.24,54.93,D,0,24,50.0,90.0,76.0
Female,24.0,Mathematics,82.48,66.06,82.01,90.93,64.55,5.8,83.26,87.75,C,1,43,61.0,49.0,74.0
Female,18.0,CS,59.57,52.61,94.95,86.13,69.38,4.61,83.29,77.65,F,1,53,91.0,59.0,73.0
Female,18.0,Business,70.6,92.52,60.94,97.88,78.39,9.78,62.4,61.29,C,0,57,62.0,89.0,35.0
Male,24.0,Business,,69.28,73.67,68.66,97.35,8.5,55.19,87.96,F,0,30,38.0,52.0,24.0
Female,21.0,Mathematics,51.05,53.5,77.17,57.56,80.01,6.97,90.16,83.4,C,0,74,100.0,75.0,93.0
Male,21.0,Mathematics,60.59,42.47,98.77,52.13,57.37,3.83,76.49,59.58,F,0,58,76.0,91.0,55.0
 MALE ,18.0,Business,76.82,80.54,58.74,69.95,50.35,6.66,58.83,99.14,F,1,93,71.0,74.0,89.0
Male,18.0,Engineering,75.14,52.88,97.38,76.1,92.55,5.32,63.1,58.87,D,0,26,91.0,55.0,79.0
 MALE ,,CS,75.07,99.37,48.92,64.19,68.22,2.49,88.32,88.59,B,1,100,27.0,70.0,52.0
Male,19.0,Engineering,62.38,72.02,85.84,56.71,65.75,4.5,82.66,98.41,B,0,72,83.0,67.0,48.0
Female,24.0,Business,84.26,57.34,77.97,56.24,90.04,2.12,97.26,86.28,C,0,58,66.0,41.0,60.0
Male,,Business,51.44,79.46,89.01,52.34,97.27,5.0,73.25,83.29,C,0,0,73.0,55.0,88.0
Male,24.0,Business,67.9,56.51,41.72,92.54,87.4,7.2,52.61,95.17,F,0,39,79.0,80.0,90.0
Male,24.0,CS,94.06,89.22,44.69,97.39,,0.37,85.02,63.46,A,0,30,100.0,70.0,36.0
Male,24.0,Engineering,82.2,58.49,44.18,55.78,69.57,7.65,62.75,63.86,A,1,18,100.0,100.0,81.0
Male,19.0,CS,85.65,99.29,75.58,60.66,87.97,0.2,66.19,82.06,A,1,38,76.0,72.0,47.0
Female,23.0,CS,63.87,76.31,76.18,62.15,,5.17,59.83,94.11,B,1,44,84.0,78.0,35.0
Male,18.0,CS,50.03,90.66,94.37,93.88,99.93,5.73,65.45,80.87,F,0,19,69.0,60.0,78.0
Male,22.0,CS,93.27,44.37,68.06,97.94,75.58,7.61,91.47,98.85,A,1,64,82.0,88.0,82.0
Female,24.0,Business,77.51,60.9,44.08,63.09,91.13,7.61,78.84,61.15,B,0,54,90.0,85.0,60.0
 MALE ,22.0,CS,56.16,84.25,52.57,65.18,52.33,4.17,,91.29,C,0,61,71.0,72.0,37.0
Female,23.0,CS,58.76,79.3,40.48,68.13,64.29,0.66,79.33,96.36,B,0,70,70.0,57.0,58.0
Female,18.0,Mathematics,83.07,51.65,86.6,75.12,68.58,6.94,81.68,71.35,C,1,61,91.0,44.0,78.0
Female,21.0,CS,82.61,61.37,88.94,84.12,98.78,5.11,94.24,98.1,D,0,34,59.0,77.0,87.0
Female,22.0,CS,93.02,55.81,99.88,50.32,50.17,3.33,92.98,60.11,B,1,44,93.0,49.0,49.0
Male,21.0,Computer Science,57.01,76.8,64.73,62.67,65.4,2.35,53.14,97.64,D,0,33,60.0,52.0,84.0
Male,22.0,CS,71.5,60.67,41.16,54.99,96.52,1.2,93.33,95.14,D,0,59,64.0,46.0,64.0
Female,21.0,CS,54.86,58.54,54.08,89.93,65.33,2.95,52.54,53.31,C,0,22,68.0,67.0,78.0
Female,24.0,CS,69.48,52.44,75.27,66.72,61.25,4.58,57.71,76.07,A,0,66,67.0,54.0,38.0
Male,22.0,Engineering,50.76,,97.72,68.88,86.5,4.78,55.58,76.44,F,1,54,53.0,55.0,82.0
Female,21.0,CS,94.91,51.73,46.21,96.14,87.27,5.83,59.08,52.85,A,0,61,72.0,74.0,94.0
Female,23.0,CS,57.8,97.75,47.29,96.47,73.61,3.62,90.16,51.98,F,0,37,66.0,100.0,73.0
Female,19.0,Business,88.74,49.27,82.11,85.81,97.35,9.2,84.31,50.25,F,0,31,91.0,70.0,99.0
Male,21.0,Engineering,53.0,94.8,80.03,88.79,60.14,4.96,84.35,76.23,F,1,30,80.0,59.0,69.0
Female,19.0,Mathematics,61.37,65.71,55.03,87.54,95.67,4.24,96.11,73.19,D,0,36,78.0,67.0,62.0
Male,19.0,Engineering,62.97,62.67,88.79,66.05,87.78,0.48,69.59,97.02,D,0,39,65.0,100.0,44.0
Male,18.0,CS,69.33,53.88,47.73,87.85,68.41,5.99,50.16,67.12,B,0,34,68.0,50.0,55.0
Male,24.0,Business,90.14,78.15,95.54,89.23,90.35,6.03,81.99,82.91,A,0,31,100.0,54.0,53.0
Female,23.0,CS,69.33,81.13,52.06,76.67,56.66,5.83,93.4,50.38,C,1,68,50.0,52.0,56.0
Female,19.0,CS,60.23,68.05,44.88,63.8,56.55,8.88,98.81,83.18,A,0,69,73.0,29.0,44.0
Male,20.0,Engineering,59.11,43.34,60.37,87.99,96.5,7.63,68.19,95.67,D,1,85,76.0,33.0,86.0
Male,24.0, engineering ,53.97,95.11,51.27,90.85,54.74,8.67,91.11,67.74,C,0,13,75.0,83.0,68.0
Male,19.0,Business,88.0,98.82,71.62,,50.2,0.59,92.46,65.7,A,0,76,80.0,67.0,82.0
Female,21.0,Mathematics,72.24,65.86,81.21,90.08,,3.18,57.22,81.3,D,0,99,49.0,66.0,28.0
Female,19.0,CS,86.31,76.82,69.46,90.71,55.19,3.19,81.57,66.43,A,1,0,86.0,68.0,78.0
Male,21.0,Engineering,84.11,67.02,79.64,61.71,93.15,6.57,58.66,70.12,C,0,29,65.0,30.0,65.0
Male,21.0,Engineering,56.77,59.31,61.9,85.85,96.13,4.49,72.33,63.66,D,1,67,94.0,48.0,80.0
Female,20.0,Math,57.14,44.64,41.68,59.33,74.12,7.77,93.96,67.24,D,1,41,65.0,65.0,71.0
Male,19.0,Business,87.77,,98.44,54.65,71.27,3.84,89.47,83.97,A,1,100,60.0,96.0,91.0
Female,19.0,Mathematics,86.06,89.1,89.16,78.73,,2.22,78.52,96.12,A,0,68,87.0,94.0,60.0
Female,22.0,CS,68.9,41.02,44.41,95.43,61.31,2.91,90.44,79.16,F,1,32,26.0,52.0,67.0
Male,24.0,Business,53.87,74.93,66.95,51.77,64.9,1.82,57.64,50.5,D,1,37,87.0,75.0,38.0
Male,22.0,CS,50.6,92.85,78.1,91.33,55.05,1.98,59.75,63.19,F,0,100,53.0,87.0,66.0
Female,18.0,CS,64.41,53.05,51.44,75.32,72.32,2.17,60.44,97.61,B,0,16,50.0,81.0,80.0
Female,21.0,Mathematics,50.46,51.0,74.68,78.64,80.58,0.16,,95.52,C,1,78,80.0,51.0,59.0
Female,20.0,CS,61.5,86.34,,92.17,96.51,7.16,94.55,55.78,F,0,56,100.0,68.0,64.0
Female,22.0,Mathematics,70.98,55.31,52.5,93.76,86.95,4.0,78.14,95.42,A,1,42,75.0,64.0,83.0
Female,19.0,CS,56.07,51.52,48.47,88.44,86.15,0.23,97.9,98.23,F,0,42,52.0,50.0,46.0
Male,18.0,Business,55.21,62.68,85.54,92.15,65.4,3.7,86.4,66.23,D,0,31,32.0,74.0,61.0
Female,20.0,CS,94.82,63.55,59.36,58.8,94.41,9.05,78.18,85.05,A,0,28,30.0,77.0,73.0
Female,23.0,CS,79.27,92.45,54.64,65.19,97.35,5.11,80.58,78.0,C,1,72,100.0,100.0,67.0
Female,19.0,CS,96.72,77.11,84.27,62.12,96.61,9.87,92.48,66.85,B,1,18,86.0,49.0,70.0
Male,,Engineering,67.29,64.36,84.16,87.12,51.94,5.4,54.51,57.67,B,1,49,100.0,57.0,77.0
Male,23.0,CS,83.86,72.06,56.58,57.68,80.22,9.63,58.4,68.35,B,0,29,56.0,74.0,59.0
Female,21.0,Engineering,60.23,97.24,92.35,59.11,82.16,2.02,63.31,96.39,F,0,45,61.0,49.0,88.0
Female,21.0,CS,80.92,46.79,81.3,93.95,64.75,2.9,94.74,90.56,D,0,47,74.0,70.0,32.0
Male,22.0,CS,56.48,52.46,60.75,85.29,99.62,7.0,97.25,66.53,C,0,62,98.0,54.0,59.0
Male,22.0,CS,50.1,97.75,65.65,93.77,64.56,9.87,67.81,77.38,D,1,33,17.0,83.0,27.0
Male,19.0,Engineering,96.58,97.44,83.6,56.97,60.83,8.25,96.19,70.3,A,1,74,87.0,79.0,58.0
Male,24.0,BUSINESS,77.74,50.63,52.7,69.95,74.21,5.54,77.34,73.31,A,0,36,61.0,74.0,72.0
Female,19.0,Business,96.35,48.71,68.13,64.16,66.16,0.85,,88.06,A,1,93,76.0,71.0,47.0
Male,22.0,CS,66.69,65.27,79.21,50.48,96.2,3.64,91.64,77.15,F,0,36,98.0,40.0,77.0
Female,23.0,Engineering,66.39,42.98,72.37,64.23,72.0,0.86,77.3,59.05,F,1,79,89.0,94.0,38.0
Female,22.0,Business,97.0,79.29,76.5,68.98,,3.11,72.72,63.45,A,1,49,100.0,52.0,58.0
Male,19.0,CS,85.3,44.65,72.77,61.63,81.29,2.59,50.8,78.39,A,1,76,87.0,57.0,59.0
Male,20.0,Engineering,78.29,43.48,51.95,78.32,54.06,3.89,50.64,84.64,A,0,89,17.0,50.0,91.0
Male,19.0,Engineering,96.27,69.11,64.61,69.16,87.84,8.37,81.38,75.41,B,1,42,81.0,61.0,21.0
Male,20.0,CS,,97.47,71.92,52.32,88.42,1.5,53.67,81.01,B,0,100,86.0,56.0,63.0
Female,20.0,CS,85.41,65.61,86.8,85.2,73.7,3.06,86.85,89.47,B,0,50,58.0,62.0,57.0
Female,19.0,CS,66.52,61.39,79.23,75.69,97.78,2.61,81.12,77.27,C,0,69,100.0,96.0,71.0
Female,24.0, engineering ,59.01,99.88,65.6,87.44,78.97,2.96,72.89,98.86,D,0,26,95.0,34.0,61.0
Male,24.0,CS,75.52,71.92,98.46,74.28,84.76,3.61,85.49,61.78,D,1,60,54.0,30.0,68.0
Female,18.0,CS,75.25,62.51,46.47,98.43,96.22,2.44,99.65,95.98,C,0,82,95.0,99.0,97.0
Male,22.0,CS,,63.15,52.41,95.7,83.32,9.43,62.32,62.38,D,1,78,83.0,59.0,66.0
Female,24.0,CS,60.09,51.7,60.48,77.57,71.59,4.2,77.85,76.58,F,0,72,51.0,66.0,37.0
Male,21.0,CS,70.41,70.73,53.71,72.25,51.24,1.14,92.14,72.8,A,0,60,71.0,57.0,87.0
Female,19.0,Mathematics,70.44,66.33,77.53,50.15,86.41,4.68,,68.64,C,0,70,55.0,10.0,74.0
Female,20.0,CS,65.88,56.25,42.37,85.55,98.24,1.84,60.18,98.14,F,1,34,54.0,66.0,80.0
Male,19.0,Engineering,57.43,49.63,50.65,74.25,73.51,2.16,76.05,63.62,D,1,41,56.0,90.0,46.0
Female,22.0,CS,50.22,58.67,57.6,87.4,66.99,2.85,77.61,83.74,F,1,50,71.0,75.0,43.0
Female,23.0,Engineering,,70.52,81.0,79.71,75.96,1.25,54.32,90.2,B,0,71,89.0,64.0,91.0
Male,24.0,Engineering,97.17,43.5,92.55,99.64,86.42,7.21,70.37,59.85,A,1,22,87.0,67.0,59.0
Male,24.0,CS,74.18,49.22,87.91,92.69,50.03,7.92,75.99,98.66,F,0,77,64.0,89.0,62.0
Male,24.0,Business,99.75,96.86,50.92,97.68,94.36,3.94,71.15,77.33,B,1,33,88.0,42.0,78.0
Male,20.0,Engineering,83.68,72.57,73.92,66.38,94.32,6.89,85.03,95.72,F,0,100,95.0,72.0,100.0
Male,21.0,Business,53.44,43.81,41.8,57.47,77.06,,88.57,83.19,F,0,52,100.0,49.0,88.0
Female,21.0,Engineering,55.89,81.59,,89.84,56.12,,,82.47,F,0,51,67.0,71.0,88.0
Male,24.0,Mathematics,95.81,43.71,88.36,71.44,83.59,3.97,71.28,67.28,A,0,45,68.0,66.0,74.0
Female,21.0,Business,81.5,,67.4,60.57,56.89,5.57,85.27,88.53,C,0,9,41.0,58.0,67.0
Female,23.0,Mathematics,92.16,85.0,49.0,88.24,75.38,0.41,77.77,51.49,B,0,79,88.0,60.0,72.0
Male,24.0,Engineering,85.26,79.06,66.31,79.1,54.68,6.54,93.52,77.79,B,0,84,52.0,47.0,48.0
Female,18.0,Engineering,72.4,83.93,51.88,55.48,79.45,7.43,74.06,51.61,B,0,60,80.0,85.0,79.0
Female,20.0,Business,52.43,45.28,63.59,75.09,65.9,8.6,78.72,65.34,D,0,31,71.0,62.0,50.0
Male,23.0,Business,59.41,83.61,,96.56,91.55,1.03,56.44,54.81,D,0,8,55.0,66.0,47.0
Female,20.0,Mathematics,53.33,48.2,60.97,75.32,90.0,0.0,91.8,95.58,D,1,43,100.0,61.0,61.0
Male,24.0,CS,59.44,,96.22,89.43,99.92,0.73,71.11,81.41,F,0,77,76.0,67.0,27.0
Male,23.0,Business,70.53,96.56,73.75,51.45,62.88,9.24,85.95,83.43,D,0,18,85.0,99.0,78.0
Male,24.0,CS,,70.17,90.57,86.4,53.09,7.66,71.47,92.56,D,1,48,54.0,91.0,100.0
Female,23.0,Engineering,58.34,98.05,85.64,97.34,72.15,8.35,50.05,86.65,D,0,29,67.0,100.0,62.0
Female,24.0,CS,72.29,45.34,79.67,74.98,54.17,5.17,70.02,56.21,C,0,55,100.0,77.0,12.0
Female,18.0,Computer Science,67.01,68.65,69.81,66.89,58.92,5.27,57.38,80.88,A,0,25,79.0,73.0,46.0
Female,20.0,Mathematics,83.02,43.74,40.13,82.33,79.87,2.99,69.93,98.91,C,0,53,77.0,50.0,9.0
Male,23.0,CS,71.46,77.81,76.81,95.81,79.61,8.43,66.07,60.71,B,0,43,97.0,59.0,41.0
Female,18.0,Engineering,82.22,44.72,61.36,58.84,52.17,8.3,60.13,80.99,D,0,38,75.0,87.0,48.0
Male,19.0,Engineering,65.46,50.52,47.07,70.18,,3.92,56.19,78.18,F,1,64,88.0,82.0,78.0
Female,,CS,55.39,55.53,66.68,57.81,76.51,3.29,86.43,69.58,F,1,70,72.0,43.0,33.0
Female,22.0,CS,54.96,84.92,84.13,50.31,63.4,7.38,87.74,97.73,D,0,97,58.0,54.0,100.0
Female,23.0,Engineering,92.64,49.84,97.7,77.02,93.6,0.26,63.25,67.82,B,1,16,78.0,39.0,97.0
Female,21.0,CS,75.32,90.8,62.45,97.21,58.05,8.6,74.76,54.68,C,0,55,98.0,55.0,77.0
Female,18.0,Business,88.32,47.91,72.56,70.63,62.7,4.46,73.2,98.13,A,1,49,67.0,61.0,76.0
Male,18.0,Mathematics,61.73,42.11,91.07,78.35,57.85,4.41,67.76,86.46,F,0,69,71.0,91.0,39.0
Female,23.0,CS,91.44,63.7,60.04,94.26,55.83,6.69,63.88,67.12,B,0,37,92.0,66.0,66.0
Female,18.0,CS,96.19,98.77,48.54,66.07,93.95,6.46,59.3,64.03,A,0,81,98.0,94.0,83.0
Female,19.0, engineering ,81.77,46.62,56.91,83.4,63.89,2.66,93.64,96.4,D,0,22,66.0,73.0,51.0
Female,18.0,Business,55.29,46.1,93.95,87.86,86.13,9.43,91.67,63.68,D,0,95,52.0,51.0,100.0
Male,22.0,CS,94.76,85.07,49.56,66.53,,9.86,70.86,76.86,A,0,13,92.0,29.0,40.0
Female,22.0,CS,89.62,58.73,59.75,78.58,81.79,5.26,86.06,60.75,A,1,26,89.0,62.0,54.0
Male,24.0,Engineering,87.54,83.04,67.88,75.15,96.41,5.61,74.92,99.76,A,1,\t41,71.0,100.0,74.0
Female,24.0,Math,51.84,52.0,90.83,87.39,92.23,5.54,54.27,88.48,F,0,42,65.0,100.0,88.0
Male,21.0,CS,89.95,67.6,96.26,63.32,53.45,4.86,91.12,78.38,A,0,48,87.0,42.0,41.0
Male,19.0,Engineering,,55.92,65.55,98.67,92.26,9.45,60.96,87.29,D,0,44,80.0,44.0,36.0
Male,22.0,Mathematics,61.12,67.09,95.92,75.11,72.59,2.45,85.34,95.82,D,1,45,75.0,73.0,71.0
Male,23.0, engineering ,78.86,86.15,49.69,92.82,67.51,1.08,76.37,98.16,B,1,74,30.0,59.0,62.0
Male,20.0,Business,63.25,85.72,49.41,59.77,83.62,9.3,84.53,89.3,F,1,63,57.0,45.0,75.0
Female,20.0,Engineering,83.07,70.95,96.96,96.97,97.51,2.13,73.56,92.45,A,0,13,91.0,68.0,31.0
Male,20.0,Mathematics,80.4,95.7,70.58,89.72,54.71,7.49,85.13,69.89,A,0,67,74.0,81.0,41.0
Female,24.0,Engineering,55.41,55.83,51.15,90.43,88.4,2.04,51.64,69.59,D,1,40,71.0,57.0,87.0
Male,23.0,Business,82.8,54.42,69.28,69.49,60.18,9.6,52.04,90.41,C,0,21,87.0,95.0,58.0
Male,18.0,Engineering,96.2,76.83,86.99,74.28,69.01,7.91,94.82,87.98,A,1,63,68.0,100.0,44.0
Female,23.0,Business,58.06,77.28,89.62,91.18,93.69,9.19,87.48,95.05,C,0,47,65.0,76.0,75.0
Male,18.0,CS,79.85,42.79,91.84,89.49,77.29,9.51,91.42,56.65,C,0,46,100.0,91.0,81.0
Male,20.0,CS,67.09,76.47,74.17,92.45,53.37,0.84,72.83,84.54,A,0,43,84.0,61.0,39.0
Male,21.0,Business,72.98,62.47,92.02,53.9,75.4,4.33,72.98,82.38,C,0,17,48.0,23.0,50.0
Male,21.0,CS,64.35,84.85,70.6,95.2,89.48,6.48,76.7,89.93,C,0,80,60.0,67.0,87.0
Female,18.0,Engineering,78.9,88.49,76.42,96.87,76.44,,62.18,51.23,D,0,20,100.0,76.0,26.0
 MALE ,20.0,CS,51.45,73.13,85.52,79.64,58.34,2.41,86.68,91.31,F,1,86,75.0,100.0,90.0
Male,23.0,Business,99.08,40.1,65.53,59.34,72.25,9.15,91.47,66.32,B,0,27,45.0,29.0,41.0
Female,21.0,CS,81.24,78.18,44.41,90.92,96.22,2.21,95.36,84.36,D,0,59,100.0,100.0,60.0
Female,18.0,Business,75.04,84.93,61.01,77.43,82.91,8.66,75.85,80.83,A,1,59,100.0,61.0,56.0
Male,23.0,Engineering,69.19,54.94,77.44,90.86,86.49,5.13,70.73,72.01,A,0,52,60.0,71.0,81.0
Male,20.0,CS,76.97,67.88,51.54,89.81,89.3,5.15,91.55,87.3,A,1,33,58.0,64.0,53.0
Female,19.0,Engineering,69.01,97.94,48.9,54.34,54.53,3.74,87.63,98.06,B,1,27,83.0,66.0,16.0
Male,20.0,CS,68.0,57.89,57.58,80.35,,1.04,93.36,66.17,A,0,33,78.0,45.0,74.0
Female,24.0,CS,73.2,53.39,41.93,84.72,68.8,3.47,82.79,87.42,A,0,45,85.0,79.0,43.0
Male,20.0,CS,63.8,52.65,84.61,97.31,56.96,4.27,94.17,65.73,F,0,66,45.0,85.0,39.0
Female,23.0,CS,59.0,73.53,55.52,64.83,60.14,4.79,54.45,92.28,F,0,52,32.0,100.0,60.0
Female,23.0,Mathematics,77.83,96.99,47.45,60.3,89.06,7.39,83.98,71.86,C,0,32,46.0,56.0,67.0
Female,22.0,CS,92.14,76.52,81.95,94.85,58.07,3.52,54.44,72.46,B,1,20,83.0,80.0,59.0
Male,22.0,Engineering,57.64,58.2,90.58,57.44,65.62,4.07,87.45,88.59,C,0,29,79.0,62.0,51.0
Male,23.0,CS,51.64,78.31,41.19,84.33,64.24,9.06,81.42,74.81,C,0,36,100.0,69.0,83.0
Male,23.0,Engineering,62.34,77.49,54.02,65.0,52.43,7.53,50.8,63.33,B,0,23,82.0,69.0,81.0
Male,19.0,CS,98.99,75.82,96.71,78.39,73.11,0.23,79.96,99.78,A,0,48,68.0,63.0,51.0
Female,19.0,Engineering,86.27,49.57,63.12,80.81,88.3,8.12,57.31,81.01,B,0,36,59.0,10.0,35.0
Female,20.0,Business,79.79,78.07,96.32,70.87,51.11,9.9,57.12,82.26,F,1,69,91.0,46.0,71.0
Female,24.0,Engineering,96.46,65.81,56.45,72.92,55.63,9.4,57.52,82.33,A,0,54,78.0,53.0,70.0
Male,21.0,CS,72.26,41.12,53.08,,86.01,8.36,74.19,94.17,C,0,48,85.0,78.0,61.0
Male,24.0,Engineering,99.16,72.39,52.85,69.57,79.68,6.29,55.78,59.19,A,0,55,39.0,82.0,94.0
Male,19.0,CS,64.82,99.36,45.11,71.52,85.76,2.78,56.28,52.96,F,1,20,100.0,70.0,56.0
Female,20.0,CS,62.02,60.98,93.79,81.55,61.51,6.54,62.81,69.34,D,1,100,88.0,51.0,47.0
Male,24.0,Engineering,81.9,97.93,98.79,70.36,90.19,6.96,50.04,78.25,D,0,20,56.0,75.0,41.0
Male,18.0,Engineering,53.21,45.77,97.27,54.85,73.99,,63.79,64.29,F,0,75,100.0,50.0,59.0
Female,22.0,Engineering,81.32,83.95,91.12,97.37,80.52,2.55,80.92,84.46,A,1,36,76.0,72.0,86.0
Female,24.0,Business,65.25,46.86,90.81,70.8,54.61,3.97,80.08,53.7,B,0,52,89.0,22.0,55.0
Male,21.0,CS,,56.41,79.67,67.13,60.25,6.41,98.48,89.54,B,1,42,78.0,86.0,38.0
Female,20.0,CS,63.79,74.25,89.57,72.34,88.67,2.93,55.98,85.9,A,1,47,83.0,78.0,100.0
Male,24.0,CS,52.55,75.57,52.5,60.83,61.2,5.56,93.28,60.7,C,0,38,85.0,74.0,60.0
Female,23.0, engineering ,95.61,86.51,63.27,55.01,54.63,8.99,69.56,64.92,B,1,33,59.0,52.0,82.0
Female,18.0,Engineering,94.16,76.92,78.45,57.43,79.86,2.95,69.35,90.35,A,0,44,28.0,95.0,44.0
Female,22.0,CS,98.54,75.62,92.49,58.33,77.4,9.66,67.44,88.67,A,0,44,85.0,30.0,86.0
 MALE ,18.0,Business,85.83,94.74,79.63,59.88,80.39,4.73,56.24,90.69,A,0,34,54.0,64.0,31.0
Male,20.0,Engineering,84.14,67.13,90.34,71.0,80.92,1.01,73.93,66.11,F,0,13,77.0,52.0,45.0
Male,19.0,Engineering,77.95,53.52,68.44,81.19,75.01,0.55,89.37,98.48,F,0,61,49.0,67.0,100.0
Female,22.0, engineering ,56.3,49.71,83.04,81.44,74.69,3.39,93.77,85.77,C,1,81,51.0,37.0,50.0
Female,18.0,Engineering,59.46,64.0,98.8,50.0,96.21,2.59,98.14,53.26,D,0,77,62.0,71.0,78.0
Female,,Engineering,64.47,82.77,49.21,96.05,76.69,8.44,89.26,73.89,F,0,13,66.0,70.0,51.0
Female,21.0,CS,94.51,42.55,95.62,91.14,80.87,7.38,81.15,83.23,B,0,25,87.0,61.0,72.0
Male,20.0,CS,58.65,47.74,71.34,98.2,63.35,8.85,74.88,58.43,D,0,37,70.0,77.0,72.0
Male,20.0,CS,96.14,46.37,78.59,68.0,93.55,5.89,93.74,95.09,A,0,29,79.0,47.0,44.0
Male,22.0,Engineering,76.14,75.12,92.67,83.24,51.22,4.35,86.98,87.71,B,1,45,100.0,88.0,98.0
Female,18.0,Business,85.78,54.57,64.58,58.4,77.86,2.71,58.06,54.07,B,0,15,50.0,63.0,50.0
Female,21.0,Engineering,55.51,49.98,65.12,90.85,69.19,5.83,84.13,95.66,C,0,88,93.0,83.0,79.0
Male,23.0,CS,63.45,75.57,71.63,58.07,80.2,6.18,71.55,70.22,B,0,71,78.0,32.0,77.0
Female,22.0,Business,97.93,85.68,,66.3,68.01,3.93,79.79,72.62,A,0,39,100.0,79.0,100.0
Male,23.0,Business,63.31,59.93,69.8,74.54,85.88,9.37,94.92,89.16,F,1,58,57.0,94.0,72.0
Female,22.0,Business,64.83,74.69,57.47,79.73,51.02,6.4,82.63,82.2,A,0,36,100.0,100.0,62.0
Female,18.0,Engineering,59.88,45.89,95.68,77.98,70.29,8.37,96.94,71.88,F,1,29,44.0,79.0,75.0
Male,21.0,BUSINESS,56.45,96.11,45.26,55.1,91.56,6.2,93.32,62.98,C,0,45,100.0,90.0,70.0
Male,18.0,CS,61.66,60.21,67.56,71.08,62.51,3.17,56.45,75.84,F,1,80,93.0,58.0,52.0
Female,20.0,CS,82.12,99.85,96.85,96.15,52.64,7.37,50.58,78.96,D,0,0,49.0,45.0,49.0
Male,23.0,CS,72.77,98.72,94.06,58.27,74.83,2.3,69.22,81.55,F,0,28,83.0,56.0,30.0
Male,19.0,Business,77.69,86.73,82.08,79.54,98.83,5.97,93.27,80.25,F,0,10,88.0,65.0,48.0
Female,24.0,CS,56.12,41.2,75.36,78.62,53.21,4.02,61.51,80.87,F,1,64,87.0,66.0,58.0
Female,20.0,Engineering,90.11,72.61,56.84,55.58,53.5,1.5,84.57,73.79,A,0,39,44.0,59.0,56.0
Female,20.0,Engineering,89.2,45.21,62.02,60.01,79.76,4.13,73.8,78.09,A,1,17,91.0,49.0,79.0
Male,23.0,CS,51.08,93.71,45.41,62.63,62.5,3.1,87.3,64.43,D,1,49,100.0,85.0,79.0
Female,22.0,Business,69.18,87.38,87.17,74.41,70.51,1.12,58.25,57.92,C,0,39,60.0,52.0,46.0
Female,20.0,CS,58.39,98.34,59.43,86.57,91.53,8.24,61.95,80.35,D,0,80,100.0,82.0,64.0
Female,24.0,CS,89.61,76.5,80.07,73.04,59.94,4.99,62.13,52.35,A,0,42,85.0,60.0,65.0
Female,21.0,Business,86.86,71.33,,56.3,85.96,3.46,77.42,53.26,A,1,63,57.0,100.0,77.0
Female,20.0,CS,94.63,71.14,67.86,71.97,75.22,5.05,64.48,62.37,C,0,20,82.0,71.0,100.0
Male,21.0,Engineering,61.82,63.19,73.3,58.13,95.25,7.55,90.59,59.72,F,0,71,58.0,31.0,35.0
Female,18.0,Business,72.81,68.12,88.11,87.56,98.65,0.18,67.34,68.71,F,0,68,63.0,56.0,94.0
Female,22.0,Math,59.22,78.12,52.67,58.33,74.25,5.47,83.04,68.56,F,1,41,68.0,59.0,55.0
Male,21.0,Business,68.56,95.98,63.93,74.13,79.23,4.79,97.43,55.84,C,0,29,64.0,75.0,78.0
Female,20.0,CS,87.48,75.75,47.8,84.67,87.29,8.93,80.35,62.33,B,1,86,75.0,52.0,48.0
Female,22.0,Engineering,52.67,91.43,44.55,61.41,65.93,5.56,,50.23,C,1,57,70.0,52.0,67.0
Male,24.0,CS,85.74,91.77,76.28,53.8,61.34,1.37,91.52,67.55,A,0,44,94.0,99.0,63.0
Female,22.0,CS,77.16,71.13,51.35,73.57,98.23,3.89,50.63,89.82,B,1,51,97.0,55.0,49.0
Male,21.0,CS,78.72,60.85,43.59,,71.63,6.21,62.83,63.31,C,1,53,91.0,58.0,81.0
Female,21.0,CS,63.59,78.37,93.83,79.39,50.08,0.46,69.37,82.17,B,1,58,86.0,45.0,85.0
Male,19.0,Business,92.63,66.75,72.06,87.67,91.89,8.85,59.8,54.91,A,0,81,39.0,39.0,76.0
Male,19.0,CS,99.93,44.89,48.08,66.47,79.98,0.68,80.2,50.61,A,0,75,62.0,69.0,92.0
Female,22.0,Engineering,95.96,,43.21,74.42,58.43,0.31,77.9,74.92,A,1,39,75.0,64.0,28.0
Male,23.0,Engineering,88.89,99.64,47.19,96.44,51.51,0.02,70.32,73.07,A,1,30,83.0,50.0,71.0
Male,23.0,Engineering,,42.91,68.28,73.56,64.57,6.84,64.72,59.58,B,0,38,90.0,37.0,39.0
Female,19.0,Mathematics,78.69,81.8,80.11,99.83,96.39,4.56,71.7,64.33,D,1,32,80.0,68.0,50.0
Female,20.0,CS,59.51,90.47,78.48,57.85,96.67,1.03,64.56,51.53,F,0,79,38.0,55.0,23.0
Male,18.0,Engineering,83.85,78.92,,85.45,65.55,8.56,61.06,89.89,D,0,32,49.0,56.0,100.0
Female,22.0,Engineering,85.64,74.18,78.01,82.63,91.8,2.03,67.56,65.06,B,0,39,73.0,67.0,60.0
Male,18.0,CS,99.27,82.45,64.29,93.62,72.09,3.26,80.12,60.97,A,0,34,61.0,35.0,70.0
Male,19.0,Engineering,77.07,65.76,67.88,58.5,82.72,1.78,82.42,90.23,F,1,59,100.0,95.0,100.0
Female,21.0,Business,63.57,45.48,88.09,64.01,66.72,9.27,64.87,51.96,A,1,15,60.0,57.0,74.0
Female,24.0,CS,84.18,97.74,59.95,56.61,75.8,7.58,97.37,64.23,A,0,53,74.0,74.0,37.0
Male,22.0,CS,98.97,65.94,48.82,96.65,64.69,7.24,63.1,63.14,A,0,0,76.0,34.0,64.0
Female,19.0,CS,58.86,79.92,92.41,71.33,53.06,0.44,85.61,63.15,D,0,54,59.0,50.0,93.0
Female,20.0,Business,66.3,71.88,52.73,95.5,56.97,,54.07,50.57,B,0,62,57.0,69.0,85.0
Male,24.0,Business,77.09,43.28,57.64,64.72,64.53,5.75,83.24,96.73,F,1,22,68.0,84.0,51.0
Male,22.0,Engineering,65.45,97.16,82.4,56.32,98.81,3.83,73.0,93.21,C,0,100,89.0,85.0,89.0
Male,22.0,Engineering,51.11,87.55,81.01,64.83,,3.22,78.46,70.72,F,0,96,70.0,42.0,95.0
Male,23.0,Business,66.85,48.95,88.02,79.86,91.38,8.52,59.2,72.27,D,1,62,90.0,51.0,79.0
Male,21.0,Business,89.4,,51.03,92.26,61.63,0.23,71.68,76.21,C,0,56,52.0,41.0,78.0
Male,22.0,Business,52.17,84.21,61.14,69.27,72.08,6.25,88.31,73.92,C,1,40,64.0,90.0,64.0
Female,21.0,Business,71.45,68.34,47.55,95.74,71.99,3.94,88.35,88.96,D,1,75,68.0,65.0,84.0
Male,19.0,Engineering,88.11,76.68,72.46,62.21,,6.66,61.88,74.42,A,1,46,65.0,76.0,77.0
Female,20.0,Engineering,97.66,46.4,57.55,77.87,52.24,1.98,67.63,59.44,A,1,88,65.0,100.0,51.0
Female,24.0,Business,99.27,73.62,81.34,86.79,76.73,2.39,50.19,55.85,A,0,38,58.0,67.0,93.0
Male,24.0,Mathematics,71.1,44.42,40.02,63.7,53.64,5.87,54.5,95.91,F,0,53,91.0,77.0,77.0
Female,20.0,CS,97.52,72.69,43.58,51.35,90.1,9.8,56.34,52.42,A,0,28,73.0,59.0,57.0
Male,22.0,CS,51.77,73.16,65.95,68.26,84.57,9.75,64.68,94.88,D,0,73,84.0,82.0,42.0
Female,22.0,Mathematics,87.3,92.47,97.49,52.26,67.64,2.49,87.95,84.52,A,1,35,66.0,58.0,91.0
Male,19.0,Computer Science,82.14,83.5,93.45,95.04,82.36,1.02,75.51,70.24,A,0,54,87.0,68.0,52.0
Male,23.0,Business,62.48,54.97,99.64,97.68,61.65,5.9,89.63,59.36,F,0,32,61.0,68.0,96.0
Male,23.0,CS,75.37,93.31,65.01,86.77,63.26,4.2,87.75,65.52,A,1,41,60.0,100.0,100.0
Male,23.0,CS,56.48,74.39,42.79,86.33,65.71,7.62,79.36,76.49,D,0,47,60.0,77.0,44.0
Female,21.0,CS,93.58,,58.36,62.04,89.85,5.28,74.99,82.84,B,1,36,53.0,82.0,64.0
Female,23.0,CS,67.89,50.14,80.55,53.7,60.53,5.11,96.57,84.57,D,0,35,79.0,54.0,49.0
Female,20.0,CS,81.3,91.47,48.11,90.11,78.14,6.46,78.46,72.36,A,1,63,52.0,40.0,48.0
Female,24.0,Engineering,57.94,95.86,58.0,76.98,60.02,1.26,74.14,68.7,C,0,72,99.0,61.0,87.0
Female,24.0,Business,60.31,86.5,43.37,84.08,64.25,6.77,93.46,88.42,C,0,76,38.0,29.0,43.0
Male,21.0,Mathematics,99.6,96.45,68.5,88.98,61.77,4.89,53.57,96.27,A,0,32,79.0,42.0,48.0
Male,19.0,Engineering,87.65,58.14,52.54,70.47,82.25,8.2,82.8,95.72,B,0,32,67.0,89.0,83.0
Male,20.0,Engineering,98.1,91.67,45.47,57.23,76.34,1.39,55.65,77.58,A,0,54,51.0,48.0,80.0
Male,24.0,Engineering,64.79,69.33,64.67,89.75,86.06,3.01,90.99,53.95,A,0,45,17.0,100.0,67.0
Male,20.0,Engineering,58.23,49.84,61.07,72.69,61.0,9.5,89.63,53.66,C,0,87,77.0,72.0,68.0
Female,24.0,Engineering,75.15,80.13,72.25,91.35,50.46,5.53,75.18,70.14,B,1,45,91.0,64.0,53.0
Male,18.0,CS,74.73,81.05,84.94,71.88,84.03,9.29,83.05,86.64,C,1,58,65.0,35.0,96.0
Male,19.0,CS,58.75,57.22,46.75,60.85,55.74,6.89,88.63,74.87,D,1,45,73.0,42.0,63.0
Female,19.0,CS,86.66,41.65,87.47,58.55,62.32,9.26,74.17,81.37,B,0,23,45.0,85.0,89.0
Female,18.0,CS,84.23,51.99,41.58,87.2,65.28,3.18,95.3,92.17,A,0,66,38.0,61.0,34.0
Male,21.0,Business,59.32,63.99,66.59,78.74,87.34,0.91,71.85,52.02,D,1,62,77.0,83.0,51.0
Male,24.0,CS,66.6,50.05,75.25,70.23,81.29,8.02,94.6,96.19,B,0,45,68.0,69.0,42.0
Female,24.0,Business,78.18,51.64,,74.61,59.21,8.04,79.14,66.54,C,0,8,83.0,67.0,37.0
Male,24.0,Mathematics,86.32,63.48,74.44,77.48,79.89,6.19,71.31,52.34,A,1,72,92.0,69.0,57.0
Male,23.0,Mathematics,74.09,97.71,49.52,51.77,85.41,5.8,50.2,91.77,C,1,39,95.0,53.0,57.0
Male,,Mathematics,76.28,85.85,71.05,68.91,69.44,9.15,64.78,96.71,A,1,39,68.0,91.0,57.0
Female,23.0,CS,73.89,59.18,63.75,64.62,62.3,1.76,93.4,88.43,F,0,24,88.0,47.0,54.0
Male,23.0,Engineering,95.73,97.1,68.76,69.42,83.95,6.17,71.44,90.23,B,0,53,60.0,85.0,66.0
Male,23.0,CS,96.44,78.74,51.83,75.03,80.54,0.5,71.07,93.57,A,1,81,17.0,69.0,37.0
Female,18.0,Business,84.17,67.33,70.05,58.67,53.9,1.41,74.47,76.12,A,0,27,82.0,63.0,55.0
Female,19.0,Business,50.88,68.1,49.0,69.68,,4.37,64.32,84.02,C,0,30,84.0,66.0,54.0
Female,21.0,Business,76.85,64.64,84.64,69.27,74.43,8.21,74.58,64.32,C,0,58,91.0,63.0,96.0
Male,20.0,Engineering,81.46,53.98,75.63,64.3,87.67,7.33,68.79,62.49,B,1,51,64.0,92.0,56.0
Female,,Business,99.73,63.2,44.71,99.92,59.54,9.74,95.47,80.45,B,0,40,92.0,55.0,57.0
Male,18.0,CS,99.8,71.67,93.38,53.68,62.91,0.45,78.2,86.73,A,1,51,74.0,84.0,86.0
Female,24.0,CS,92.88,71.68,76.98,82.15,77.17,3.81,91.71,69.86,A,0,52,79.0,59.0,33.0
Male,21.0,Business,53.19,85.7,58.97,58.72,74.09,1.59,84.34,70.01,D,0,26,63.0,66.0,85.0
Female,21.0,Engineering,59.83,61.53,42.74,91.98,69.32,0.37,60.63,97.71,A,0,55,82.0,78.0,82.0
Male,21.0,Mathematics,80.63,83.01,77.93,95.71,87.3,2.64,93.38,75.92,F,0,89,73.0,64.0,82.0
Male,18.0,CS,90.04,74.69,62.41,70.07,78.24,2.44,54.36,99.31,A,1,66,56.0,62.0,18.0
Female,20.0,Business,70.36,97.71,94.46,91.17,85.51,4.2,72.43,93.14,D,0,48,61.0,61.0,67.0
Female,23.0,Engineering,65.98,63.12,42.09,62.5,57.66,1.4,61.96,81.98,D,0,78,75.0,98.0,84.0
Male,21.0,Business,56.33,94.07,42.35,57.0,86.45,4.89,76.88,50.46,F,1,37,64.0,62.0,75.0
Female,18.0,Business,57.34,89.24,96.96,65.79,73.08,9.2,65.0,64.8,C,0,33,75.0,78.0,47.0
Male,24.0,Math,67.85,78.26,97.89,67.08,51.69,7.48,86.14,70.88,A,0,50,65.0,62.0,62.0
Female,19.0,CS,92.88,79.27,41.66,69.87,61.72,8.42,96.85,82.64,B,0,80,67.0,65.0,52.0
Female,24.0,Mathematics,51.9,,82.96,60.76,51.29,8.05,85.45,69.78,C,0,6,74.0,65.0,47.0
Male,18.0,CS,57.54,97.01,53.29,70.56,72.84,3.9,67.77,91.39,F,0,70,63.0,48.0,66.0
Female,18.0,CS,56.26,46.42,82.08,85.5,66.29,7.09,80.0,83.15,D,0,48,62.0,74.0,71.0
Female,18.0,Engineering,70.15,73.79,92.12,62.28,99.37,7.54,94.43,67.36,D,0,83,61.0,79.0,69.0
Male,21.0,Business,99.85,59.8,46.05,50.93,93.43,2.06,63.5,89.22,B,0,27,100.0,79.0,64.0
Male,18.0,Engineering,58.67,65.79,54.33,74.48,91.28,8.6,55.91,65.15,F,1,98,95.0,81.0,66.0
Female,19.0,Business,57.27,76.61,41.44,72.41,75.06,4.58,56.54,53.14,F,0,11,100.0,70.0,85.0
Male,21.0,Business,95.75,94.53,42.63,64.92,90.35,0.16,74.74,58.63,A,1,38,85.0,83.0,93.0
Female,24.0,CS,,67.45,41.78,70.01,63.34,6.43,86.61,50.14,A,0,75,90.0,78.0,52.0
Female,19.0,Mathematics,51.61,99.26,88.04,75.5,78.03,6.77,82.86,91.62,C,0,30,68.0,62.0,82.0
Male,22.0,Computer Science,87.59,75.57,57.9,61.74,69.65,5.52,72.69,81.36,A,0,17,38.0,50.0,64.0
Male,24.0,Business,82.77,49.63,69.59,93.88,58.57,2.12,86.46,78.53,B,0,26,78.0,49.0,43.0
Male,18.0,Computer Science,88.39,51.4,87.27,58.66,53.63,4.82,81.7,83.1,A,1,35,97.0,51.0,52.0
Male,23.0,Engineering,74.73,82.97,69.7,51.01,77.91,4.0,81.41,82.68,B,1,76,99.0,98.0,100.0
Male,23.0,Engineering,99.57,43.02,65.75,72.38,54.88,9.75,60.12,78.27,A,0,25,63.0,47.0,86.0
Male,21.0,CS,52.19,68.82,40.69,99.31,85.9,8.25,65.63,92.12,F,1,35,39.0,63.0,42.0
Female,23.0,CS,61.72,48.89,74.08,82.49,96.07,7.62,,72.05,B,0,63,76.0,57.0,62.0
Female,24.0,CS,69.83,65.99,47.48,67.7,58.11,1.81,90.41,90.24,C,0,70,77.0,65.0,44.0
Male,21.0,CS,72.49,85.0,85.88,50.84,,3.31,88.76,89.33,F,1,64,95.0,73.0,77.0
Female,24.0,CS,96.07,67.53,55.46,74.25,86.94,3.8,62.63,59.98,A,1,100,75.0,61.0,43.0
Female,18.0,Engineering,88.58,49.81,80.45,60.32,64.34,4.93,52.76,72.69,B,0,85,58.0,66.0,78.0
Female,20.0,Business,52.26,55.12,78.77,77.27,96.04,0.3,88.39,91.75,F,0,43,66.0,54.0,45.0
Female,20.0,Engineering,70.39,62.05,77.0,79.15,94.42,5.93,70.49,91.54,B,0,49,72.0,65.0,100.0
Male,19.0,Business,70.82,44.17,56.02,63.26,,3.58,60.99,51.2,C,0,66,84.0,49.0,58.0
Female,18.0,Engineering,98.27,75.06,56.03,53.44,51.37,5.62,55.85,61.15,A,1,23,87.0,85.0,82.0
Female,23.0,Engineering,79.96,76.45,,87.75,98.82,0.09,50.64,71.19,D,0,57,54.0,64.0,43.0
 MALE ,18.0,Engineering,81.78,43.73,40.77,79.27,97.82,3.21,71.39,52.36,D,0,53,56.0,100.0,42.0
Male,22.0,Engineering,63.26,64.14,50.89,92.11,71.11,7.69,66.99,63.03,B,0,66,63.0,68.0,73.0
Male,20.0,Engineering,88.5,64.84,76.61,62.99,52.53,5.01,84.82,62.91,A,0,15,65.0,90.0,37.0
Male,23.0,CS,81.75,60.03,89.02,82.64,80.94,7.89,98.83,60.73,A,0,61,92.0,86.0,100.0
Female,24.0,Business,61.86,73.46,61.5,61.2,64.67,6.99,60.34,69.83,A,0,38,66.0,67.0,55.0
Male,24.0,Business,93.7,60.76,79.21,64.59,96.84,8.55,62.15,90.65,A,0,50,79.0,70.0,97.0
Female,20.0,CS,86.61,64.98,73.43,82.83,89.73,0.07,66.87,62.21,A,1,59,85.0,86.0,56.0
Female,18.0,Business,87.09,87.85,43.87,91.28,82.48,2.61,73.3,79.1,A,0,19,68.0,72.0,38.0
Male,23.0,CS,99.83,49.73,77.31,66.05,64.23,5.49,84.88,77.88,A,1,11,58.0,59.0,37.0
Male,19.0,CS,90.13,77.15,88.83,97.6,85.06,9.41,67.6,90.9,A,1,44,76.0,57.0,46.0
Male,24.0,CS,91.46,70.34,99.55,83.89,64.46,6.8,55.21,69.7,B,1,69,17.0,90.0,38.0
Male,18.0,Business,97.57,58.3,41.78,67.43,51.88,4.57,86.52,61.18,B,0,26,91.0,82.0,9.0
Male,19.0,Business,57.56,83.65,79.6,93.82,75.42,1.3,89.73,94.58,C,0,28,45.0,66.0,63.0
Male,23.0,Business,74.18,73.07,64.87,,74.43,4.93,62.38,91.65,C,1,46,100.0,74.0,40.0
Female,20.0,CS,79.03,68.64,40.59,82.41,88.15,4.41,56.84,81.08,A,0,35,65.0,64.0,47.0
Female,22.0,Engineering,66.46,80.06,76.86,74.78,93.28,7.78,76.39,54.66,D,0,33,100.0,54.0,71.0
Female,21.0,Business,91.97,88.14,47.35,72.64,67.72,4.13,60.42,50.81,A,1,69,77.0,41.0,81.0
Female,20.0,CS,88.12,98.36,62.71,92.4,72.47,3.19,68.71,59.13,A,0,48,86.0,60.0,62.0
Male,19.0,Engineering,86.04,77.76,55.68,64.74,73.52,0.9,88.87,59.83,A,0,74,93.0,79.0,100.0
Male,18.0,CS,99.86,92.47,61.67,52.98,66.21,0.47,60.98,56.81,B,1,35,81.0,73.0,28.0
Female,24.0,CS,62.97,40.07,69.56,70.34,87.17,4.39,90.31,63.11,D,1,63,98.0,87.0,51.0
Female,23.0,Engineering,,71.81,61.55,91.25,76.11,3.47,83.7,66.89,A,0,22,82.0,87.0,9.0
Female,20.0,Engineering,77.57,52.88,73.16,60.63,95.7,5.55,60.99,87.72,C,1,88,87.0,73.0,78.0
Male,24.0,CS,70.22,45.65,54.32,59.27,82.52,7.12,76.32,85.48,C,0,56,79.0,67.0,77.0
Male,24.0,CS,58.03,71.92,78.12,83.78,60.59,0.4,80.7,55.22,D,1,68,67.0,81.0,65.0
Male,22.0,CS,94.79,84.81,91.23,53.94,58.24,4.96,60.01,98.86,B,0,21,90.0,89.0,88.0
Female,23.0,CS,79.77,64.74,53.44,71.19,68.62,8.62,57.25,87.61,F,1,46,47.0,77.0,33.0
Female,19.0,CS,91.25,80.21,70.47,54.29,67.35,4.55,76.56,58.17,A,0,47,77.0,58.0,53.0
Male,23.0,CS,77.27,69.38,78.92,79.9,70.36,5.21,84.69,56.22,D,0,55,82.0,63.0,88.0
Male,,Engineering,61.0,66.23,73.88,73.29,59.18,4.87,73.25,54.38,A,1,80,91.0,50.0,49.0
Female,18.0,Engineering,,57.42,61.94,81.46,98.91,3.9,53.5,86.59,B,1,53,68.0,68.0,55.0
Female,21.0,Business,69.08,62.96,78.53,83.66,57.29,1.1,96.26,61.81,B,0,48,46.0,39.0,58.0
Male,24.0,Business,98.65,,41.69,74.36,82.63,1.26,84.75,53.65,B,0,22,52.0,34.0,35.0
Female,19.0,CS,50.28,78.77,62.19,58.75,50.65,1.79,81.06,71.09,F,0,47,66.0,62.0,26.0
Male,18.0,CS,99.28,46.96,71.96,55.07,70.35,7.93,82.18,85.43,A,0,38,88.0,69.0,100.0
Male,24.0,Business,99.02,45.56,41.24,65.66,65.46,2.75,69.93,65.23,A,0,27,93.0,62.0,55.0
Female,21.0,CS,99.81,79.6,70.46,73.26,69.1,9.48,99.22,74.13,A,0,52,52.0,83.0,49.0
Female,18.0,CS,73.83,72.78,79.26,82.11,74.9,8.1,56.63,59.63,D,0,53,53.0,60.0,84.0
Female,21.0,CS,98.19,65.81,85.55,50.06,80.02,,86.96,71.46,A,1,58,70.0,100.0,47.0
Male,21.0,Engineering,69.78,49.15,46.8,85.55,79.18,7.2,71.04,67.95,D,0,70,37.0,56.0,52.0
Female,21.0,Engineering,51.31,64.66,99.43,85.64,81.54,0.48,94.05,71.7,D,0,27,63.0,100.0,56.0
Female,18.0,Mathematics,61.22,87.38,76.37,72.23,92.23,5.68,85.86,73.29,C,1,57,79.0,79.0,43.0
Male,23.0,Business,97.26,93.38,61.79,67.17,94.34,9.41,78.11,54.61,A,1,90,65.0,32.0,55.0
Male,21.0,Engineering,50.69,82.15,54.95,92.12,86.86,0.39,96.88,54.67,F,1,74,100.0,76.0,45.0
Female,23.0,CS,77.3,43.59,74.37,89.23,53.95,2.91,95.62,63.03,F,0,61,71.0,77.0,59.0
Male,24.0,CS,53.78,80.22,92.9,99.16,98.06,0.52,52.62,55.79,D,1,84,17.0,81.0,72.0
Male,24.0,CS,64.32,54.46,71.23,68.6,97.37,5.7,59.63,62.64,D,0,12,95.0,38.0,61.0
Male,19.0,CS,54.4,58.92,79.69,95.34,85.59,1.16,83.8,51.23,D,0,37,81.0,73.0,84.0
Female,22.0,CS,92.98,51.75,61.46,54.37,75.87,4.79,96.09,67.54,A,0,77,72.0,88.0,44.0
Female,23.0,CS,79.55,86.55,63.29,70.57,62.53,7.2,71.52,60.67,B,0,53,77.0,100.0,57.0
Male,24.0,CS,95.11,78.92,57.17,73.27,87.82,1.64,51.92,94.61,A,0,71,95.0,43.0,50.0
Male,22.0,CS,84.42,76.71,82.34,,93.89,7.55,82.16,92.91,C,0,69,83.0,53.0,48.0
Male,21.0,Mathematics,98.55,80.08,61.55,81.25,83.26,0.6,59.73,65.02,A,0,53,17.0,54.0,60.0
Female,22.0,Engineering,75.49,54.21,51.44,58.51,81.45,1.5,,73.77,F,0,56,74.0,95.0,58.0
Male,22.0,Mathematics,81.94,66.68,62.16,93.32,59.65,2.8,69.23,97.79,B,1,50,78.0,78.0,68.0
Male,21.0,CS,78.82,78.0,91.23,77.59,67.89,7.96,77.9,76.2,F,1,32,79.0,73.0,65.0
 FEMALE ,23.0,Engineering,74.21,78.2,84.3,95.21,86.16,8.5,96.62,92.42,C,1,56,76.0,74.0,85.0
Male,21.0,CS,92.3,87.51,60.08,50.13,50.84,2.2,74.29,91.32,B,1,99,93.0,72.0,90.0
Female,19.0,CS,82.23,57.23,94.41,81.54,82.06,0.96,51.73,97.06,B,0,54,82.0,85.0,63.0
Female,20.0,CS,90.07,86.22,44.49,70.62,88.33,8.48,79.05,65.29,A,0,35,87.0,92.0,99.0
Female,18.0,Mathematics,89.32,66.41,42.99,75.25,66.74,6.49,66.29,52.17,A,0,12,75.0,87.0,53.0
Male,21.0,Mathematics,59.55,80.21,47.65,87.19,53.81,1.58,88.91,55.2,F,1,92,48.0,98.0,61.0
Male,21.0,CS,82.51,67.34,46.99,61.36,90.96,5.58,73.5,78.56,A,1,27,85.0,57.0,51.0
Female,22.0,CS,59.98,96.92,45.27,60.24,57.09,8.72,87.07,76.51,F,0,84,58.0,79.0,63.0
Male,19.0, engineering ,79.17,50.76,79.68,85.15,68.54,0.7,95.44,64.92,A,0,69,63.0,91.0,50.0
Female,24.0,CS,87.65,80.5,76.05,76.07,85.36,0.84,68.11,62.44,B,1,73,100.0,71.0,56.0
Male,24.0,CS,99.86,74.59,78.86,61.68,90.85,2.74,99.47,85.47,B,1,52,70.0,65.0,100.0
Female,22.0,CS,51.53,50.36,81.3,72.6,93.12,6.52,57.49,67.03,D,1,61,100.0,85.0,63.0
Female,23.0,Engineering,82.2,43.96,85.41,72.98,76.52,1.78,82.2,80.2,F,0,65,83.0,46.0,48.0
Male,21.0,CS,53.85,87.95,52.43,84.57,73.79,8.16,51.74,85.61,F,0,52,68.0,64.0,74.0
Male,21.0,CS,69.92,49.45,77.34,50.13,92.42,7.5,60.65,71.52,D,0,11,89.0,84.0,28.0
Male,22.0,CS,91.08,51.19,74.8,79.34,78.15,5.61,81.69,59.67,A,0,61,61.0,64.0,100.0
Male,21.0,Engineering,92.2,98.71,96.62,80.28,78.93,1.16,52.31,93.04,B,0,59,78.0,81.0,63.0
Female,23.0,Mathematics,86.85,83.04,53.94,87.28,71.7,9.88,55.09,54.68,A,0,52,82.0,58.0,60.0
Female,20.0,CS,94.84,55.03,43.52,94.46,68.64,4.9,64.55,91.47,B,0,21,36.0,75.0,58.0
Male,18.0,Business,66.14,75.46,79.21,61.0,,4.52,78.78,91.83,B,0,35,96.0,78.0,44.0
Male,18.0,Business,54.41,72.05,84.41,90.94,68.24,9.96,50.8,78.55,C,0,31,74.0,39.0,36.0
Female,18.0,Mathematics,52.91,90.67,56.99,55.12,67.18,8.64,74.12,81.47,C,0,60,70.0,49.0,80.0
Male,20.0,Business,92.61,83.76,74.25,66.84,99.68,4.56,81.29,67.9,B,0,24,60.0,30.0,59.0
Male,21.0,Engineering,86.52,89.9,43.57,53.42,66.81,4.19,70.13,92.08,B,1,38,77.0,100.0,77.0
Male,22.0,Business,84.93,52.69,97.6,90.14,62.82,0.96,53.38,63.19,F,0,35,88.0,79.0,39.0
Male,24.0,CS,66.98,78.41,46.6,90.35,67.7,9.27,80.54,77.99,C,0,46,55.0,91.0,71.0
Female,19.0,Engineering,,42.41,44.05,70.86,79.54,8.44,80.29,50.09,C,0,43,44.0,54.0,32.0
Female,21.0,Mathematics,97.91,44.14,42.65,62.98,95.55,3.1,75.3,96.99,A,1,61,59.0,76.0,55.0
Male,20.0,Business,53.19,82.81,65.64,68.83,89.39,7.53,84.66,97.41,C,1,44,97.0,93.0,79.0
Female,23.0,Mathematics,88.69,41.47,45.83,97.17,92.11,7.63,60.39,85.52,A,1,61,67.0,28.0,50.0
Male,20.0,Business,65.48,74.79,84.68,50.53,92.95,2.28,83.93,71.16,B,0,80,35.0,65.0,81.0
Male,24.0,Business,51.95,90.42,93.93,63.31,96.03,6.14,58.07,58.93,F,0,56,70.0,79.0,71.0
Male,18.0,Business,87.13,62.8,55.61,81.09,61.75,2.55,69.63,74.62,A,0,59,86.0,27.0,76.0
Female,21.0,Business,66.55,42.69,77.73,62.93,72.92,7.9,53.38,89.57,A,1,81,63.0,67.0,11.0
Female,24.0,Engineering,86.11,82.83,42.54,61.26,69.26,1.54,90.96,80.26,B,1,58,71.0,97.0,46.0
Female,18.0,Mathematics,69.02,95.78,63.19,51.06,69.09,6.69,76.91,76.37,F,0,68,55.0,66.0,99.0
Female,19.0,Business,76.74,83.03,57.58,78.86,,3.26,98.55,92.47,C,1,86,48.0,58.0,22.0
Female,23.0,Business,78.01,74.71,53.72,57.5,70.09,0.36,97.12,65.66,F,0,47,42.0,33.0,50.0
Male,18.0,Engineering,79.05,53.8,78.68,50.62,80.82,1.24,99.93,93.0,A,1,42,87.0,90.0,75.0
Male,19.0,CS,64.33,40.92,47.81,68.9,69.11,6.55,55.06,71.97,C,1,46,86.0,64.0,39.0
Female,20.0,CS,86.71,81.68,91.64,65.69,65.56,2.4,80.33,50.12,B,0,22,51.0,83.0,64.0
Female,18.0,Mathematics,79.46,53.86,79.89,83.46,67.65,6.31,70.38,86.6,B,0,51,40.0,88.0,65.0
Female,18.0,Engineering,50.64,91.49,82.64,60.13,90.19,4.15,76.63,93.89,D,0,76,85.0,38.0,56.0
Male,22.0,CS,95.08,,96.12,94.38,80.05,6.93,65.44,74.22,A,0,45,100.0,90.0,46.0
Female,23.0,CS,77.28,71.84,96.54,64.42,98.7,4.93,52.4,72.74,B,1,100,83.0,73.0,100.0
Male,23.0,Business,93.43,,73.1,77.89,91.63,3.09,85.39,90.27,B,0,40,89.0,62.0,66.0
Male,24.0,Business,94.14,86.77,69.72,60.9,74.29,1.46,98.29,94.24,A,1,44,76.0,73.0,51.0
Female,20.0,Business,72.25,78.56,60.12,62.69,62.12,3.41,76.62,98.72,D,0,32,79.0,53.0,54.0
Male,22.0,Engineering,,96.31,82.93,53.71,83.7,6.35,66.48,67.28,B,0,35,53.0,40.0,65.0
Male,24.0,CS,70.79,98.94,72.29,74.32,86.33,7.4,96.91,79.73,F,0,46,69.0,39.0,53.0
Female,19.0,CS,,96.81,95.97,92.98,73.21,1.6,68.23,91.15,B,1,34,64.0,89.0,97.0
Male,24.0,CS,94.76,89.45,54.32,84.42,61.5,6.64,95.73,76.59,B,1,36,100.0,49.0,60.0
Female,19.0,Business,89.41,82.34,58.62,93.76,77.86,1.79,92.78,73.09,A,1,63,72.0,47.0,73.0
Male,20.0,CS,56.33,79.8,58.97,55.24,62.69,,76.44,78.6,F,1,20,56.0,61.0,50.0
Female,23.0,Engineering,80.52,46.23,88.36,72.78,97.0,5.31,83.84,67.84,B,0,87,47.0,10.0,86.0
Female,19.0,Engineering,99.8,56.29,45.94,61.46,81.44,2.89,85.02,59.6,A,0,18,44.0,25.0,89.0
Male,20.0,Engineering,79.78,40.34,67.34,86.06,64.6,6.62,82.05,53.33,C,0,73,67.0,81.0,32.0
Female,24.0,Mathematics,89.29,48.24,65.65,98.51,60.79,9.56,58.04,80.5,B,0,35,55.0,59.0,95.0
Male,19.0,CS,88.45,66.35,44.39,90.77,85.84,1.49,84.64,68.96,B,1,12,49.0,69.0,47.0
Male,21.0,Business,67.52,48.79,64.65,51.76,85.39,5.71,50.16,94.15,D,0,16,79.0,56.0,32.0
Female,18.0,CS,68.59,94.1,70.8,65.83,79.86,9.23,85.5,61.15,F,0,93,71.0,96.0,9.0
Male,24.0,CS,86.2,88.34,43.91,51.43,80.72,1.77,77.74,65.54,A,0,38,51.0,60.0,84.0
Female,23.0,Engineering,75.0,44.3,70.59,52.01,80.19,3.67,62.99,98.53,C,1,24,67.0,95.0,85.0
Male,24.0,CS,78.53,54.93,97.55,,68.01,1.24,90.19,77.81,C,0,64,78.0,79.0,79.0
Male,21.0,Business,85.65,89.14,98.73,63.82,96.87,6.42,70.26,67.34,A,1,20,90.0,62.0,82.0
Female,20.0,Engineering,88.88,88.18,71.9,65.21,73.96,6.69,74.29,93.04,A,0,72,53.0,58.0,43.0
Male,20.0,CS,63.58,96.73,70.91,70.02,51.02,6.64,51.38,87.17,A,0,57,98.0,46.0,89.0
Male,24.0,CS,57.34,99.85,57.13,84.5,67.42,5.42,70.07,78.66,C,0,70,63.0,77.0,56.0
Male,21.0,Engineering,64.59,98.58,99.83,88.57,56.51,7.46,58.37,94.45,D,1,37,52.0,56.0,81.0
Male,24.0,Business,75.38,64.61,56.45,57.07,,0.36,63.81,54.7,F,0,37,81.0,100.0,86.0
Male,18.0,Engineering,67.11,55.02,67.17,57.89,80.41,9.58,62.61,69.72,F,0,70,66.0,50.0,65.0
Male,18.0,Engineering,78.42,85.5,40.18,81.33,51.13,2.22,,90.53,B,1,39,74.0,89.0,46.0
Male,22.0,Business,52.67,57.96,60.95,78.59,93.51,1.22,73.02,69.3,D,0,63,80.0,51.0,47.0
Male,19.0,Engineering,75.49,88.38,44.29,57.7,80.52,9.41,76.13,96.34,C,1,58,65.0,62.0,31.0
Female,22.0,CS,68.4,72.04,84.63,79.48,64.77,8.3,78.55,57.63,A,0,75,81.0,82.0,83.0
Male,18.0,Engineering,76.73,87.64,73.66,69.93,65.56,7.65,73.11,66.83,A,0,36,71.0,50.0,81.0
Male,21.0,Engineering,71.13,56.55,74.33,68.35,73.28,1.05,93.48,71.29,A,1,43,98.0,76.0,88.0
Female,19.0,Business,64.21,70.48,57.19,71.02,62.4,8.08,51.88,84.35,B,1,45,46.0,48.0,59.0
Female,21.0,Engineering,95.21,73.84,88.89,66.14,50.22,6.09,80.69,59.77,A,1,11,60.0,37.0,33.0
Female,22.0,Mathematics,59.24,96.59,40.2,77.87,51.33,7.32,93.31,50.49,C,0,89,89.0,97.0,14.0
Male,20.0,CS,84.07,56.0,60.02,69.43,67.89,9.78,52.05,98.83,C,0,18,87.0,92.0,85.0
Female,21.0,Mathematics,96.23,96.2,79.57,62.97,56.21,1.94,74.82,94.94,A,0,43,44.0,91.0,43.0
Female,22.0,Engineering,76.93,88.29,94.48,95.22,51.12,,79.45,65.01,C,1,69,86.0,73.0,75.0
Male,22.0,Engineering,93.82,83.85,54.08,65.42,92.96,7.53,59.55,74.17,A,0,67,83.0,56.0,94.0
Male,22.0,CS,56.24,87.21,72.47,84.92,63.71,4.34,62.63,74.45,F,0,81,79.0,42.0,54.0
Female,20.0,CS,75.33,76.33,72.28,67.36,75.16,0.55,89.28,93.46,C,0,62,55.0,99.0,94.0
Female,,Business,72.85,54.64,92.45,71.76,58.97,1.11,78.37,79.85,F,0,16,71.0,60.0,54.0
Male,24.0,Business,50.41,51.37,43.03,61.8,52.34,6.02,65.79,91.32,F,1,42,46.0,89.0,73.0
Male,20.0,CS,72.16,91.98,65.47,87.62,87.24,2.85,88.24,95.6,C,0,50,70.0,79.0,66.0
Male,19.0,Engineering,68.45,83.51,,86.86,56.25,1.38,87.34,78.3,A,0,46,100.0,30.0,66.0
Male,20.0,CS,,52.79,41.29,51.11,51.29,,67.27,64.27,A,0,43,81.0,50.0,63.0
Male,20.0,Mathematics,96.92,76.91,48.82,53.01,79.36,2.01,74.43,74.94,B,1,72,72.0,73.0,70.0
Female,20.0,Business,54.29,66.85,98.59,96.12,50.67,0.24,83.23,92.54,C,0,61,49.0,73.0,34.0
Male,21.0,CS,66.37,49.52,52.89,94.44,,1.52,67.16,79.18,A,0,29,62.0,76.0,59.0
Male,20.0,Business,72.2,71.91,96.1,75.3,64.44,8.83,81.45,94.79,B,1,45,77.0,98.0,86.0
Male,19.0,Mathematics,72.76,56.89,52.32,74.67,65.97,0.12,62.55,94.77,A,1,38,89.0,95.0,67.0
Male,22.0,CS,88.74,45.77,95.88,90.62,50.19,7.74,64.6,68.67,A,1,91,41.0,62.0,95.0
Male,21.0,Business,72.17,68.02,79.28,56.92,,7.53,65.53,72.41,B,0,32,72.0,94.0,58.0
Female,18.0,Engineering,51.36,75.41,46.79,82.68,75.85,5.64,96.8,83.9,D,0,77,63.0,45.0,29.0
Male,,Engineering,85.51,42.81,74.91,73.8,78.63,2.08,91.68,55.55,B,1,54,36.0,71.0,59.0
Female,24.0,CS,94.24,64.13,59.11,87.17,83.31,8.78,78.26,73.28,B,0,36,58.0,87.0,50.0
Male,24.0,CS,75.7,55.46,62.99,51.51,89.88,4.75,78.19,57.47,F,1,45,66.0,45.0,69.0
Female,22.0,Engineering,79.06,41.84,66.41,79.64,80.4,,52.81,92.4,D,0,25,72.08,56.0,33.0
Female,22.0,CS,58.15,47.54,65.36,77.84,88.11,4.29,82.48,97.14,C,0,68,62.0,65.96,89.0
Male,21.0,Business,61.03,48.34,79.85,92.04,72.44,1.95,66.41,57.08,D,0,25,66.0,70.0,77.24
Male,24.0,CS,61.76,50.97,86.1,83.84,68.56,3.76,80.61,83.37,C,0,32,69.0,100.0,55.0
Male,18.0,Engineering,71.54,88.2,59.75,94.01,91.16,4.97,92.01,81.83,F,0,87,25.0,61.0,11.0
Male,23.0,Business,96.41,66.37,95.46,94.36,93.27,3.6,52.27,88.0,A,0,71,96.0,37.0,71.0
Male,24.0,Engineering,76.09,48.83,96.31,70.41,56.89,6.57,80.35,84.79,A,0,39,20.0,59.0,75.0
Female,24.0,Engineering,59.6,46.02,42.44,56.87,77.13,9.36,78.21,60.86,D,1,44,57.0,82.0,9.0
Male,19.0,Mathematics,63.3,57.88,40.89,81.51,84.18,3.48,60.34,64.56,C,0,49,23.0,67.0,61.0
Male,23.0,Business,69.2,87.88,65.5,93.69,54.18,3.56,82.32,58.26,F,0,25,78.0,70.0,45.0
Female,22.0,CS,81.16,61.87,75.44,53.75,96.48,7.38,77.74,96.06,B,1,24,67.0,92.0,71.0
Male,23.0,Engineering,72.0,49.59,56.67,77.9,76.01,5.31,88.37,76.09,F,0,82,100.0,99.0,80.0
Female,24.0,Mathematics,69.62,64.25,55.56,55.75,82.27,4.29,55.53,98.81,D,1,28,68.0,72.0,41.0
Male,22.0,CS,78.24,73.32,80.7,51.35,58.91,8.14,72.18,72.47,F,0,76,79.0,96.0,60.0
Female,23.0,CS,62.09,41.78,76.1,83.98,,8.91,99.9,77.64,B,0,77,90.0,67.0,55.0
 MALE ,22.0,CS,53.95,77.66,50.03,84.09,56.05,5.91,,89.46,C,0,32,55.0,94.0,72.0
Female,22.0,CS,51.22,63.71,93.07,80.03,63.2,1.85,84.21,89.86,D,1,19,71.0,55.0,98.0
Female,21.0,BUSINESS,62.56,40.58,80.8,92.96,74.62,4.66,65.89,61.56,D,1,54,58.0,81.0,50.0
Male,18.0,Business,54.58,80.43,61.75,54.04,91.68,5.04,54.69,64.41,F,1,59,94.0,66.0,71.0
Male,22.0,Mathematics,66.82,82.74,81.02,55.26,76.69,4.32,97.47,54.89,B,0,12,92.0,94.0,48.0
Male,19.0,Business,88.65,77.73,46.76,93.23,62.22,2.62,55.27,90.27,A,1,94,54.0,76.0,66.0
Female,24.0,CS,85.81,60.52,68.1,75.16,52.23,4.72,99.64,89.69,A,1,99,75.0,89.0,65.0
Female,24.0,CS,80.55,71.78,50.14,63.65,81.1,4.47,56.29,54.06,F,1,55,68.0,99.0,40.0
Female,19.0,Mathematics,92.63,63.23,42.49,86.91,71.01,2.09,58.55,62.87,A,0,77,71.0,37.0,88.0
 MALE ,20.0,CS,64.1,82.04,60.3,94.72,99.22,,65.42,72.49,D,1,48,61.0,44.0,44.0
Male,22.0,CS,94.25,75.01,49.04,84.48,88.99,8.85,75.62,77.09,A,0,54,72.0,69.0,76.0
Female,22.0,Mathematics,69.96,44.91,78.01,89.6,90.42,7.6,89.52,76.13,B,1,85,44.0,78.0,32.0
Male,22.0,Engineering,70.04,78.59,80.44,64.12,50.61,4.01,98.55,99.15,D,1,32,60.0,78.0,94.0
Female,23.0,CS,70.27,81.23,48.92,64.44,88.89,3.7,67.94,88.21,D,1,87,100.0,89.0,98.0
Male,22.0,BUSINESS,91.37,62.24,41.48,61.02,59.73,7.16,51.02,55.66,B,1,30,17.0,61.0,72.0
Male,22.0,Mathematics,98.77,92.55,87.57,80.74,79.29,6.08,80.83,64.68,A,1,58,49.0,63.0,68.0
Female,19.0,CS,56.93,90.58,40.12,61.71,72.37,6.01,85.54,67.27,F,0,60,35.0,55.0,38.0
Male,18.0,Business,67.04,50.51,60.63,76.21,78.58,1.24,69.87,65.76,B,0,26,98.0,81.0,94.0
Male,18.0,CS,65.97,94.26,,84.29,56.67,6.18,59.17,89.3,A,1,84,42.0,44.0,72.0
Male,20.0,Engineering,53.73,66.45,89.12,60.93,72.84,9.02,65.3,68.03,F,1,68,44.0,54.0,69.0
Male,19.0,Mathematics,57.61,83.42,90.31,82.75,51.85,0.86,82.79,74.62,D,1,72,67.0,60.0,64.0
Male,22.0,Mathematics,52.24,88.85,83.5,52.11,52.05,3.39,74.71,76.67,D,0,31,66.0,17.0,63.0
Female,18.0,CS,64.62,70.31,54.83,65.18,82.89,5.09,87.17,63.52,A,1,48,100.0,86.0,93.0
Male,21.0,CS,88.43,63.95,83.21,83.7,97.58,6.86,60.91,66.13,D,1,37,100.0,67.0,87.0
Female,21.0,CS,66.97,94.93,54.79,57.47,88.87,0.9,92.1,89.0,D,1,73,71.0,50.0,61.0
Male,21.0,Engineering,56.18,53.85,52.88,61.11,73.46,8.73,57.79,93.33,D,1,10,100.0,55.0,63.0
Male,22.0,Computer Science,82.28,55.42,72.83,93.95,52.79,0.41,66.5,51.85,F,1,21,81.0,72.0,60.0
Female,22.0,Engineering,99.83,61.7,80.73,83.72,52.25,8.58,79.56,80.26,A,0,50,83.0,79.0,66.0
Female,20.0,CS,61.62,91.57,43.18,74.95,57.89,0.28,86.84,81.67,A,0,36,86.0,73.0,83.0
Male,,Engineering,63.98,96.33,43.6,60.54,98.79,1.54,63.31,86.87,C,1,24,70.0,66.0,38.0
Male,20.0,CS,69.0,53.2,87.05,75.56,,8.0,97.41,84.69,F,1,41,62.0,85.0,54.0
Female,20.0,BUSINESS,58.94,91.83,91.57,78.72,92.17,8.6,85.31,93.87,D,0,82,68.0,100.0,62.0
Female,23.0,CS,75.56,55.49,76.27,57.77,85.26,9.82,60.88,53.92,B,0,53,100.0,45.0,63.0
Female,21.0,Computer Science,59.69,98.24,65.73,74.09,80.27,1.16,86.29,69.42,C,0,46,42.0,78.0,44.0
Female,22.0,Business,96.62,75.84,90.72,70.45,,5.26,84.82,89.1,A,0,56,84.0,45.0,100.0
 MALE ,21.0,Business,99.08,40.43,83.73,73.83,61.52,0.77,87.63,92.33,A,0,72,50.0,70.0,81.0
Male,20.0,CS,90.73,42.05,74.78,55.28,72.74,1.56,95.79,63.24,A,0,53,54.0,62.0,85.0
Male,22.0,Computer Science,65.74,48.85,59.19,55.32,93.24,1.74,85.59,79.26,B,0,20,78.0,75.0,42.0
Male,19.0,Business,70.17,51.25,51.88,98.21,77.59,0.63,67.6,59.04,B,1,58,95.0,41.0,48.0
Male,18.0,CS,62.12,86.06,65.12,98.97,62.32,8.93,89.53,92.54,A,0,73,100.0,80.0,90.0
Female,18.0,Business,94.54,53.37,57.21,71.31,60.45,1.26,84.79,86.52,B,0,38,87.0,69.0,73.0
Female,20.0,Engineering,95.73,98.15,60.36,89.45,87.64,6.29,78.71,61.1,A,1,51,60.0,54.0,52.0
Female,24.0,CS,70.94,78.17,70.94,82.79,50.64,6.26,67.69,81.19,D,1,79,84.0,70.0,40.0
Male,21.0,Engineering,82.83,81.55,50.15,55.85,95.71,1.99,96.05,75.47,A,1,35,60.0,70.0,65.0
Female,19.0,Business,58.28,53.07,88.37,93.24,50.92,9.98,75.64,62.94,F,1,77,42.0,61.0,74.0
Male,22.0,Mathematics,71.75,93.56,48.73,65.68,81.55,3.47,81.41,94.66,A,1,60,74.0,47.0,88.0
Male,24.0,CS,81.57,80.07,68.86,79.79,80.24,9.05,70.77,57.39,D,1,84,86.0,55.0,37.0
Male,21.0,Engineering,69.27,91.86,84.76,79.0,78.92,9.48,89.04,73.37,D,1,67,61.0,70.0,88.0
Female,20.0,CS,67.88,97.39,69.1,96.18,73.72,9.49,67.05,79.14,A,1,71,70.0,62.0,78.0
Male,21.0, engineering ,50.05,47.54,61.66,89.5,92.62,7.53,90.53,91.18,F,1,56,100.0,65.0,94.0
Male,20.0,Business,90.21,45.8,68.49,92.84,82.97,2.54,55.4,57.51,A,1,37,77.0,74.0,31.0
Female,23.0,Computer Science,94.47,88.2,90.92,94.56,89.09,1.21,85.45,80.46,A,1,100,72.0,74.0,78.0
Male,18.0,Mathematics,98.47,91.97,99.43,90.06,55.78,5.7,73.84,50.33,A,1,30,47.0,72.0,75.0
Female,24.0,Engineering,85.96,75.03,77.87,66.64,52.49,3.6,84.94,91.13,A,0,39,77.0,61.0,48.0
Male,18.0,Mathematics,77.44,61.96,87.61,60.75,51.43,,76.57,61.74,C,0,18,80.0,80.0,45.0
Female,21.0,Business,67.83,79.16,40.87,90.6,57.36,7.45,56.72,86.05,C,0,64,63.0,48.0,66.0
Male,19.0,CS,99.96,58.34,92.82,89.88,83.35,2.76,73.85,80.09,B,1,81,90.0,62.0,80.0
Male,22.0,CS,79.49,54.3,97.24,69.33,74.7,0.17,98.23,52.51,D,0,42,81.0,72.0,82.0
Female,20.0,CS,84.06,69.29,74.51,92.42,87.61,2.37,87.74,59.16,A,1,100,47.0,58.0,70.0
Male,22.0,CS,84.12,52.97,85.23,98.03,59.59,5.67,65.01,63.39,C,0,43,93.0,93.0,80.0
Female,18.0,Engineering,92.26,69.02,70.76,78.47,68.35,0.79,97.21,94.34,A,0,14,100.0,58.0,50.0
Male,19.0,Engineering,50.48,97.4,57.17,72.83,94.42,6.58,88.95,74.04,C,0,68,83.0,67.0,54.0
Female,19.0,Mathematics,61.01,90.39,91.13,92.14,96.79,6.72,68.22,95.68,A,0,80,38.0,94.0,46.0
Male,22.0,Engineering,83.28,96.5,75.81,51.21,96.09,1.69,80.18,52.37,F,0,62,38.0,89.0,35.0
Male,18.0,Business,94.76,88.38,74.76,73.55,90.92,5.96,71.33,50.33,B,1,48,56.0,74.0,67.0
Male,22.0,Mathematics,84.27,61.29,79.55,82.25,84.41,6.07,54.83,97.41,D,1,46,98.0,70.0,37.0
Female,21.0,Business,70.67,88.72,91.36,86.6,95.68,4.78,90.3,86.2,C,0,56,35.0,41.0,52.0
Female,19.0,CS,68.08,95.37,83.91,70.81,85.71,9.53,59.55,89.17,F,0,30,88.0,74.0,37.0
Female,19.0,Engineering,86.9,96.82,52.67,94.44,97.7,1.08,72.9,95.79,A,0,54,96.0,59.0,62.0
Female,21.0,CS,87.06,80.99,68.01,67.57,51.24,4.07,85.13,99.23,B,0,55,95.0,77.0,79.0
Female,18.0,CS,80.35,52.68,98.82,81.69,96.08,8.83,96.61,54.89,A,0,39,72.0,80.0,59.0
Male,19.0,CS,64.57,42.38,73.27,81.72,77.79,3.86,53.14,57.91,B,1,100,94.0,85.0,81.0
Male,24.0,Business,96.26,48.83,96.29,59.22,55.59,4.25,69.66,59.43,A,0,15,62.0,85.0,49.0
Male,23.0,Engineering,,97.93,88.8,64.24,60.75,6.68,80.73,90.92,F,0,82,81.0,53.0,74.0
Male,23.0,Engineering,80.08,67.73,79.96,95.8,92.61,6.66,88.97,67.78,A,0,62,53.0,100.0,48.0
Male,23.0,Mathematics,60.72,91.3,60.96,59.17,75.31,0.23,96.05,79.66,C,1,57,68.0,35.0,100.0
Female,20.0,CS,67.2,67.9,58.26,58.68,99.14,4.56,50.02,92.76,F,0,28,84.0,49.0,88.0
Male,24.0,Engineering,93.73,79.65,78.61,94.35,55.88,3.34,81.39,84.16,B,0,48,73.0,95.0,13.0
Female,20.0,Business,52.51,41.45,65.95,54.61,70.63,6.28,50.35,53.27,C,0,8,39.0,64.0,55.0
Male,18.0,CS,75.62,54.99,87.93,94.73,66.59,5.56,89.36,72.28,C,1,75,50.0,59.0,49.0
 FEMALE ,21.0,Engineering,74.09,66.18,85.63,55.01,75.81,6.51,57.48,53.38,F,1,53,82.0,94.0,80.0
Female,22.0,CS,87.56,77.84,58.73,80.83,81.67,6.54,94.73,73.94,A,1,55,51.0,87.0,40.0
Female,24.0,Business,64.09,50.29,82.16,66.99,83.08,2.55,57.76,60.97,A,1,13,78.0,64.0,68.0
Male,18.0,CS,60.95,85.87,69.67,90.21,50.06,2.46,88.22,50.07,B,1,39,98.0,10.0,67.0
Male,22.0,CS,96.31,61.86,59.4,,54.45,3.7,64.47,90.66,A,0,51,89.0,89.0,46.0
Male,18.0,Engineering,78.59,89.05,64.78,69.42,51.75,2.42,77.86,98.47,B,1,35,81.0,59.0,90.0
Male,20.0,CS,55.23,45.88,93.72,99.19,93.23,6.83,80.42,98.21,C,1,69,33.0,35.0,84.0
Female,23.0,CS,59.65,80.79,61.57,53.31,65.66,6.03,60.34,64.96,C,1,78,59.0,62.0,92.0
Female,21.0,Engineering,99.94,57.6,57.24,96.63,68.35,2.16,64.93,91.44,A,0,34,87.0,50.0,27.0
Female,20.0,CS,59.78,87.72,61.11,99.48,72.52,8.84,55.38,83.94,D,1,52,55.0,87.0,86.0
Female,21.0,Engineering,80.52,64.13,52.88,84.55,92.47,4.61,50.26,90.0,D,0,13,100.0,71.0,68.0
Male,24.0,Engineering,71.01,79.92,72.68,86.99,50.71,1.27,61.97,92.31,D,0,48,51.0,59.0,68.0
Female,22.0,Engineering,94.28,96.06,48.85,59.94,55.93,2.13,75.8,99.01,A,0,54,69.0,65.0,75.0
Male,18.0,Engineering,87.76,41.24,89.05,51.07,84.26,5.4,85.68,57.59,A,0,64,100.0,59.0,53.0
Female,19.0,CS,68.48,40.67,53.53,54.51,98.19,3.38,89.68,88.49,B,0,46,98.0,100.0,85.0
Female,19.0,CS,50.54,86.22,75.88,99.59,82.14,8.51,53.49,86.71,C,0,50,77.0,87.0,80.0
Female,21.0,Business,93.99,78.78,47.5,98.98,63.06,4.95,63.62,64.39,A,0,91,73.0,49.0,71.0
Male,23.0,Business,72.23,57.58,98.71,66.73,,9.15,88.51,69.63,D,0,28,70.0,66.0,60.0
Male,23.0,CS,96.58,69.66,67.27,53.18,98.75,1.02,74.04,58.84,A,0,86,51.0,75.0,74.0
Female,21.0,Engineering,74.78,42.52,89.33,56.9,76.4,6.69,59.11,95.66,A,0,33,66.0,58.0,73.0
Female,,Engineering,84.71,51.55,86.12,66.46,68.68,8.86,69.61,93.97,F,0,87,100.0,75.0,73.0
Female,19.0,Engineering,65.71,65.47,82.82,68.51,69.17,2.93,63.5,80.7,A,1,30,72.0,88.0,81.0
Male,20.0, engineering ,87.26,90.04,89.64,87.41,98.35,1.36,52.53,75.58,A,0,81,52.0,92.0,47.0
Male,22.0,CS,58.9,68.78,46.03,93.31,85.95,4.57,88.18,61.64,D,0,79,78.0,76.0,70.0
Male,19.0,Business,67.57,75.18,80.71,87.34,84.36,9.61,64.58,89.48,A,1,23,100.0,83.0,62.0
Female,22.0,Computer Science,55.93,92.43,55.95,82.32,61.6,6.33,97.26,50.41,F,0,79,88.0,61.0,84.0
Male,18.0,Engineering,57.34,58.53,87.15,88.3,77.97,6.44,94.41,73.14,D,0,37,78.0,59.0,53.0
Female,20.0,Business,59.29,82.04,97.41,86.92,67.84,6.72,85.81,93.03,D,1,38,66.0,82.0,38.0
Male,21.0,Engineering,66.41,91.7,94.09,95.92,62.01,0.4,66.33,80.92,D,1,45,50.0,67.0,79.0
Female,19.0,CS,94.6,52.16,46.9,74.38,94.78,4.46,64.0,81.76,A,0,17,69.0,62.0,44.0
Female,20.0,Mathematics,68.41,61.39,62.17,64.14,69.16,0.78,73.76,53.54,B,1,34,61.0,83.0,100.0
Male,21.0,Business,86.22,98.79,61.86,83.97,64.14,3.16,67.73,64.34,B,1,76,80.0,67.0,100.0
Female,18.0,Business,54.14,98.99,47.34,97.97,96.59,8.22,95.06,83.69,C,0,56,99.0,59.0,58.0
Female,19.0,Engineering,79.55,53.39,45.89,79.05,59.87,6.56,56.17,52.48,F,0,54,76.0,92.0,91.0
Female,22.0,CS,74.09,43.99,63.09,95.63,87.28,9.96,86.22,66.55,C,0,43,84.0,54.0,9.0
Male,18.0,Mathematics,98.9,56.26,99.52,70.09,82.64,1.72,80.54,67.7,A,0,41,50.0,48.0,66.0
Female,23.0,Engineering,92.31,63.86,74.14,89.72,96.02,3.97,90.32,74.94,B,0,16,77.0,51.0,62.0
Male,21.0,Business,72.74,66.46,77.31,92.68,91.6,8.1,77.12,68.12,B,0,64,55.0,68.0,60.0
 MALE ,19.0,CS,88.76,77.13,68.26,81.55,85.26,2.16,81.48,72.71,A,0,65,84.0,68.0,74.0
Female,19.0,CS,59.65,93.97,79.74,96.7,65.73,1.54,98.14,77.35,D,0,29,93.0,45.0,100.0
Male,24.0,Mathematics,78.12,59.82,97.4,79.5,74.78,4.28,54.6,56.42,F,1,71,71.0,38.0,59.0
Female,24.0,Engineering,53.73,91.0,75.32,62.03,97.22,3.84,55.24,59.02,C,0,84,37.0,44.0,87.0
Male,18.0,CS,67.4,45.61,43.9,60.79,51.16,9.8,69.68,91.63,C,0,26,26.0,58.0,72.0
Female,19.0,CS,61.29,42.51,69.57,77.79,89.72,,73.64,72.99,A,0,43,99.0,68.0,15.0
Male,21.0,Engineering,91.05,70.24,99.57,95.32,62.59,8.61,59.99,67.76,C,0,86,74.0,76.0,100.0
Female,18.0,CS,74.5,43.58,63.24,53.62,59.25,8.88,54.13,71.69,B,0,40,67.0,100.0,75.0
Female,22.0,Engineering,87.55,63.55,75.63,80.22,61.61,1.58,51.11,58.74,B,1,100,60.0,71.0,70.0
Female,18.0, engineering ,75.76,93.81,46.4,88.49,52.99,7.15,88.23,61.99,D,0,75,67.0,100.0,100.0
Female,18.0,Business,54.32,54.49,48.47,55.77,99.6,2.78,74.25,75.78,F,0,97,76.0,40.0,53.0
Male,22.0,CS,86.77,82.36,92.48,55.84,93.49,0.95,92.17,67.95,A,1,43,100.0,97.0,34.0
Male,23.0,Mathematics,91.66,58.14,58.02,68.31,76.05,8.75,68.04,73.77,B,1,62,53.0,71.0,66.0
 FEMALE ,24.0,CS,95.18,42.7,58.33,63.69,85.76,2.92,85.17,57.49,A,0,25,75.0,75.0,66.0
Male,21.0,Engineering,78.6,73.4,63.23,59.92,77.83,3.45,74.43,57.82,D,0,20,69.0,52.0,9.0
 FEMALE ,23.0,CS,87.68,90.09,97.99,59.93,90.58,3.24,80.6,69.2,A,0,79,92.0,34.0,42.0
Female,23.0,Business,87.6,64.57,45.06,87.38,92.24,2.0,68.51,68.94,A,1,43,90.0,57.0,52.0
Male,23.0,Mathematics,57.79,77.04,89.13,80.54,61.64,4.35,54.06,94.17,C,1,63,81.0,73.0,54.0
Male,24.0,Business,58.21,94.0,60.49,84.41,72.99,4.28,97.37,51.67,F,1,85,85.0,86.0,52.0
Female,20.0,Engineering,53.54,87.38,90.97,85.15,81.74,4.09,91.8,99.64,F,1,21,94.0,76.0,75.0
Male,24.0,Engineering,66.0,51.63,99.51,89.0,,9.16,65.59,97.83,B,0,55,54.0,60.0,83.0
Female,23.0,Business,73.68,84.0,60.92,,84.13,3.4,97.94,77.11,F,0,40,58.0,69.0,73.0
Male,20.0,Mathematics,99.89,70.11,47.76,94.03,94.88,0.3,65.02,85.94,B,0,60,68.0,38.0,9.0
Male,22.0,Mathematics,71.55,84.76,48.66,97.88,92.31,1.78,72.15,96.76,B,0,77,59.0,61.0,100.0
Male,24.0,CS,86.31,69.67,85.52,69.44,79.1,7.21,87.76,62.56,A,0,42,59.0,67.0,42.0
Male,21.0,Mathematics,84.67,47.68,48.7,93.89,94.68,5.91,65.45,65.78,B,0,40,85.0,34.0,73.0
Male,23.0,CS,60.22,74.19,55.63,88.14,68.87,9.52,66.23,55.55,B,0,39,72.0,74.0,57.0
 FEMALE ,19.0,CS,52.93,69.53,52.26,67.0,68.96,6.94,70.5,78.19,D,0,32,69.0,70.0,75.0
Male,22.0,CS,77.3,71.08,61.34,55.33,89.05,1.94,73.42,57.97,C,1,23,99.0,100.0,100.0
Male,20.0,CS,56.2,92.73,44.46,84.13,56.73,1.21,56.18,96.54,C,1,68,79.0,81.0,73.0
Female,24.0,Business,99.91,93.69,91.4,56.82,65.29,5.21,50.87,71.58,B,0,56,58.0,97.0,59.0
Female,21.0,Business,68.48,67.21,91.61,64.69,80.43,6.65,95.96,95.98,B,0,53,70.0,43.0,89.0
 FEMALE ,18.0,Business,94.82,67.34,64.78,75.02,,1.66,67.66,60.25,A,0,71,75.0,76.0,51.0
Male,21.0,Engineering,69.1,70.91,76.73,,97.04,6.02,55.08,84.7,D,1,68,57.0,68.0,73.0
Male,21.0,Engineering,84.47,71.18,78.52,96.31,97.93,8.65,87.96,82.38,F,0,52,100.0,100.0,70.0
Female,23.0,Business,79.91,97.02,84.96,79.66,75.13,7.28,64.75,69.98,B,0,24,91.0,47.0,42.0
Female,23.0,CS,52.65,78.96,71.24,83.57,76.95,6.64,59.08,94.92,C,0,47,56.0,77.0,17.0
Female,24.0,Business,53.92,56.65,70.62,65.5,86.23,,98.13,71.74,F,0,25,17.0,55.0,48.0
Female,24.0,Engineering,75.25,71.89,77.88,70.56,72.86,1.04,96.03,59.92,F,1,76,50.0,68.0,48.0
Male,,Engineering,68.54,77.63,82.18,71.89,59.5,2.04,55.29,98.85,A,0,43,57.0,42.0,66.0
Male,24.0,Engineering,87.29,78.39,60.8,,87.35,0.38,94.96,72.07,A,0,44,83.0,62.0,10.0
Male,20.0,Business,58.64,75.12,59.82,69.62,86.89,1.45,94.54,60.4,D,0,52,63.0,41.0,59.0
Male,23.0,CS,80.29,50.66,56.18,73.41,62.25,9.13,81.72,68.18,B,0,50,70.0,53.0,66.0
Male,23.0,CS,64.44,42.02,72.93,71.63,91.65,2.22,76.49,80.68,B,0,36,82.0,66.0,85.0
Female,19.0,Business,89.85,60.27,61.61,76.53,80.68,6.62,60.87,75.6,B,1,44,63.0,71.0,73.0
Male,19.0,Engineering,89.92,65.65,72.42,97.68,61.82,6.92,56.07,81.76,B,0,29,57.0,56.0,60.0
Female,22.0,Business,88.77,43.71,,66.36,82.6,6.45,80.32,83.09,A,1,56,98.0,96.0,35.0
Female,23.0,CS,76.24,88.9,90.2,,61.68,5.54,91.1,56.17,A,0,95,56.0,57.0,39.0
Female,18.0,CS,64.23,60.64,44.39,85.3,63.26,4.86,84.43,65.74,D,0,38,62.0,49.0,52.0
Male,19.0,BUSINESS,90.47,94.82,74.33,94.77,92.4,4.2,59.04,87.44,B,0,50,64.0,47.0,64.0
Female,20.0,Engineering,93.59,49.26,74.54,74.69,96.47,,64.5,82.52,A,1,47,100.0,55.0,99.0
Male,21.0,Engineering,65.41,43.42,63.02,55.44,62.84,0.1,77.32,54.42,B,0,64,56.0,47.0,43.0
Female,24.0,CS,76.39,68.94,65.26,68.43,96.4,0.53,81.25,65.76,B,1,60,78.0,41.0,53.0
Male,24.0,CS,83.71,51.35,88.01,77.52,61.94,4.93,53.61,96.57,B,0,49,81.0,36.0,53.0
Female,22.0,Engineering,84.31,96.24,56.84,70.88,55.86,3.31,80.7,93.1,A,1,53,62.0,58.0,81.0
Male,19.0,CS,82.63,40.62,92.28,59.33,52.91,4.08,86.82,83.53,C,0,25,70.0,62.0,87.0
Female,21.0,Business,70.78,64.76,93.78,51.85,62.11,9.98,59.07,53.64,A,0,37,61.0,42.0,51.0
Female,21.0,Business,55.01,95.6,79.04,84.37,69.26,7.75,62.31,80.35,C,0,55,68.0,63.0,37.0
Female,19.0,CS,95.56,63.07,86.37,99.64,96.38,8.77,62.94,50.61,A,1,40,24.0,40.0,68.0
Female,18.0,Engineering,75.39,45.59,,95.96,62.11,3.69,96.99,83.06,C,1,37,65.0,59.0,38.0
Male,18.0,Engineering,70.35,58.17,71.52,84.16,68.27,2.4,70.35,86.56,B,0,14,43.0,39.0,94.0
Male,22.0,CS,79.44,69.88,98.0,92.08,86.71,7.68,76.53,74.86,B,0,26,87.0,59.0,62.0
Male,18.0,CS,59.64,51.11,56.96,76.16,65.1,8.08,86.22,50.19,D,0,16,64.0,99.0,72.0
Female,22.0,Engineering,56.63,67.99,49.25,81.12,84.22,5.5,68.57,83.33,F,1,69,100.0,51.0,90.0
Female,20.0, engineering ,70.28,90.18,57.25,53.03,71.6,8.96,55.28,90.99,F,1,64,80.0,10.0,99.0
Female,19.0,Engineering,61.36,92.36,76.88,85.36,59.82,9.67,82.72,79.29,D,0,100,88.0,68.0,69.0
Female,21.0,Engineering,62.21,42.96,51.11,98.49,86.7,4.71,83.36,85.46,F,1,36,57.0,47.0,73.0
Female,22.0,Business,94.63,49.65,94.53,93.04,51.35,2.23,63.03,54.52,A,1,47,97.0,65.0,76.0
Female,24.0,Business,76.54,56.52,64.66,76.72,64.62,5.17,51.76,85.77,A,0,33,61.0,86.0,92.0
Male,18.0, engineering ,74.17,75.69,91.0,59.4,67.81,9.9,83.27,80.71,A,1,27,84.0,48.0,78.0
Male,24.0,Business,84.47,61.66,54.95,97.19,72.91,2.93,85.17,66.55,D,1,62,17.0,56.0,68.0
Male,22.0,CS,97.58,90.64,58.79,60.8,83.99,6.18,51.3,84.27,A,1,11,100.0,70.0,72.0
Male,23.0,Business,55.61,83.0,43.55,89.66,72.97,6.94,84.66,82.28,D,0,61,100.0,100.0,100.0
Male,22.0,Engineering,91.68,46.03,55.47,63.49,79.72,2.14,96.95,79.97,A,0,55,76.0,48.0,45.0
Male,,Business,79.2,,,93.85,79.79,5.88,58.94,59.15,A,1,65,49.0,82.0,85.0
Male,23.0,Engineering,57.31,46.78,96.77,54.92,68.66,3.15,76.07,64.81,D,0,28,90.0,72.0,30.0
Male,23.0,CS,64.86,55.3,,58.91,96.7,,84.84,99.57,B,1,45,86.0,76.0,46.0
 FEMALE ,18.0,Engineering,74.12,50.67,78.38,86.03,97.79,7.15,61.5,71.66,F,1,50,59.0,72.0,75.0
Female,23.0,CS,84.56,50.38,65.66,58.74,79.09,8.26,87.58,52.97,C,0,47,100.0,97.0,82.0
Female,19.0,Engineering,62.13,76.98,42.81,57.9,53.58,2.0,93.4,94.95,B,0,20,89.0,94.0,84.0
Female,21.0,Engineering,76.74,73.82,70.21,77.77,74.56,0.35,90.73,58.65,F,0,67,59.0,74.0,43.0
Female,24.0,Business,84.23,50.56,43.95,63.03,59.22,8.51,62.94,70.18,B,0,67,99.0,72.0,18.0
Female,19.0, engineering ,72.44,99.41,93.02,63.42,74.16,3.87,90.21,63.9,D,1,64,59.0,79.0,40.0
Female,19.0,Engineering,57.12,65.31,85.18,92.06,59.42,1.8,70.67,98.19,C,0,36,53.0,49.0,67.0
Male,18.0,CS,93.47,45.82,62.72,90.4,85.19,0.92,63.32,68.9,A,0,64,100.0,71.0,87.0
Male,18.0,Mathematics,73.53,47.23,78.41,78.96,54.02,5.17,58.4,85.44,D,0,78,60.0,80.0,51.0
Female,24.0,Business,98.65,75.03,46.72,82.73,97.67,1.5,95.45,79.92,B,0,37,72.0,61.0,77.0
Male,21.0,Business,53.78,98.74,82.15,,59.77,5.67,71.34,52.15,D,1,86,46.0,36.0,31.0
Male,22.0,CS,50.17,74.32,89.36,68.36,83.03,7.27,93.29,69.22,D,1,28,73.0,50.0,46.0
Male,19.0,Engineering,69.03,96.94,89.3,63.17,95.85,5.35,57.98,69.5,D,1,40,64.0,77.0,96.0
Male,23.0,CS,80.05,66.65,57.06,57.5,62.39,9.04,88.35,99.49,C,0,65,100.0,56.0,94.0
Male,21.0,Engineering,81.46,66.15,55.82,69.48,96.71,1.56,55.5,90.6,A,1,26,68.0,29.0,97.0
Female,19.0,CS,73.82,70.0,71.28,67.75,69.43,4.94,50.88,92.83,C,0,19,85.0,94.0,65.0
Male,22.0,Engineering,56.24,81.85,98.07,86.44,98.03,1.63,99.75,65.68,D,1,67,57.0,72.0,37.0
Female,23.0,Engineering,58.52,62.06,95.23,79.9,98.57,8.76,53.68,66.45,D,0,41,73.0,54.0,87.0
Female,19.0,CS,92.61,91.83,61.58,95.66,59.4,9.32,73.08,75.78,A,1,57,68.0,63.0,58.0
Female,20.0,Engineering,93.4,41.76,86.79,57.27,91.55,4.0,93.92,81.55,A,0,90,90.0,61.0,78.0
Male,24.0,Business,83.69,66.39,95.28,52.99,59.67,3.06,90.97,86.41,D,0,28,37.0,54.0,100.0
Female,21.0,CS,83.21,70.66,55.66,76.73,61.32,2.79,73.56,91.04,C,1,51,74.0,49.0,44.0
Female,24.0,Business,79.88,76.42,89.82,65.57,54.21,8.6,80.54,93.66,A,1,56,50.0,88.0,59.0
Female,18.0,CS,60.15,56.56,,89.39,57.83,6.82,,51.23,D,0,77,75.0,73.0,43.0
Female,19.0,CS,71.41,65.65,60.6,75.3,81.61,8.81,55.49,89.8,F,1,68,97.0,57.0,68.0
Male,23.0,CS,54.01,69.07,51.93,74.4,72.46,1.18,64.25,80.54,B,1,100,57.0,46.0,59.0
Female,,Business,76.86,81.21,70.42,79.43,89.55,4.76,65.05,76.6,B,1,26,87.0,69.0,91.0
Female,21.0, engineering ,50.93,86.41,90.6,68.75,66.6,6.76,68.91,81.42,D,0,50,82.0,29.0,62.0
Female,21.0,Business,97.68,84.27,71.68,71.56,98.43,,63.7,94.1,A,1,56,96.0,43.0,58.0
Female,24.0,Engineering,92.24,60.49,47.41,50.8,52.49,3.82,62.57,77.26,B,0,21,74.0,74.0,67.0
Male,23.0,CS,63.03,99.97,55.11,54.18,53.15,3.13,67.74,58.11,A,1,58,100.0,87.0,87.0
Female,23.0,Business,80.82,90.92,73.77,75.25,85.07,9.13,68.96,71.84,D,0,24,62.0,69.0,36.0
Female,23.0,CS,96.16,55.6,74.99,57.51,94.38,0.48,74.36,96.22,A,1,65,85.0,52.0,87.0
 FEMALE ,19.0,Business,54.8,51.71,74.61,88.94,89.78,4.8,58.68,90.72,C,1,63,40.0,75.0,28.0
Female,23.0,CS,75.15,58.84,44.62,63.72,74.49,4.59,89.42,60.15,D,1,45,86.0,70.0,60.0
Female,18.0,CS,72.81,67.14,,54.89,63.48,1.46,93.03,85.71,C,0,62,83.0,55.0,80.0
Female,23.0,Business,70.51,91.05,94.57,61.76,50.67,3.95,62.41,62.81,D,0,62,59.0,83.0,52.0
Male,18.0,Mathematics,91.78,86.7,70.63,67.85,75.47,7.23,56.17,67.43,A,1,61,82.0,58.0,91.0
Female,19.0,CS,69.03,91.07,83.13,51.77,73.78,3.67,86.12,73.45,F,0,62,84.0,71.0,53.0
Male,21.0,Business,53.18,56.32,94.84,93.29,67.21,3.1,96.21,72.04,D,0,65,92.0,68.0,92.0
Male,18.0,CS,53.29,75.61,78.56,,78.9,7.82,51.76,51.46,D,1,56,100.0,32.0,9.0
Female,19.0,Business,52.14,56.99,80.46,65.52,86.44,9.89,50.72,88.7,C,1,38,100.0,81.0,42.0
Male,23.0, engineering ,70.46,46.54,83.28,90.02,85.04,7.79,59.17,92.32,B,0,100,51.0,77.0,93.0
Female,19.0,CS,85.92,81.05,55.63,92.16,63.16,8.46,84.24,76.55,A,0,55,70.0,66.0,72.0
Male,23.0,CS,65.93,48.58,74.96,59.67,79.27,9.4,98.24,58.65,D,1,59,91.0,75.0,63.0
Female,24.0,CS,82.32,80.06,90.53,56.2,57.44,8.02,87.52,62.4,C,0,19,70.0,54.0,24.0
Male,19.0,CS,84.35,78.88,57.77,81.71,56.08,9.8,78.65,56.32,D,0,33,53.0,76.0,65.0
Male,21.0,CS,62.76,88.61,93.83,90.23,89.29,7.47,85.03,58.48,D,1,41,62.0,49.0,56.0
 FEMALE ,18.0,Engineering,80.03,48.37,77.22,98.19,84.69,6.62,61.53,93.82,A,1,23,76.0,65.0,82.0
Male,24.0,Mathematics,84.24,87.01,65.39,50.34,88.4,6.93,84.43,74.01,C,0,26,75.0,44.0,60.0
Male,21.0,CS,73.33,99.96,77.39,70.68,57.62,9.0,66.07,55.55,D,0,23,100.0,39.0,85.0
 MALE ,20.0,Engineering,66.84,91.06,64.11,86.7,95.73,6.83,61.12,62.74,B,1,65,74.0,43.0,88.0
Male,23.0,Engineering,80.96,85.11,90.28,91.43,56.66,7.61,61.83,97.48,D,1,60,60.0,62.0,43.0
Male,18.0,Mathematics,98.89,79.73,68.94,53.11,93.5,2.16,83.39,75.46,B,0,73,78.0,90.0,51.0
Female,21.0,Engineering,71.34,65.31,94.07,84.03,67.62,9.13,88.36,75.78,B,1,41,89.0,73.0,53.0
Male,18.0,Engineering,69.59,83.83,70.59,64.45,55.27,4.47,79.09,76.28,B,0,62,51.0,78.0,74.0
Male,20.0,Engineering,73.21,83.45,79.62,53.73,64.34,1.61,53.19,55.58,B,1,16,68.0,66.0,70.0
Female,22.0,CS,53.81,77.89,99.86,74.46,59.07,8.0,51.9,98.52,D,0,28,100.0,48.0,97.0
Female,23.0,CS,77.66,87.78,48.82,96.75,74.53,3.56,60.86,54.22,A,0,84,40.0,69.0,52.0
Female,23.0,Engineering,66.43,66.93,84.2,86.85,97.49,1.84,64.32,85.0,B,1,43,100.0,68.0,61.0
Male,19.0,CS,56.07,47.28,48.33,87.06,66.39,2.56,70.24,52.89,F,0,78,57.0,81.0,86.0
Male,23.0,Engineering,73.31,73.54,90.33,92.1,80.6,0.35,53.8,72.18,B,1,47,63.0,60.0,83.0
Male,,CS,50.17,55.9,75.79,68.88,94.59,0.91,86.26,94.98,C,0,71,89.0,100.0,82.0
Male,21.0,Engineering,70.09,63.07,96.29,50.67,81.5,5.93,85.57,88.42,F,1,33,61.0,52.0,78.0
Female,24.0,CS,55.29,41.04,91.96,62.99,68.11,8.66,67.33,66.73,D,0,30,100.0,75.0,56.0
Female,23.0,Mathematics,51.21,62.97,44.49,73.39,99.54,4.49,78.15,77.57,F,0,28,68.0,56.0,65.0
Male,23.0,Business,91.22,88.53,48.24,54.62,59.37,6.26,55.05,58.26,A,0,76,100.0,79.0,80.0
Male,20.0,CS,95.81,72.56,76.07,61.13,76.16,8.1,70.76,97.81,A,1,62,17.0,82.0,73.0
Male,24.0,CS,60.38,40.59,71.1,77.99,89.84,3.57,92.88,85.43,F,1,96,92.0,56.0,40.0
Male,20.0,Engineering,76.96,68.19,,76.21,50.03,6.54,83.03,68.71,C,0,49,53.0,50.0,9.0
Female,18.0,CS,63.9,57.49,47.76,58.25,85.1,3.5,55.2,65.9,B,1,28,100.0,34.0,83.0
Female,18.0,CS,74.68,68.65,73.84,86.84,63.32,6.43,92.38,61.93,A,0,59,48.0,54.0,65.0
Male,23.0,CS,71.83,64.28,42.94,77.74,58.49,2.18,84.03,89.33,D,0,60,58.0,78.0,48.0
Female,23.0,Mathematics,63.45,95.92,92.42,94.0,63.71,9.78,72.65,71.73,D,1,99,63.0,64.0,100.0
Male,19.0,Business,85.02,42.47,88.42,84.53,98.34,,84.6,66.51,B,1,24,86.0,78.0,99.0
Male,18.0,Engineering,56.32,,87.12,55.57,94.6,5.05,58.64,95.26,C,0,69,82.0,52.0,51.0
Female,21.0,Engineering,52.65,91.06,40.96,74.44,60.69,2.86,77.52,57.51,F,0,54,78.0,53.0,100.0
Male,23.0,Mathematics,88.38,97.55,42.86,85.12,55.85,6.01,80.9,63.19,A,0,22,66.0,64.0,27.0
Female,21.0,Mathematics,61.59,50.66,72.99,54.35,68.21,4.28,96.39,67.24,A,1,16,44.0,68.0,94.0
Male,23.0,Mathematics,74.93,71.88,99.67,89.62,79.62,3.07,53.34,62.99,D,0,96,66.0,49.0,90.0
Female,21.0,CS,73.39,42.62,60.54,61.1,93.36,2.5,68.74,79.27,D,1,38,79.0,82.0,41.0
Male,22.0,CS,74.87,69.95,60.66,75.15,98.3,1.82,96.84,80.05,A,1,47,93.0,70.0,74.0
Female,21.0,Engineering,71.85,47.53,48.06,97.03,87.56,7.83,60.86,52.74,D,1,80,84.0,81.0,77.0
Male,24.0,Engineering,69.64,90.27,80.46,78.57,79.95,2.22,90.66,57.23,F,0,23,70.0,49.0,40.0
 MALE ,18.0,CS,74.98,46.83,78.8,71.2,57.12,7.74,50.08,59.93,B,1,48,82.0,91.0,46.0
Female,23.0,CS,95.42,70.8,46.08,50.34,53.7,4.85,51.29,53.52,B,0,25,65.0,55.0,79.0
Male,18.0,Business,84.6,71.27,68.04,56.67,79.8,0.72,66.38,56.24,C,0,40,76.0,79.0,38.0
Female,24.0,Business,85.56,98.3,80.02,78.93,76.95,1.65,88.43,61.98,A,0,28,96.0,32.0,69.0
Female,24.0,CS,67.63,79.3,69.61,74.69,92.3,8.93,,67.28,C,0,37,70.0,50.0,75.0
Male,21.0,BUSINESS,70.68,57.27,80.46,97.09,66.13,6.03,69.14,89.57,D,0,25,60.0,59.0,45.0
Male,20.0,Engineering,74.27,54.45,88.98,96.16,51.98,1.84,56.57,60.9,B,0,40,59.0,91.0,79.0
Male,20.0,Business,76.83,47.69,81.15,66.62,71.19,7.04,61.18,83.5,C,1,18,98.0,100.0,46.0
Male,24.0,Engineering,72.67,85.39,76.97,76.86,98.46,8.23,75.15,52.89,C,1,73,90.0,92.0,75.0
Female,20.0,CS,94.48,81.45,91.22,78.44,89.78,3.31,65.96,82.91,A,0,88,58.0,45.0,60.0
Male,23.0,Engineering,84.82,76.59,94.04,76.37,51.69,5.57,60.6,89.74,D,0,41,76.0,100.0,15.0
Male,19.0,Engineering,94.93,42.45,63.33,73.88,93.73,2.93,69.67,80.24,B,0,66,99.0,57.0,65.0
Male,22.0,Engineering,85.46,85.77,50.39,66.85,73.58,0.8,85.05,60.07,B,0,22,72.0,66.0,26.0
Female,21.0,CS,98.55,78.51,89.07,95.44,68.24,4.0,55.97,66.52,A,1,77,45.0,82.0,77.0
Male,19.0,Mathematics,81.79,97.83,52.83,72.54,67.34,7.51,73.98,90.26,D,0,52,85.0,63.0,48.0
Female,20.0,CS,98.18,75.23,95.74,76.42,79.76,4.59,63.74,71.6,B,0,100,77.0,72.0,72.0
Male,21.0,CS,57.91,58.24,41.37,82.82,76.53,4.05,68.93,62.76,C,0,38,72.0,10.0,88.0
Female,19.0,Engineering,52.62,62.89,95.28,53.38,82.83,3.66,91.08,96.63,D,0,41,53.0,81.0,80.0
Male,18.0,Engineering,78.96,50.55,75.35,89.06,78.68,4.59,96.49,81.87,C,1,31,73.0,46.0,82.0
Male,20.0,Engineering,99.17,83.37,86.48,75.63,57.2,3.18,62.15,90.29,B,1,75,64.0,56.0,65.0
Female,19.0,Business,70.88,82.46,63.91,63.32,62.86,6.12,81.5,51.23,C,0,100,71.0,80.0,49.0
Male,23.0,Engineering,60.6,52.04,99.5,88.6,92.05,0.64,83.83,66.97,A,1,87,78.0,70.0,68.0
Male,18.0,Engineering,76.08,49.51,53.65,93.7,83.16,8.07,92.12,72.94,D,1,87,100.0,57.0,100.0
Male,20.0,Business,82.44,44.62,55.86,69.61,72.42,1.73,94.95,79.37,D,0,83,100.0,37.0,74.0
Female,22.0,CS,65.76,94.72,43.09,90.57,59.13,6.33,73.4,59.5,A,0,35,81.0,73.0,68.0
Male,24.0,Engineering,85.74,53.98,96.43,62.94,50.38,,99.13,74.9,A,1,70,78.0,73.0,64.0
Female,20.0,Business,98.76,60.65,67.36,83.02,65.59,7.73,98.54,84.28,A,0,29,63.0,52.0,28.0
Female,23.0,CS,94.85,56.83,80.49,55.14,52.74,8.26,75.32,67.29,A,0,72,67.0,81.0,63.0
Female,22.0,Engineering,64.58,64.82,81.25,51.0,74.11,2.04,77.1,84.57,C,1,40,89.0,94.0,57.0
Male,22.0,Mathematics,66.34,82.84,92.47,54.79,91.09,6.77,83.39,69.48,D,0,47,100.0,68.0,71.0
Female,22.0,CS,64.05,92.24,79.9,65.97,64.27,1.9,68.69,73.47,F,0,61,48.0,46.0,68.0
Female,21.0,Engineering,69.73,50.96,73.72,51.55,92.39,1.24,83.1,56.71,A,0,43,89.0,85.0,73.0
Male,21.0,Mathematics,55.02,81.18,82.62,81.35,85.23,9.3,75.71,82.56,C,0,42,63.0,78.0,41.0
Female,24.0,CS,88.1,61.15,85.06,,56.26,1.64,51.77,61.21,A,0,59,63.0,68.0,46.0
Female,22.0,CS,68.27,98.83,51.16,86.82,82.23,2.28,92.64,91.44,C,0,53,54.0,68.0,93.0
Male,24.0,Business,93.99,57.94,46.58,52.3,57.58,1.3,97.02,77.67,A,0,98,71.0,99.0,79.0
Male,18.0,Business,96.35,40.43,44.49,60.84,82.74,4.7,51.31,78.01,B,1,40,42.0,85.0,62.0
Female,22.0,Engineering,51.22,70.94,62.44,68.7,57.14,9.2,89.46,95.62,F,0,38,49.0,44.0,47.0
Male,19.0,Engineering,99.43,49.04,69.88,69.13,69.63,2.64,69.29,58.37,A,0,35,100.0,75.0,88.0
Male,22.0,Business,,42.67,76.94,62.31,78.33,5.42,79.28,76.51,B,0,56,50.0,91.0,55.0
Male,21.0,Business,76.02,81.9,97.48,72.96,52.52,4.11,75.0,69.11,D,0,52,62.0,95.0,100.0
Female,21.0,Computer Science,67.58,83.94,59.85,68.01,57.67,3.36,77.57,98.32,B,1,33,88.0,63.0,79.0
Female,19.0,CS,75.93,67.64,85.65,86.05,66.02,5.72,74.76,89.64,A,0,97,78.0,62.0,67.0
Male,19.0,Engineering,66.23,80.61,71.88,61.0,73.12,5.59,92.67,87.88,C,1,88,100.0,72.0,42.0
Female,20.0,Business,81.13,72.29,53.21,93.89,92.92,3.59,84.18,60.21,A,0,59,33.0,60.0,64.0
Male,18.0,Business,54.65,77.79,76.92,69.39,59.36,8.51,70.63,61.87,F,0,51,74.0,72.0,100.0
Male,18.0,Mathematics,81.06,75.8,98.03,95.05,67.37,0.53,84.43,51.46,B,0,72,83.0,97.0,84.0
Male,18.0,Business,63.77,79.95,47.46,67.09,73.79,0.85,98.25,81.93,C,0,49,93.0,100.0,89.0
Male,23.0,Engineering,50.88,51.98,70.44,50.43,64.79,9.91,,68.54,C,0,38,46.0,56.0,45.0
Male,21.0,Engineering,77.64,56.12,43.1,75.85,,7.48,69.4,65.6,C,1,46,51.0,37.0,54.0
Female,18.0,Business,78.92,66.4,59.27,,62.83,8.04,93.52,81.85,D,1,62,66.0,69.0,63.0
Female,20.0,Business,71.33,66.77,77.24,55.99,88.62,6.03,86.95,91.43,D,1,75,55.0,67.0,56.0
Female,20.0,Engineering,53.61,86.46,90.46,76.48,75.26,4.2,96.75,56.65,D,0,63,91.0,100.0,97.0
Female,18.0,CS,94.67,62.04,83.82,89.17,54.32,6.29,,95.93,B,1,73,65.0,83.0,68.0
Male,19.0,Mathematics,80.57,49.75,67.77,51.84,81.35,0.93,93.14,51.71,C,1,67,17.0,54.0,90.0
Male,20.0,Engineering,55.79,55.09,94.55,74.48,78.46,7.58,89.59,54.76,D,0,87,75.0,45.0,78.0
Female,24.0,CS,75.55,52.88,58.16,76.52,66.93,,90.75,91.91,C,0,34,80.0,49.0,44.0
Female,19.0,Engineering,74.86,83.9,85.24,84.44,50.56,,79.86,74.64,C,0,65,55.0,34.0,71.0
Male,24.0,Engineering,53.02,68.22,68.44,51.87,60.04,6.37,52.6,96.96,D,0,58,70.0,56.0,89.0
Male,21.0,CS,80.34,82.52,93.92,79.28,70.29,1.52,76.96,73.08,F,0,60,17.0,76.0,82.0
Male,23.0,Business,64.27,64.97,87.85,50.15,60.0,4.78,70.39,96.31,F,0,99,83.0,99.0,62.0
Female,20.0,CS,87.45,93.38,94.09,63.26,78.87,0.58,76.35,61.98,B,0,36,78.0,75.0,52.0
Male,19.0,CS,60.15,99.01,52.85,74.98,85.62,7.45,87.01,80.82,B,1,46,65.0,63.0,37.0
Male,24.0,Engineering,93.11,80.19,80.09,84.35,92.8,5.02,79.8,99.72,B,1,82,89.0,59.0,67.0
Female,18.0,Business,67.13,91.83,84.31,56.33,82.35,,64.63,68.8,B,0,43,36.0,72.0,35.0
Female,24.0,Mathematics,97.33,70.48,84.54,58.46,84.45,9.69,79.98,50.07,A,0,20,74.0,68.0,60.0
Female,24.0,Business,53.59,96.08,70.24,83.46,80.42,9.41,54.16,53.2,D,1,88,68.0,76.0,88.0
Male,21.0,Mathematics,74.31,89.9,40.68,68.74,99.27,9.53,50.27,92.95,D,0,96,90.0,55.0,83.0
Male,22.0,CS,79.86,99.51,55.69,81.17,63.05,2.21,70.08,74.59,F,0,47,82.0,86.0,85.0
Female,22.0,CS,62.38,77.39,59.4,99.87,63.31,7.29,87.86,76.84,F,0,71,93.0,32.0,52.0
Male,18.0,Engineering,88.57,86.75,91.12,99.34,56.32,9.45,91.13,89.97,A,1,46,59.0,25.0,29.0
Male,21.0,CS,81.34,72.57,90.45,67.69,74.28,5.71,77.49,90.58,C,0,30,54.0,74.0,68.0
Male,21.0,Business,50.91,55.55,46.28,75.2,54.81,2.14,93.4,73.87,F,1,15,74.0,79.0,73.0
Female,21.0,Engineering,80.42,61.29,96.99,95.23,63.51,8.18,56.3,92.9,C,0,41,89.0,58.0,47.0
Female,,Mathematics,74.57,93.64,50.95,54.61,74.13,8.8,98.21,73.42,A,1,52,69.0,68.0,50.0
Male,22.0,CS,59.8,43.36,64.86,72.62,97.88,7.03,96.09,83.75,C,1,78,90.0,86.0,89.0
Male,19.0,Engineering,99.79,75.49,52.91,68.88,98.19,2.94,79.96,51.67,A,0,40,58.0,57.0,91.0
Male,21.0,Engineering,94.86,62.35,91.62,64.74,87.19,1.91,52.94,56.9,A,0,72,73.0,72.0,46.0
Male,19.0,CS,64.63,63.2,84.96,99.71,69.46,6.24,72.71,92.57,A,1,70,58.0,66.0,55.0
Female,24.0,Engineering,77.05,93.07,61.21,86.68,93.26,4.83,58.96,65.66,A,0,36,69.0,29.0,37.0
Female,24.0,Engineering,65.83,91.23,80.91,69.44,93.77,6.69,81.42,66.74,B,0,86,46.0,95.0,70.0
Male,21.0,Engineering,88.77,75.93,51.06,91.45,95.51,1.12,59.5,83.15,A,1,71,62.0,83.0,53.0
Male,20.0,CS,96.52,56.38,62.94,74.48,82.0,1.36,74.09,79.63,B,0,77,91.0,89.0,24.0
Female,23.0,CS,67.94,68.53,62.63,93.64,60.09,3.63,60.28,54.11,F,0,27,64.0,50.0,68.0
Male,20.0,Engineering,69.25,64.5,54.28,63.32,54.55,2.59,59.09,88.29,B,0,69,76.0,54.0,72.0
Female,24.0,CS,74.92,61.22,92.58,61.18,95.74,6.19,62.4,80.86,F,1,55,100.0,57.0,87.0
Male,23.0,CS,69.83,46.17,80.73,76.1,52.78,3.68,51.46,92.77,D,0,48,45.0,55.0,65.0
Female,20.0,CS,96.92,72.59,56.8,76.92,64.79,6.84,85.81,76.77,B,1,31,36.0,61.0,50.0
Male,21.0,CS,75.52,58.11,54.53,64.57,74.35,7.69,65.34,70.72,C,1,50,89.0,84.0,73.0
Male,19.0,CS,73.37,79.65,41.08,57.36,51.1,1.87,84.91,68.57,B,1,69,80.0,66.0,73.0
Female,23.0,CS,83.62,59.15,60.79,99.73,95.35,9.2,82.67,50.22,D,0,60,87.0,79.0,74.0
Female,22.0,Engineering,63.06,65.87,71.61,95.02,64.36,7.87,53.31,51.99,A,0,26,89.0,66.0,37.0
Male,18.0,Engineering,66.24,43.14,56.66,81.75,51.43,6.27,65.6,56.56,F,1,24,100.0,82.0,100.0
Male,23.0,Engineering,57.97,99.55,82.03,52.59,99.68,9.09,78.34,96.48,A,0,65,23.0,84.0,82.0
Female,23.0,Business,92.38,70.46,64.7,96.77,65.57,2.66,95.92,94.03,C,0,49,49.0,23.0,75.0
Female,22.0,Engineering,91.33,,58.98,83.81,93.84,4.22,70.07,74.86,B,1,95,51.0,73.0,66.0
Male,21.0, engineering ,63.56,72.47,96.34,75.93,,0.86,,59.01,F,0,27,74.0,67.0,27.0
Male,20.0,Business,55.79,92.22,55.77,94.1,83.16,4.56,87.51,57.31,A,0,83,83.0,56.0,59.0
Female,20.0,Engineering,91.93,86.35,63.9,78.39,62.05,5.06,90.16,62.81,B,1,62,65.0,42.0,35.0
Female,24.0,Business,65.68,82.05,62.94,56.34,75.14,6.16,96.17,95.44,D,1,39,71.0,65.0,44.0
Female,19.0,Engineering,58.02,48.37,54.47,68.34,62.88,0.64,74.86,76.07,C,0,16,71.0,76.0,68.0
Female,21.0,Engineering,64.44,79.46,53.05,72.3,,0.32,59.69,90.2,D,0,58,81.0,78.0,36.0
Female,22.0,Business,69.39,85.98,58.14,51.37,53.05,4.2,88.22,75.34,D,1,45,77.0,79.0,90.0
Male,21.0,CS,57.98,74.35,91.85,82.96,63.73,1.89,56.28,80.47,F,0,69,69.0,32.0,95.0
Male,,CS,94.43,93.56,86.02,93.76,94.66,7.59,70.92,80.51,B,1,42,87.0,63.0,54.0
Female,,CS,99.54,56.62,80.86,87.88,74.0,6.69,81.41,51.57,B,1,24,99.0,82.0,100.0
Male,22.0,CS,78.43,54.53,67.43,65.49,80.0,3.26,84.59,72.26,A,0,26,70.0,68.0,77.0
Male,18.0,CS,88.73,92.17,70.47,,82.58,0.46,86.65,93.2,A,0,61,46.0,61.0,48.0
Female,23.0,Engineering,92.95,77.52,56.03,59.76,53.55,1.82,59.68,74.45,A,0,22,46.0,61.0,73.0
Male,20.0,Business,71.57,40.09,44.46,70.41,50.89,6.92,99.08,71.77,D,1,43,36.0,95.0,66.0
Male,22.0,Business,52.21,61.19,59.86,90.3,96.89,9.9,58.92,76.33,D,0,47,84.0,90.0,42.0
Male,19.0,CS,57.88,91.47,69.74,80.6,63.58,3.26,54.8,69.04,D,1,71,60.0,51.0,37.0
Female,23.0,Mathematics,53.55,41.64,43.44,91.27,,8.02,83.2,75.77,D,1,38,43.0,76.0,83.0
Female,23.0,Engineering,50.49,40.19,45.29,62.74,84.1,8.67,95.5,56.77,C,1,84,82.0,46.0,33.0
Male,20.0,CS,65.3,56.88,55.78,63.42,61.82,0.48,77.97,98.4,A,0,51,83.0,95.0,50.0
Male,24.0,Business,69.62,94.84,62.02,60.12,86.65,9.16,79.77,51.71,F,1,12,83.0,44.0,30.0
Male,19.0,Business,62.05,94.09,63.6,55.48,72.91,4.66,76.92,74.16,D,0,45,75.0,78.0,56.0
Male,20.0,Business,59.34,71.13,47.07,71.68,92.83,9.64,52.14,60.5,F,1,46,25.0,59.0,56.0
Male,21.0,CS,76.49,73.19,53.55,77.82,63.93,5.39,84.07,52.92,B,0,32,42.0,83.0,41.0
Male,24.0,Engineering,63.67,59.92,55.7,99.19,60.19,2.35,67.91,82.59,D,0,68,63.0,73.0,100.0
Female,22.0,Business,89.8,54.62,44.06,68.06,91.58,9.75,96.78,99.26,B,0,80,71.0,16.0,76.0
Male,19.0,Engineering,50.4,88.91,59.57,83.35,66.32,2.43,59.34,87.48,D,0,34,90.0,100.0,50.0
Male,23.0,Engineering,92.13,46.38,44.33,77.93,70.59,8.82,65.11,62.7,A,1,42,59.0,88.0,54.0
Female,20.0,Engineering,86.81,69.24,82.21,77.45,89.69,1.73,75.24,74.67,D,0,24,76.0,54.0,13.0
Male,23.0,Business,85.81,78.06,63.16,75.54,81.78,6.75,73.87,52.49,B,0,46,90.0,54.0,80.0
Male,19.0,CS,86.68,46.22,59.61,97.19,72.09,4.11,70.02,76.58,A,0,61,100.0,100.0,46.0
Male,23.0,Engineering,96.68,71.18,47.59,96.73,62.49,9.72,65.72,54.97,A,0,58,67.0,93.0,79.0
Male,20.0,CS,60.45,74.65,53.59,68.01,88.21,1.85,57.36,89.73,C,0,33,49.0,33.0,55.0
Female,24.0,Engineering,99.73,84.55,53.96,67.59,59.02,4.09,91.05,52.84,A,0,73,66.0,44.0,63.0
Male,20.0,Business,88.67,54.09,,77.74,96.41,,72.44,50.47,A,1,99,73.0,69.0,100.0
Female,,Computer Science,86.33,57.6,90.12,54.78,57.52,9.78,78.65,93.08,A,0,63,55.0,67.0,95.0
Male,23.0,Engineering,68.05,74.17,40.92,65.15,90.25,3.04,77.33,97.13,F,0,48,75.0,93.0,79.0
Male,18.0,Engineering,77.29,98.99,,61.54,71.21,3.97,78.77,54.33,A,1,94,79.0,41.0,73.0
Female,24.0,CS,82.7,53.05,55.35,61.17,59.3,4.62,85.24,63.95,B,0,57,75.0,56.0,29.0
Male,18.0,Engineering,81.02,99.15,46.26,81.93,70.12,2.53,81.47,87.08,A,1,79,76.0,74.0,45.0
Female,23.0,CS,85.25,82.86,82.34,69.22,61.08,8.17,63.7,76.98,A,0,71,52.0,78.0,82.0
Female,19.0,Engineering,54.12,89.56,47.9,58.56,56.8,0.92,77.69,97.46,F,0,47,93.0,79.0,71.0
Female,21.0,CS,67.78,45.38,66.62,65.84,61.96,7.05,62.23,69.46,B,1,79,80.0,91.0,81.0
Male,24.0,Business,71.7,58.03,77.93,93.71,93.37,5.34,79.44,50.17,C,0,61,74.0,45.0,9.0
Male,20.0,Business,63.03,43.46,73.27,85.35,55.3,2.42,71.6,50.99,D,0,52,80.0,67.0,86.0
Male,22.0,Engineering,58.63,62.29,98.66,69.54,98.63,4.93,51.97,78.24,C,1,16,43.0,66.0,41.0
Male,24.0,CS,56.95,98.88,87.14,52.85,50.25,8.3,86.7,87.61,D,0,46,69.0,76.0,75.0
Female,18.0,Mathematics,68.32,46.32,86.45,55.34,82.91,,63.73,89.53,A,0,28,59.0,36.0,48.0
Male,19.0,Engineering,74.67,73.74,61.34,63.8,92.83,1.22,96.01,95.58,D,1,53,50.0,89.0,87.0
Male,,CS,53.15,40.36,40.5,61.0,96.7,0.41,64.03,61.45,F,0,49,61.0,81.0,44.0
Female,19.0,Business,62.48,82.76,84.06,93.7,57.2,7.78,99.83,86.92,C,0,53,59.0,47.0,26.0
Female,19.0,CS,88.26,51.83,99.98,99.32,84.91,3.3,73.15,91.35,A,0,38,32.0,52.0,71.0
Male,23.0,Engineering,86.54,47.78,64.35,90.83,55.37,9.31,51.32,91.81,B,0,93,55.0,80.0,42.0
Female,22.0, engineering ,58.64,60.22,99.13,98.86,67.63,6.17,53.81,70.58,C,0,60,100.0,67.0,60.0
Female,23.0,Engineering,80.19,86.26,48.5,79.43,86.6,4.36,54.1,81.3,D,1,69,87.0,44.0,61.0
Female,22.0,Business,58.72,46.4,57.79,88.5,67.3,5.64,52.81,77.58,F,0,7,67.0,57.0,20.0
Female,23.0,Engineering,99.12,53.79,50.24,97.35,65.67,4.57,63.39,79.87,A,0,83,75.0,73.0,51.0
Female,18.0,CS,87.38,40.51,68.51,80.07,55.8,9.06,66.23,64.1,B,0,85,69.0,60.0,52.0
Male,22.0,Mathematics,78.79,98.1,87.82,57.73,53.32,4.58,55.56,84.16,B,1,25,100.0,80.0,68.0
Male,18.0,Mathematics,92.54,75.53,60.44,58.19,55.76,1.04,71.91,85.5,B,0,70,47.0,84.0,32.0
Male,24.0,Engineering,57.75,83.19,94.37,79.19,93.77,5.97,68.27,59.8,D,1,56,100.0,75.0,70.0
Male,22.0,Engineering,50.76,79.08,72.69,66.67,50.56,6.23,81.82,72.18,D,0,36,75.0,88.0,84.0
Male,22.0,CS,84.51,48.66,67.93,95.51,84.64,7.65,59.79,71.11,C,0,40,64.0,49.0,80.0
Male,23.0,Business,54.92,75.7,87.22,80.58,88.43,9.33,95.7,87.45,D,0,59,84.0,55.0,83.0
Male,22.0,CS,55.77,47.88,46.09,83.82,78.39,4.43,75.8,83.33,D,0,16,66.0,84.0,70.0
Female,18.0,CS,87.23,64.07,86.43,50.29,86.54,3.52,81.19,73.81,B,0,55,72.0,92.0,46.0
Male,24.0,Engineering,63.53,74.14,54.58,73.19,82.61,4.91,51.98,82.63,D,0,50,88.0,100.0,90.0
Male,23.0,CS,81.43,73.53,56.85,71.56,72.78,9.0,77.95,63.14,D,1,15,78.0,91.0,54.0
Male,20.0,CS,95.87,47.14,75.97,85.29,69.14,9.8,68.41,61.62,A,0,49,69.0,69.0,70.0
Female,24.0,Engineering,65.82,42.07,94.12,69.13,97.07,9.71,96.21,62.0,C,0,23,75.0,86.0,55.0
Male,24.0,CS,60.86,87.89,74.7,98.83,98.6,2.3,94.28,51.47,C,0,56,93.0,85.0,30.0
Male,18.0,CS,55.33,83.56,78.94,83.51,82.56,4.97,81.88,84.55,D,0,33,62.0,54.0,86.0
Female,24.0,CS,56.52,,,83.0,59.86,2.59,88.39,99.29,C,0,76,85.0,73.0,38.0
Male,20.0,CS,53.11,47.64,55.56,95.97,72.39,3.68,82.23,65.45,D,0,38,39.0,74.0,88.0
Male,19.0,Business,54.38,93.56,89.63,99.76,74.83,0.32,50.85,96.49,F,0,100,17.0,42.0,78.0
Female,23.0,Business,71.6,86.15,65.08,59.89,87.9,1.61,85.16,80.33,F,0,77,56.0,70.0,78.0
Male,19.0,Engineering,66.04,99.77,50.54,90.53,83.39,3.97,58.85,61.25,D,0,47,71.0,73.0,48.0
Female,23.0,Engineering,85.33,55.24,61.01,58.12,75.74,3.65,84.13,50.59,A,0,76,98.0,63.0,51.0
Male,24.0,CS,93.51,69.27,54.77,72.85,84.02,2.79,50.53,86.19,A,1,79,52.0,47.0,59.0
Male,23.0,CS,89.24,54.19,53.72,55.01,51.2,2.3,65.55,84.83,A,1,30,97.0,62.0,56.0
Male,18.0,CS,76.53,77.37,56.95,81.17,88.83,7.49,75.85,61.46,F,1,31,64.0,41.0,95.0
Female,20.0,Engineering,55.12,46.92,50.86,73.43,60.58,2.95,66.66,66.64,D,0,31,72.0,81.0,56.0
Female,23.0,Business,85.49,47.63,80.06,81.43,82.82,7.07,84.7,94.9,A,1,60,100.0,96.0,64.0
Female,20.0,Engineering,68.14,44.31,74.8,83.9,55.7,3.69,76.14,57.86,F,1,45,93.0,58.0,61.0
Male,23.0,CS,54.28,81.62,78.91,80.97,55.72,8.02,97.98,91.77,C,0,32,83.0,72.0,67.0
Male,20.0,CS,92.12,69.64,60.62,85.9,51.78,1.67,67.89,58.46,A,1,44,92.0,76.0,34.0
Female,19.0,Business,66.91,77.06,86.18,91.85,95.51,1.58,86.09,74.09,F,0,91,91.0,43.0,33.0
Female,18.0,CS,60.91,92.76,47.78,77.58,80.23,6.8,91.79,74.95,D,1,20,95.0,89.0,31.0
Male,23.0,Business,93.57,84.42,74.27,74.49,68.1,9.15,62.68,73.6,A,1,44,17.0,55.0,58.0
Male,21.0,Engineering,95.11,67.7,56.53,99.35,89.39,,87.71,64.4,B,1,61,100.0,61.0,87.0
Male,20.0,Business,83.14,99.06,71.66,64.18,81.3,0.74,69.67,62.67,F,1,68,100.0,81.0,71.0
Male,20.0,Mathematics,67.74,67.38,59.42,76.4,81.0,9.35,56.44,86.66,B,0,49,64.0,71.0,68.0
Female,21.0,Mathematics,78.98,46.75,87.43,84.12,74.35,1.17,50.18,63.78,C,1,64,69.0,61.0,100.0
Male,18.0,Engineering,86.67,99.56,93.48,56.26,50.4,2.5,87.19,80.5,A,0,28,75.0,95.0,67.0
Male,20.0,Engineering,53.16,41.37,84.55,67.71,62.92,9.29,59.31,92.33,D,0,41,54.0,57.0,51.0
Male,18.0,CS,79.67,72.99,50.54,90.08,55.45,8.03,52.56,91.85,B,0,0,45.0,63.0,50.0
Male,20.0,Mathematics,97.64,58.55,56.49,61.84,83.12,3.43,74.86,58.36,A,1,52,98.0,18.0,74.0
Male,24.0,Engineering,63.1,70.21,95.16,74.66,62.43,9.55,67.33,82.74,F,0,49,58.0,59.0,41.0
Male,22.0,CS,,73.52,66.23,81.53,72.51,5.68,84.59,80.11,A,0,35,67.0,19.0,60.0
Male,24.0,Engineering,97.51,54.41,96.47,83.56,67.67,0.72,55.37,64.1,B,0,37,64.0,41.0,98.0
Female,20.0,CS,63.46,73.41,63.55,86.42,57.16,7.03,56.63,69.57,C,0,14,86.0,42.0,85.0
Female,22.0,Engineering,60.14,85.36,97.11,93.3,97.92,5.37,70.21,64.26,C,1,65,70.0,68.0,70.0
Female,23.0,Engineering,61.94,55.99,95.54,69.64,96.67,5.73,76.02,76.85,F,0,62,78.0,54.0,80.0
Male,18.0,CS,86.88,63.01,79.63,85.33,54.23,9.94,91.21,90.18,A,1,83,96.0,92.0,69.0
Female,20.0,CS,89.87,56.09,40.53,86.61,91.37,1.53,79.28,93.88,A,0,69,76.0,31.0,88.0
Male,19.0,Mathematics,62.36,89.23,64.02,93.89,74.42,6.57,95.13,86.14,B,1,99,63.0,42.0,87.0
Male,19.0,Business,85.79,83.5,94.67,98.41,88.69,4.59,60.89,74.17,A,1,50,48.0,73.0,57.0
Male,21.0,Business,90.61,92.27,93.11,93.26,57.56,2.72,79.81,97.9,B,0,43,89.0,85.0,76.0
Male,19.0,CS,67.93,50.2,51.24,90.19,56.61,6.94,82.76,78.19,B,0,17,90.0,100.0,77.0
Female,22.0,Business,58.39,44.41,63.95,83.75,94.54,6.68,86.29,73.93,D,1,74,86.0,100.0,56.0
Male,19.0,Engineering,54.6,47.16,90.13,85.89,94.89,8.56,99.43,92.84,D,0,74,67.0,48.0,99.0
Male,19.0,CS,78.77,49.66,74.67,63.74,73.3,8.79,73.4,59.23,F,0,54,53.0,57.0,61.0
Female,19.0,CS,98.9,71.98,90.84,93.19,93.51,5.62,68.47,57.89,A,0,83,80.0,96.0,89.0
Female,20.0,CS,91.15,98.25,89.59,84.51,83.37,3.26,92.61,89.13,B,0,15,56.0,70.0,58.0
Female,21.0,CS,71.79,61.43,94.45,82.91,59.25,5.3,58.84,93.53,F,0,15,100.0,90.0,88.0
Male,18.0,Mathematics,76.83,97.51,47.03,61.04,66.45,3.59,51.85,53.64,B,1,13,84.0,39.0,46.0
Female,21.0,CS,63.98,42.29,48.71,70.39,56.8,2.77,72.18,88.2,A,0,26,81.0,77.0,73.0
Male,22.0,Engineering,58.15,95.61,44.97,71.7,88.7,5.52,62.36,71.22,D,1,45,31.0,65.0,95.0
Male,20.0,Engineering,74.1,50.87,96.12,86.68,99.26,6.58,69.83,85.19,F,0,20,81.0,95.0,43.0
Female,23.0,Computer Science,64.43,94.75,68.51,80.92,77.32,5.91,99.3,56.75,F,1,55,68.0,86.0,83.0
Female,20.0,Engineering,76.1,43.37,43.86,54.29,82.79,9.54,67.42,98.65,A,0,75,67.0,68.0,58.0
Female,24.0,CS,,96.89,59.29,65.38,87.3,2.99,85.4,94.06,A,0,51,67.0,70.0,81.0
Male,19.0,Business,80.19,52.05,61.08,73.65,61.21,3.72,62.52,70.3,D,0,71,69.0,80.0,95.0
Male,19.0,CS,80.29,58.16,88.57,86.84,66.8,6.68,65.17,94.67,C,1,40,95.0,92.0,73.0
Male,22.0,Engineering,56.4,69.46,84.13,87.18,70.62,6.0,62.16,94.75,D,1,37,74.0,61.0,66.0
Male,23.0,Business,99.82,,81.36,74.53,79.73,0.02,78.61,73.06,A,0,50,99.0,80.0,93.0
Male,24.0,Business,88.64,80.05,41.31,55.85,92.52,3.12,61.31,97.34,A,1,61,85.0,64.0,91.0
Male,20.0,Business,93.86,98.49,94.64,64.65,62.71,2.54,85.92,98.84,B,0,12,75.0,64.0,19.0
 FEMALE ,23.0,Engineering,70.72,76.39,52.93,62.73,73.54,8.4,84.01,60.86,D,1,35,68.0,51.0,66.0
Male,18.0,CS,75.11,83.29,77.74,89.05,87.58,8.66,71.06,53.33,F,1,49,88.0,60.0,48.0
Female,21.0,Engineering,76.1,45.28,43.71,59.0,54.37,2.84,51.28,66.56,B,0,64,100.0,99.0,73.0
Female,20.0,Business,59.7,77.67,44.89,73.25,75.64,1.02,51.13,74.44,F,0,61,53.0,76.0,49.0
Female,23.0,Business,84.47,67.23,40.57,83.54,57.22,2.05,76.64,54.63,D,0,54,55.0,84.0,86.0
Female,18.0,CS,95.15,93.15,73.96,98.24,76.96,1.77,91.96,57.03,A,0,22,62.0,78.0,93.0
 FEMALE ,18.0,CS,58.19,63.29,77.76,99.96,88.39,2.37,79.94,98.58,D,0,78,69.0,81.0,73.0
Male,24.0,Business,54.32,80.77,43.03,97.65,61.85,2.35,71.78,86.87,D,1,42,99.0,78.0,84.0
Male,24.0,Engineering,86.91,53.69,57.43,85.91,92.47,4.8,94.11,93.75,B,0,80,100.0,72.0,89.0
Male,21.0,Computer Science,63.66,55.56,91.09,87.32,66.74,3.2,59.85,98.56,F,1,100,47.0,82.0,63.0
Male,18.0,Engineering,81.19,62.57,46.08,87.96,59.54,5.6,67.97,68.91,D,0,29,17.0,75.0,98.0
Female,22.0,Engineering,84.79,58.24,52.99,93.13,73.27,3.44,78.27,84.39,A,1,10,43.0,67.0,47.0
Female,18.0,Mathematics,66.1,55.23,65.46,97.59,93.8,8.15,64.58,59.2,B,1,47,52.0,85.0,85.0
Female,23.0,Engineering,90.76,42.98,90.54,72.29,53.45,9.51,99.89,77.58,A,0,16,23.0,58.0,73.0
Male,24.0,CS,77.5,90.2,55.29,70.83,66.38,4.04,72.62,60.49,A,0,77,60.0,75.0,68.0
Male,22.0,CS,93.45,43.86,99.83,73.02,82.66,0.49,52.59,58.02,A,0,48,83.0,84.0,98.0
Male,24.0,CS,96.64,93.24,61.32,82.99,67.88,2.4,58.8,54.92,D,0,76,79.0,47.0,91.0
Male,24.0,Engineering,93.43,47.53,63.19,88.77,53.54,1.02,76.62,78.99,B,0,71,71.0,43.0,39.0
Female,24.0,Engineering,51.01,43.92,47.33,93.53,66.6,3.45,77.5,97.49,C,1,66,82.0,45.0,54.0
Female,18.0,CS,62.18,73.78,80.81,,91.05,6.45,99.21,56.11,D,0,35,72.0,56.0,66.0
Male,19.0,Engineering,54.5,70.15,54.61,68.17,98.4,5.19,80.0,75.12,D,1,5,52.0,96.0,54.0
Male,18.0,Business,72.1,69.47,77.73,99.17,51.99,2.43,,84.35,C,1,23,61.0,90.0,83.0
Female,24.0,CS,69.72,74.47,53.39,61.59,78.46,7.67,60.69,74.79,A,1,59,68.0,73.0,81.0
Female,22.0,CS,73.38,57.22,63.27,70.34,55.27,1.31,55.34,95.59,F,1,35,82.0,25.0,52.0
Female,18.0,Mathematics,92.49,79.78,91.4,85.77,84.02,2.28,80.1,58.31,B,0,83,67.0,59.0,100.0
Female,24.0,CS,66.36,70.14,84.33,92.19,50.39,6.76,93.24,51.21,C,0,51,86.0,67.0,75.0
Male,24.0,Business,66.98,60.08,49.28,,50.74,1.97,79.37,69.16,D,1,86,50.0,49.0,52.0
Female,18.0,Engineering,94.78,89.59,76.46,64.62,88.84,6.79,72.14,77.77,A,1,44,80.0,97.0,63.0
Female,18.0,Business,71.29,83.66,77.72,58.44,53.72,9.77,78.91,62.73,C,0,37,85.0,62.0,69.0
Female,22.0,Business,55.19,63.62,45.43,,65.26,8.31,73.44,58.42,F,0,81,70.0,81.0,59.0
Female,18.0,Engineering,61.83,90.86,67.95,68.68,97.9,1.6,57.09,90.24,B,0,74,72.0,55.0,36.0
Male,21.0,Business,97.44,95.22,55.64,63.65,99.26,5.2,87.06,59.43,A,0,39,92.0,36.0,59.0
Male,23.0,Mathematics,78.73,72.21,68.03,59.79,58.07,,76.65,72.13,D,0,89,69.0,76.0,65.0
Male,21.0,Engineering,83.85,52.9,86.62,88.39,78.05,9.92,69.97,97.72,A,1,43,86.0,66.0,80.0
Male,22.0,CS,54.48,94.95,49.5,65.74,77.96,9.64,77.98,80.64,F,1,10,100.0,62.0,60.0
Male,19.0,CS,74.63,51.37,47.4,67.14,72.62,1.27,62.06,74.89,A,0,8,78.0,37.0,61.0
Male,21.0,Business,95.05,42.91,56.16,62.61,96.24,9.09,71.4,68.01,B,0,34,91.0,49.0,62.0
Female,24.0,Engineering,93.85,59.65,97.14,71.72,87.7,1.93,81.12,76.02,B,0,70,57.0,58.0,100.0
Female,23.0,CS,52.34,83.62,84.87,73.18,88.23,3.19,61.31,86.72,C,0,9,74.0,55.0,42.0
Female,20.0,CS,65.18,95.4,41.17,76.48,63.48,3.53,87.45,91.13,B,0,40,88.0,51.0,59.0
Female,23.0,Engineering,72.17,78.24,64.06,98.38,71.72,2.87,76.05,82.49,A,1,51,54.0,100.0,64.0
Male,21.0,CS,58.61,97.11,,95.23,74.37,8.53,93.09,89.52,D,1,18,67.0,58.0,37.0
Female,20.0,Engineering,86.5,45.54,78.29,80.47,64.95,3.3,92.36,54.42,A,1,0,61.0,78.0,63.0
Male,22.0,BUSINESS,59.23,43.65,67.56,51.95,54.74,8.17,74.73,50.72,C,0,39,100.0,80.0,58.0
Female,23.0,Engineering,67.33,76.25,97.87,82.28,56.32,9.94,59.77,86.72,C,1,58,77.0,100.0,97.0
Female,19.0,CS,83.16,97.97,53.14,54.48,59.03,8.41,86.83,63.09,C,1,55,84.0,97.0,72.0
Female,20.0,CS,74.1,70.16,75.27,85.52,60.18,,70.93,93.88,D,1,77,86.0,100.0,83.0
Male,20.0,CS,86.93,43.09,82.01,69.5,62.11,7.11,79.73,76.79,A,1,45,34.0,38.0,81.0
Female,23.0,CS,98.06,53.27,89.53,91.88,62.77,5.34,55.36,73.93,A,0,80,87.0,69.0,30.0
Male,21.0,Engineering,55.83,54.69,64.42,70.25,72.79,7.87,81.58,88.64,D,0,41,62.0,66.0,48.0
Male,20.0, engineering ,85.48,60.27,81.22,70.86,75.48,1.53,68.68,87.05,B,1,34,36.0,63.0,100.0
Female,22.0,CS,61.52,42.62,58.19,73.03,65.44,,66.71,85.21,B,0,53,71.0,59.0,39.0
Male,23.0,CS,70.72,94.29,66.13,79.51,95.36,7.74,99.0,84.5,A,0,37,52.0,62.0,64.0
Male,22.0,CS,51.64,70.93,93.74,72.59,77.66,7.61,71.62,75.77,C,0,28,70.0,89.0,58.0
Female,23.0,Mathematics,85.13,80.26,96.99,96.37,89.37,,83.9,96.32,F,0,68,73.0,94.0,66.0
Female,22.0,Engineering,64.01,44.03,83.13,71.65,96.21,,81.39,94.53,D,1,67,84.0,56.0,78.0
Female,21.0,Business,67.1,43.25,62.46,58.34,58.16,3.46,,66.47,B,0,62,100.0,51.0,81.0
Female,23.0,Business,94.98,75.19,89.2,88.14,71.39,4.77,87.4,90.23,B,0,22,53.0,62.0,61.0
Female,24.0,Engineering,87.09,93.24,41.55,60.96,71.66,3.1,66.16,94.56,A,1,33,42.0,47.0,36.0
Female,19.0,Business,98.61,71.71,46.16,57.18,67.72,3.1,89.95,80.91,A,0,99,41.0,89.0,81.0
Male,21.0,CS,79.95,92.67,79.68,78.14,50.45,1.76,80.38,77.78,A,1,28,100.0,64.0,100.0
Female,22.0,Engineering,62.09,88.66,57.47,83.57,90.8,8.13,65.85,83.59,D,0,80,73.0,47.0,100.0
Female,23.0,CS,66.38,44.55,97.08,65.77,55.58,9.08,67.81,58.15,C,0,32,58.0,73.0,32.0
Male,21.0,Business,65.99,52.12,66.16,82.83,99.77,0.82,86.58,54.37,C,0,93,82.0,71.0,75.0
Female,22.0,CS,66.32,79.46,65.76,55.78,88.65,1.55,77.5,91.01,A,0,52,60.0,81.0,55.0
Male,18.0,Business,83.65,66.61,80.68,73.8,79.0,2.28,83.42,78.67,B,0,62,81.0,63.0,80.0
Female,18.0,CS,76.54,57.44,86.05,67.85,57.73,5.09,57.92,56.13,F,1,60,98.0,65.0,54.0
Female,20.0,Business,78.3,65.12,68.53,98.67,75.77,7.91,89.35,70.82,A,0,42,83.0,92.0,70.0
Male,19.0,CS,76.29,66.71,52.84,52.48,63.06,0.71,66.02,64.91,F,0,70,95.0,76.0,90.0
Female,18.0,Engineering,51.11,94.63,86.4,64.91,62.62,6.37,80.99,93.77,D,0,22,66.0,42.0,46.0
Male,24.0,Engineering,60.94,46.21,59.22,97.09,91.48,1.49,55.73,75.36,A,1,61,94.0,51.0,51.0
 FEMALE ,,CS,55.37,56.78,50.51,99.17,69.03,9.71,66.07,78.88,C,0,34,97.0,65.0,100.0
Female,21.0,Engineering,89.27,72.25,77.9,76.91,72.54,8.99,82.44,61.76,B,1,88,50.0,66.0,76.0
Male,23.0,Mathematics,55.62,81.9,45.43,53.8,92.15,9.5,,89.95,C,1,19,61.0,78.0,51.0
Female,21.0,CS,85.37,77.84,98.28,78.07,54.39,1.06,94.02,96.51,A,1,20,73.0,46.0,44.0
Female,20.0,Mathematics,69.28,96.5,77.94,70.01,79.73,4.88,83.06,89.62,D,0,41,98.0,63.0,61.0
Male,21.0, engineering ,53.67,87.74,99.15,90.32,78.91,1.65,93.51,74.64,C,0,54,74.0,71.0,72.0
Female,18.0,Business,90.64,73.42,60.33,52.75,71.26,6.0,69.77,91.75,A,1,50,75.0,74.0,59.0
Male,21.0,CS,78.98,52.88,98.27,59.86,91.49,2.33,51.7,59.4,F,1,63,90.0,62.0,88.0
Female,18.0,Engineering,61.79,67.05,48.73,74.46,97.14,7.71,78.81,55.67,B,1,34,100.0,67.0,81.0
Male,18.0,Business,94.73,81.6,42.44,57.88,73.27,6.44,66.96,71.91,A,1,57,43.0,63.0,34.0
Female,19.0,Engineering,52.26,90.28,41.98,84.64,72.81,5.72,72.41,59.08,D,0,28,73.0,67.0,75.0
Male,20.0,Engineering,60.09,97.58,67.89,,75.1,8.25,84.06,62.96,B,0,62,79.0,35.0,28.0
Male,24.0,CS,87.6,76.33,44.98,85.23,86.16,5.0,85.03,79.26,B,1,54,100.0,100.0,74.0
Female,24.0,CS,85.47,71.62,70.73,72.01,83.4,2.7,51.38,70.2,A,1,28,100.0,87.0,90.0
Female,22.0,Engineering,64.46,41.06,59.65,93.92,61.14,6.21,,93.29,D,1,57,34.0,52.0,51.0
Male,24.0,Business,53.1,44.33,60.14,95.51,53.19,9.57,74.68,61.28,F,1,55,52.0,66.0,69.0
Female,18.0,Engineering,92.9,49.37,78.14,63.02,97.46,6.01,77.83,99.84,A,0,14,71.0,59.0,69.0
Male,23.0,CS,55.92,43.29,49.79,74.48,63.05,6.3,64.9,67.97,A,1,79,56.0,74.0,77.0
Female,20.0,Engineering,59.79,64.05,85.99,53.07,81.93,9.35,71.04,75.77,C,1,66,61.0,92.0,36.0
Female,22.0,CS,56.45,60.21,74.92,54.78,91.42,5.15,85.52,56.62,B,0,22,72.0,66.0,74.0
Male,24.0,Engineering,95.51,78.24,94.9,69.87,65.01,9.96,88.84,78.96,B,0,51,100.0,87.0,100.0
Male,24.0,Business,52.18,72.14,61.89,97.19,81.77,1.6,69.36,98.06,D,0,54,64.0,75.0,63.0
Female,23.0,BUSINESS,99.97,75.76,98.96,95.42,55.4,5.37,84.56,87.47,F,0,29,99.0,61.0,43.0
Female,21.0,CS,78.62,68.32,74.55,73.3,98.5,2.13,62.9,62.2,C,0,51,89.0,60.0,72.0
Female,20.0,Business,71.27,56.66,98.4,52.94,52.91,4.53,91.6,72.13,D,1,32,82.0,54.0,87.0
Female,23.0,Engineering,87.2,97.17,41.62,58.91,71.91,1.71,80.49,71.27,A,0,58,52.0,45.0,35.0
Female,24.0,Business,98.29,45.18,83.68,68.88,76.84,,88.76,54.9,B,1,20,49.0,84.0,44.0
Male,20.0,CS,61.46,96.33,89.0,62.55,89.52,2.11,73.86,94.29,F,0,63,96.0,59.0,43.0
Female,,Engineering,57.18,58.67,43.19,,56.06,3.2,61.46,69.07,D,0,21,53.0,54.0,74.0
Female,24.0,CS,95.64,70.76,74.74,83.69,72.04,1.35,71.46,74.71,A,0,19,67.0,65.0,41.0
Male,21.0,Engineering,83.45,,88.12,79.07,64.99,8.09,69.07,64.56,B,1,48,90.0,40.0,73.0
Male,21.0,CS,52.54,44.26,73.66,64.56,65.6,2.21,66.64,57.62,D,0,83,79.0,28.0,40.0
Male,24.0,CS,65.48,65.77,43.83,88.95,88.94,4.17,60.61,95.11,B,0,8,56.0,100.0,64.0
Female,20.0,CS,87.28,84.5,81.61,88.8,50.27,0.16,87.96,51.87,A,1,75,71.0,58.0,61.0
Male,23.0,CS,88.65,56.16,43.64,74.55,87.45,1.05,54.32,69.99,B,0,18,75.0,68.0,81.0
Male,19.0,CS,95.99,73.74,89.05,54.83,90.52,8.96,94.38,86.53,A,0,47,62.0,43.0,84.0
Male,18.0,Engineering,71.34,56.72,42.58,95.92,95.07,8.37,58.75,65.44,A,1,24,78.0,52.0,51.0
Male,21.0,Computer Science,64.67,63.32,48.24,83.43,81.34,8.41,98.99,72.3,A,0,71,100.0,68.0,46.0
Female,24.0,Engineering,81.98,94.39,56.51,62.35,66.67,4.11,99.42,78.22,D,0,28,89.0,80.0,49.0
Female,19.0,CS,70.79,91.35,78.0,80.52,71.36,1.42,69.92,99.75,C,0,71,51.0,64.0,66.0
Female,21.0,Mathematics,79.73,70.96,98.58,70.25,98.49,1.08,99.39,87.92,F,0,34,83.0,98.0,74.0
Male,20.0,Mathematics,71.0,54.29,47.07,81.77,94.06,6.06,93.45,98.36,D,1,52,45.0,38.0,35.0
Male,24.0,CS,57.65,51.59,48.56,73.69,73.18,8.28,54.12,84.66,C,0,24,100.0,73.0,77.0
Male,19.0,Engineering,73.47,97.25,62.13,74.27,97.15,9.0,97.37,63.45,A,1,40,23.0,71.0,55.0
Male,24.0,CS,84.55,52.16,90.17,86.79,91.15,2.89,52.13,64.37,A,0,77,47.0,88.0,59.0
Male,23.0,Mathematics,89.96,88.49,68.03,62.04,95.05,3.21,59.1,91.12,A,1,74,90.0,44.0,96.0
Male,23.0,Engineering,74.67,62.14,59.3,54.0,84.15,1.01,79.23,71.39,A,1,56,67.0,76.0,91.0
Female,22.0,CS,58.26,99.14,73.67,53.27,92.88,7.74,54.04,68.51,F,1,74,86.0,81.0,60.0
Female,18.0,CS,70.73,62.09,55.63,65.25,94.59,2.76,58.09,97.25,F,0,42,90.0,63.0,59.0
Male,18.0,CS,89.31,61.09,64.07,71.51,54.6,4.81,97.67,50.66,B,0,69,89.0,49.0,68.0
Female,21.0,CS,70.64,78.25,59.96,63.76,98.26,9.29,99.73,76.25,D,1,97,70.0,67.0,97.0
Male,18.0,Engineering,84.83,97.69,88.25,61.1,66.68,7.52,89.91,88.75,F,0,59,59.0,98.0,85.0
Male,24.0,Engineering,75.36,98.57,95.46,59.76,,0.53,75.76,86.81,F,1,0,52.0,92.0,82.0
Female,24.0,CS,62.06,82.43,,91.36,89.6,0.08,95.02,68.38,B,0,42,82.0,74.0,43.0
Male,22.0,CS,89.81,85.28,66.35,88.66,83.24,7.87,,76.78,A,0,30,51.0,74.0,83.0
Female,23.0,CS,54.21,73.8,70.26,56.22,94.65,5.53,97.14,50.28,D,0,52,81.0,94.0,75.0
Male,19.0,CS,76.24,85.35,47.5,82.54,70.03,7.2,67.58,76.74,C,1,42,75.0,67.0,94.0
Male,19.0,Business,60.44,91.59,84.81,98.07,68.66,1.57,93.07,79.52,F,0,100,81.0,40.0,56.0
Female,23.0,CS,90.21,69.17,75.79,59.64,51.58,8.72,83.42,93.74,F,0,52,89.0,93.0,51.0
Male,20.0, engineering ,75.15,77.19,94.15,95.47,73.14,7.73,98.01,60.54,D,1,32,80.0,60.0,60.0
Male,23.0,CS,74.98,72.24,52.04,80.3,86.2,8.91,93.23,91.26,C,0,81,55.0,58.0,44.0
Male,19.0,CS,85.35,73.75,85.58,79.55,65.06,3.41,94.39,85.9,A,1,53,43.0,53.0,56.0
Female,21.0, engineering ,87.24,93.4,81.08,52.6,73.14,2.76,81.59,83.3,A,0,16,93.0,58.0,60.0
Male,22.0,Engineering,86.39,61.34,55.95,87.42,60.97,1.52,91.66,69.72,A,0,30,92.0,74.0,69.0
Male,23.0,Engineering,70.48,52.49,80.04,73.91,88.64,9.3,87.86,68.37,F,1,97,69.0,65.0,52.0
Male,20.0,Engineering,81.58,67.38,95.46,86.06,53.03,1.77,58.08,85.16,B,0,72,78.0,64.0,100.0
Female,21.0,Engineering,78.85,52.49,95.11,90.46,85.27,1.19,82.43,99.51,B,0,79,69.0,64.0,54.0
Female,23.0,Computer Science,71.08,69.9,83.18,76.19,68.95,1.93,57.41,70.27,D,0,50,57.0,52.0,79.0
Female,21.0, engineering ,65.47,94.21,42.88,63.18,52.08,7.71,93.47,95.93,C,1,56,97.0,86.0,59.0
Female,23.0,Engineering,97.36,77.05,92.34,57.08,92.67,8.9,53.3,79.33,B,0,41,74.0,59.0,92.0
Female,21.0,CS,59.64,91.33,79.47,58.03,74.39,8.11,99.35,93.41,F,1,21,79.0,52.0,68.0
Male,24.0, engineering ,91.48,49.97,58.63,93.35,79.97,5.63,70.03,60.86,D,0,28,73.0,29.0,77.0
Female,18.0,CS,52.67,94.05,51.24,69.54,86.6,9.94,58.53,88.11,D,0,38,39.0,51.0,74.0
Female,21.0,CS,65.42,76.11,46.97,69.23,82.75,0.69,96.78,91.75,D,0,67,51.0,55.0,70.0
Male,24.0,Engineering,79.56,41.91,43.01,66.71,86.54,8.67,52.27,91.61,A,0,53,69.0,54.0,65.0
Female,18.0,Business,81.32,77.99,85.25,93.27,88.11,4.28,73.51,89.24,F,0,6,46.0,64.0,30.0
Male,19.0,Business,56.56,97.08,54.15,73.88,79.46,4.55,88.51,65.21,F,0,76,97.0,51.0,79.0
Female,18.0,CS,73.22,44.75,41.46,55.92,68.28,1.28,65.84,76.1,B,1,40,90.0,40.0,79.0
Male,21.0,Engineering,91.43,74.95,63.84,86.85,62.16,0.33,76.44,64.99,A,0,81,63.0,95.0,43.0
Male,22.0,Engineering,55.95,94.93,68.96,92.55,95.15,3.17,85.02,67.15,C,0,78,60.0,82.0,83.0
Female,22.0,CS,72.92,40.58,50.15,54.93,98.5,1.75,97.6,65.06,A,0,24,100.0,57.0,90.0
Female,19.0,Business,96.65,77.85,42.64,62.66,67.88,4.83,55.14,64.21,B,1,65,97.0,16.0,62.0
Male,21.0,Business,91.54,68.49,51.35,56.77,55.62,1.47,57.86,84.67,A,0,84,70.0,62.0,64.0
Male,18.0,Mathematics,74.97,60.82,80.75,73.18,,1.38,75.44,82.51,D,1,21,69.0,47.0,95.0
Male,22.0,CS,85.09,77.65,,95.33,83.53,8.77,70.92,60.21,A,0,75,86.0,63.0,77.0
Male,23.0,CS,78.35,43.16,73.3,58.45,58.65,9.21,70.54,84.58,D,0,62,52.0,58.0,82.0
Male,20.0,Business,79.4,85.18,48.78,56.51,89.01,9.64,64.85,64.55,B,0,9,78.0,74.0,57.0
Male,21.0,Engineering,66.55,40.27,51.74,80.73,96.15,6.81,78.03,60.09,B,1,67,100.0,30.0,56.0
Male,24.0,Business,73.1,58.42,63.58,61.52,98.18,7.71,94.16,87.36,A,0,46,70.0,71.0,77.0
Female,24.0,CS,91.55,70.24,46.05,73.97,50.47,8.36,58.05,68.14,D,1,29,89.0,37.0,47.0
Male,23.0,Engineering,67.87,62.62,50.39,52.56,97.91,6.59,,78.47,B,1,95,85.0,84.0,46.0
Female,23.0,Engineering,84.79,58.45,60.94,84.03,87.01,3.3,83.54,60.01,C,0,63,23.0,54.0,52.0
Female,21.0,CS,68.13,89.85,59.78,77.07,54.2,1.56,52.81,80.68,A,0,71,96.0,90.0,85.0
Male,20.0,Engineering,98.15,96.09,84.96,82.37,,2.37,83.69,60.4,B,0,42,24.0,30.0,51.0
Male,22.0,Engineering,77.79,92.42,44.49,63.77,85.0,8.4,65.72,58.34,A,1,51,78.0,69.0,77.0
Female,20.0,CS,80.33,71.35,91.63,63.93,97.83,6.96,67.89,69.33,A,0,35,53.0,86.0,63.0
Male,19.0,CS,59.29,93.05,88.97,90.07,58.21,4.56,70.28,89.5,F,1,27,86.0,83.0,100.0
Male,18.0,Engineering,84.77,95.25,85.96,58.3,56.39,0.29,67.48,58.83,B,0,26,100.0,59.0,75.0
Female,18.0,Engineering,53.53,64.55,58.56,78.99,73.62,2.66,92.06,55.85,F,1,23,100.0,95.0,26.0
Female,23.0,Business,64.23,57.01,89.37,81.41,98.4,7.29,97.3,51.58,B,0,19,100.0,97.0,96.0
Female,22.0,CS,83.42,45.9,50.97,54.7,98.57,5.12,77.4,70.8,B,1,9,66.0,52.0,55.0
Male,20.0,CS,65.52,68.75,,66.7,61.4,4.36,79.09,64.1,D,0,85,55.0,95.0,34.0
Male,23.0,Mathematics,52.49,96.78,42.7,88.5,65.97,,53.52,64.61,F,0,63,76.0,89.0,63.0
Female,21.0,Mathematics,91.59,73.65,96.36,79.52,95.4,6.07,85.66,99.1,B,0,21,86.0,67.0,65.0
 MALE ,23.0,CS,65.52,80.05,58.48,,86.74,9.66,79.2,59.71,F,0,43,66.0,59.0,83.0
Female,21.0,Business,53.16,46.77,95.06,,98.62,9.01,52.52,72.92,D,1,78,86.0,46.0,51.0
Male,21.0,CS,53.74,48.61,56.36,84.33,94.66,0.3,59.92,99.32,C,0,83,88.0,67.0,50.0
Female,19.0,CS,,67.87,94.45,98.15,60.75,4.81,60.1,51.53,C,0,0,59.0,41.0,41.0
Male,19.0,CS,58.9,97.08,94.24,65.5,87.99,3.29,58.55,84.83,D,0,86,77.0,94.0,80.0
Female,21.0,CS,88.72,61.65,95.42,50.76,52.43,5.11,82.93,68.55,A,1,8,30.0,65.0,100.0
Male,22.0,Business,66.08,92.65,69.77,86.74,90.89,6.06,96.42,95.3,F,0,18,71.0,78.0,66.0
Male,19.0,Business,90.23,47.22,91.96,50.35,80.08,2.0,88.15,95.6,A,0,85,48.0,71.0,84.0
Female,19.0,Mathematics,,77.02,97.05,93.63,97.81,7.82,73.87,69.36,F,1,45,43.0,59.0,55.0
Male,18.0,Business,74.64,76.04,59.48,52.82,98.0,4.75,70.2,61.07,A,1,92,84.0,89.0,71.0
Male,23.0,Engineering,84.4,91.59,65.13,82.64,52.54,9.92,69.32,71.4,F,0,8,66.0,96.0,63.0
Female,18.0,Engineering,82.6,40.2,83.15,68.86,58.03,0.25,80.06,98.27,B,1,17,58.0,60.0,38.0
Male,22.0,Mathematics,80.06,51.4,58.02,60.17,74.21,1.9,67.96,64.07,B,1,98,56.0,47.0,59.0
Male,19.0,Business,83.26,53.18,85.23,93.36,93.97,6.9,61.31,99.07,A,0,14,75.0,73.0,75.0
Male,24.0,BUSINESS,61.43,97.0,44.43,87.31,90.72,6.95,80.14,90.97,D,1,46,22.0,93.0,57.0
Female,19.0,Mathematics,74.69,49.22,71.41,67.02,98.22,5.82,69.54,63.37,C,0,64,73.0,96.0,47.0
Female,20.0,CS,94.2,42.22,47.34,64.21,80.9,9.72,50.71,89.55,A,0,70,90.0,51.0,61.0
Female,22.0,Business,53.89,72.07,57.6,86.8,62.83,4.15,51.11,52.49,C,1,89,68.0,38.0,100.0
Female,24.0,Business,52.79,71.71,55.52,91.83,51.26,4.17,63.71,77.4,C,1,37,49.0,10.0,58.0
Female,23.0,Mathematics,61.67,90.64,90.34,85.79,61.15,9.1,75.62,67.87,D,0,66,87.0,58.0,83.0
Male,23.0,CS,69.41,96.93,51.61,,83.76,5.38,67.71,71.35,F,0,66,54.0,42.0,62.0
Male,24.0,Engineering,62.99,72.31,88.51,61.4,96.31,3.54,51.2,73.64,A,0,70,73.0,68.0,63.0
Female,23.0,Engineering,59.51,95.8,87.64,92.64,66.05,7.19,61.16,75.14,D,0,24,58.0,59.0,66.0
Male,24.0,CS,72.94,83.51,69.93,,93.79,6.2,54.82,82.82,C,0,30,83.0,73.0,73.0
Male,22.0,Engineering,80.68,55.87,54.03,75.86,69.74,3.06,97.43,84.84,A,1,100,64.0,52.0,70.0
Male,24.0,CS,62.43,95.71,53.61,75.58,65.41,2.98,65.64,98.79,B,0,63,54.0,56.0,86.0
Male,24.0,CS,93.93,80.05,67.9,78.46,75.44,3.96,50.74,88.14,F,0,87,55.0,63.0,43.0
Female,20.0,Engineering,80.68,64.85,40.53,91.41,72.11,0.72,83.03,84.39,C,0,37,62.0,88.0,51.0
Female,20.0,Engineering,97.29,80.81,71.88,87.11,95.69,9.43,61.62,69.62,B,1,44,75.0,66.0,39.0
Male,18.0,Engineering,62.39,64.08,,92.81,73.41,1.83,78.34,55.89,A,1,32,59.0,55.0,82.0
Male,22.0,Engineering,89.15,46.85,49.28,75.36,63.87,1.94,57.54,52.94,B,1,51,100.0,79.0,69.0
Female,22.0,CS,74.96,83.14,74.4,81.23,92.13,6.47,99.2,73.88,C,0,39,85.0,54.0,44.0
Male,20.0,CS,63.61,89.45,97.71,92.73,99.94,7.24,98.51,83.41,A,1,64,68.0,78.0,32.0
Male,21.0,CS,72.71,83.73,91.63,61.62,82.41,7.37,82.8,82.51,A,1,43,91.0,71.0,100.0
Male,21.0,CS,90.36,53.75,91.02,72.2,62.52,3.75,85.36,97.64,A,1,65,76.0,91.0,35.0
Female,18.0,Engineering,72.81,97.4,89.31,81.03,61.94,8.73,71.29,69.12,D,0,55,48.0,62.0,82.0
Female,21.0,BUSINESS,92.34,41.52,58.54,58.43,52.89,5.44,98.11,81.39,A,0,13,42.0,84.0,50.0
Male,21.0,CS,99.44,59.96,93.44,50.79,53.86,4.39,71.19,94.39,A,0,33,81.0,100.0,26.0
Male,21.0,CS,53.6,55.61,96.48,60.63,95.75,8.1,61.97,70.2,F,0,40,80.0,52.0,60.0
Male,19.0,Business,83.46,42.89,69.75,59.41,54.82,2.44,55.77,73.89,B,1,52,17.0,86.0,73.0
Male,18.0,CS,57.48,64.34,61.27,66.33,74.22,8.6,60.41,96.15,F,0,25,100.0,48.0,81.0
Male,20.0,Mathematics,80.22,77.39,64.85,64.09,84.91,5.39,78.61,77.51,A,1,49,68.0,68.0,64.0
Male,21.0,Business,56.55,92.95,60.05,79.51,92.52,9.0,62.25,89.98,D,1,50,32.0,68.0,64.0
Female,23.0,CS,93.53,99.38,52.75,94.28,58.56,2.02,82.71,96.78,A,0,59,72.0,68.0,99.0
Female,24.0,CS,51.16,88.49,77.11,81.85,71.89,9.36,69.11,78.55,F,1,49,34.0,52.0,58.0
Male,,Engineering,65.79,68.12,73.76,62.08,62.57,6.88,94.34,55.46,A,0,31,57.0,47.0,60.0
Female,21.0,CS,59.23,83.42,67.76,93.19,62.79,6.18,77.92,91.08,F,1,91,27.0,96.0,49.0
Male,24.0,CS,96.58,90.62,45.75,81.6,65.19,,81.13,90.89,A,0,11,54.0,90.0,41.0
Male,24.0,CS,83.47,67.92,87.81,60.95,79.36,9.56,77.83,55.75,B,0,20,70.0,79.0,94.0
Female,19.0,Business,95.6,87.1,50.5,68.08,50.83,4.44,94.28,77.41,B,1,19,74.0,86.0,100.0
Female,18.0,Engineering,98.62,68.96,46.87,89.5,70.44,4.99,53.17,74.35,A,0,22,56.0,58.0,59.0
Male,23.0,CS,74.85,63.19,77.38,86.95,59.34,7.81,53.37,92.36,A,1,87,100.0,100.0,71.0
Male,23.0,Engineering,61.72,71.57,63.92,78.83,98.36,2.85,85.09,63.73,D,0,31,54.0,45.0,36.0
Female,23.0,Engineering,59.69,80.55,43.59,57.24,79.14,2.91,88.4,71.31,D,0,53,44.0,67.0,55.0
Female,21.0,Engineering,61.15,83.61,61.33,90.16,93.4,7.75,71.68,80.24,F,1,75,89.0,81.0,76.0
Male,19.0,CS,85.43,61.4,86.31,65.38,59.78,1.29,67.62,75.86,A,1,40,52.0,82.0,46.0
Male,23.0,Engineering,52.02,74.28,76.91,88.58,90.5,8.23,63.9,97.75,F,0,66,78.0,66.0,65.0
Male,24.0,Mathematics,52.57,94.59,61.77,82.38,70.74,6.25,61.72,98.03,C,0,10,84.0,76.0,47.0
Female,24.0,CS,80.41,98.58,51.51,63.21,58.88,5.39,95.6,54.08,B,0,55,83.0,63.0,32.0
Male,22.0,CS,82.1,53.63,77.91,60.62,88.06,2.29,64.76,64.89,A,0,0,46.0,66.0,43.0
Female,22.0,CS,83.26,51.57,93.25,56.55,88.1,7.86,82.4,50.38,F,0,69,88.0,67.0,89.0
Male,19.0,CS,68.59,80.6,78.78,62.1,99.79,8.05,89.35,70.89,B,0,44,60.0,73.0,84.0
Female,21.0,CS,84.06,64.88,88.77,57.89,89.05,4.83,51.1,83.11,B,0,29,83.0,74.0,44.0
Female,21.0,BUSINESS,76.68,41.45,71.29,80.85,,3.89,51.69,73.56,F,1,66,80.0,37.0,92.0
Female,18.0,Mathematics,55.27,60.81,83.08,79.94,66.13,2.46,66.66,53.36,F,0,92,70.0,73.0,69.0
Female,18.0,CS,54.82,88.4,93.77,50.64,72.59,7.54,84.8,59.8,F,0,55,78.0,78.0,81.0
Male,23.0,Engineering,97.65,87.85,,82.09,56.33,6.39,63.04,58.66,B,0,82,97.0,49.0,9.0
Female,20.0,Engineering,53.0,69.68,94.59,90.74,,2.07,50.07,75.56,D,0,66,82.0,78.0,47.0
Female,24.0,Engineering,69.57,68.35,65.87,95.68,76.33,7.94,64.41,83.88,D,1,40,100.0,86.0,86.0
Female,18.0,Engineering,74.38,74.77,94.25,61.52,,8.82,54.51,65.82,B,0,63,100.0,44.0,51.0
Male,21.0,CS,57.32,53.16,77.29,80.99,79.47,0.59,60.97,56.52,F,0,35,100.0,88.0,96.0
Male,24.0,Engineering,93.39,71.56,92.2,53.92,76.14,7.72,66.66,89.93,B,0,56,74.0,65.0,46.0
Male,20.0,Engineering,60.78,40.66,42.36,56.01,53.57,8.53,56.4,92.92,F,0,52,87.0,88.0,21.0
Male,18.0,Business,89.15,68.53,79.47,82.72,57.47,9.92,85.32,63.82,A,0,23,81.0,48.0,51.0
Male,19.0,Business,83.55,60.16,90.88,74.33,92.48,2.38,62.8,71.04,D,0,64,61.0,55.0,49.0
Male,22.0,CS,79.9,80.49,50.45,91.77,99.53,,83.05,54.1,F,0,24,81.0,10.0,90.0
Female,18.0,CS,59.61,78.3,79.71,71.28,70.76,9.66,79.95,61.38,C,0,51,80.0,55.0,68.0
Female,18.0,Mathematics,61.04,62.85,89.5,56.38,90.5,0.94,94.9,88.35,C,0,49,32.0,82.0,45.0
Female,19.0,Engineering,61.53,40.44,57.28,93.6,81.38,5.24,54.4,68.26,A,0,54,76.0,36.0,95.0
Male,21.0,Business,62.04,55.14,64.31,54.14,97.95,5.07,60.73,80.23,B,1,71,100.0,63.0,36.0
Female,23.0,CS,67.27,78.0,74.17,59.45,61.91,6.07,93.26,97.31,C,0,93,84.0,91.0,81.0
Female,19.0,Engineering,98.82,44.34,71.15,63.85,77.24,3.31,91.11,86.18,F,0,94,77.0,70.0,82.0
Male,23.0, engineering ,68.32,,42.35,99.76,70.44,9.26,59.61,72.67,C,0,78,62.0,100.0,41.0
Female,18.0,Business,87.73,78.82,45.92,70.84,77.09,2.7,55.39,68.34,B,1,49,99.0,71.0,73.0
Male,21.0,CS,62.59,85.35,46.03,75.09,63.44,6.5,92.81,59.53,F,0,53,60.0,79.0,44.0
Female,20.0,CS,89.24,59.29,55.74,88.48,74.89,4.96,58.91,87.81,A,1,68,61.0,39.0,65.0
Male,18.0,Engineering,98.81,69.38,54.75,81.82,81.24,2.67,93.56,55.62,A,0,77,47.0,56.0,100.0
Male,19.0,Business,61.99,96.74,84.53,92.07,54.06,1.89,98.06,53.07,A,0,28,71.0,59.0,61.0
Male,20.0,Mathematics,59.75,96.73,74.36,74.32,87.15,9.57,61.04,55.24,A,0,0,60.0,72.0,49.0
Female,22.0,Mathematics,81.09,58.45,85.84,98.61,85.33,5.61,92.02,62.15,F,0,33,70.0,35.0,66.0
Female,20.0,Math,90.86,88.6,44.19,89.84,94.02,6.04,71.19,81.36,A,0,38,92.0,68.0,88.0
Male,19.0,CS,82.58,75.64,69.11,70.07,71.29,7.83,89.44,93.07,A,0,34,98.0,71.0,58.0
Male,24.0,CS,99.13,98.53,59.43,69.06,53.08,0.81,70.37,99.63,B,1,76,60.0,72.0,79.0
Female,20.0,CS,61.4,68.66,91.0,96.47,73.07,7.14,53.52,86.57,D,1,84,65.0,62.0,21.0
Female,19.0,CS,53.5,86.48,82.47,90.82,56.88,1.65,85.63,57.3,D,1,60,84.0,68.0,17.0
Male,24.0,Business,76.78,86.09,92.16,56.49,82.37,7.4,57.53,63.89,B,0,51,81.0,68.0,50.0
Female,18.0,Business,99.52,69.85,42.79,87.89,52.36,1.41,96.35,56.6,B,0,52,47.0,63.0,9.0
Female,24.0,CS,86.9,87.74,83.25,90.29,68.7,8.32,70.89,55.78,A,0,5,79.0,74.0,70.0
Female,21.0,Engineering,66.37,55.66,72.4,57.96,54.14,6.81,54.1,78.39,A,1,91,44.0,48.0,51.0
Male,22.0,Math,91.36,47.34,89.5,65.96,50.17,3.86,61.42,95.34,B,1,81,76.0,66.0,37.0
Male,24.0, engineering ,88.45,65.51,70.43,56.45,98.03,3.59,93.13,84.22,A,1,31,52.0,70.0,64.0
Female,21.0,CS,64.08,96.62,72.41,50.91,99.81,1.49,66.05,90.03,B,0,87,74.0,97.0,23.0
Male,21.0,Engineering,50.72,70.04,43.11,71.87,77.78,9.04,92.82,75.4,C,1,34,89.0,94.0,61.0
Female,21.0,CS,55.91,78.12,80.11,87.79,61.95,1.19,58.61,73.77,F,1,76,72.0,48.0,65.0
Female,24.0,Engineering,93.87,77.45,56.39,58.21,95.55,4.72,73.41,96.87,A,0,46,65.0,51.0,89.0
Male,19.0,Engineering,91.83,47.95,41.18,53.23,96.15,2.37,93.91,86.1,A,0,93,84.0,71.0,69.0
Male,19.0,CS,64.76,63.42,43.99,91.8,,9.96,52.42,72.97,F,0,27,57.0,88.0,76.0
Male,22.0,Math,64.26,82.42,97.44,82.27,77.22,5.86,65.21,66.63,C,0,10,81.0,57.0,72.0
Female,19.0,Engineering,89.64,,60.76,58.83,53.74,1.5,95.49,54.66,B,0,68,65.0,27.0,92.0
Female,23.0,Engineering,96.89,50.08,92.08,90.32,54.42,6.68,79.83,91.05,B,0,91,87.0,66.0,97.0
Male,19.0,Mathematics,88.96,64.63,97.58,82.91,94.83,9.92,85.81,58.47,B,1,54,79.0,58.0,37.0
Male,19.0,CS,80.28,45.71,96.6,66.71,93.79,6.05,92.11,75.75,A,1,56,71.0,62.0,49.0
Male,19.0,CS,62.13,54.54,92.9,68.81,71.72,4.57,76.18,81.86,F,0,26,17.0,89.0,77.0
Female,18.0,Business,76.29,62.61,93.69,57.79,66.41,2.93,92.27,87.2,F,1,96,68.0,31.0,43.0
Female,22.0,CS,61.68,72.44,57.34,91.76,82.21,0.92,81.94,54.17,B,0,79,96.0,59.0,98.0
Female,23.0,Business,90.4,53.83,49.09,75.45,90.35,2.28,84.28,50.53,A,0,42,55.0,64.0,85.0
Male,19.0,CS,69.35,53.65,78.36,77.85,86.58,5.54,57.64,85.3,C,0,31,17.0,87.0,76.0
Male,22.0,CS,91.68,86.67,69.29,94.17,80.78,7.54,96.95,72.72,A,0,17,72.0,86.0,81.0
Female,20.0,Engineering,69.08,97.76,45.92,50.79,61.58,8.78,89.8,59.06,A,1,94,100.0,60.0,63.0
Male,18.0,CS,91.21,59.42,80.65,53.35,63.13,7.94,62.71,99.1,B,0,21,64.0,54.0,22.0
Male,24.0,Business,66.67,81.28,73.77,58.08,86.2,1.25,79.0,89.57,B,0,34,82.0,78.0,100.0
Male,19.0,Engineering,61.43,55.48,91.78,51.5,90.13,7.73,68.82,78.93,D,1,73,62.0,52.0,87.0
Male,23.0,Mathematics,69.3,95.68,76.55,81.53,55.81,5.82,83.02,85.11,F,0,33,58.0,96.0,55.0
Female,18.0,Business,53.51,80.37,74.44,81.69,,4.69,99.69,57.75,F,1,41,68.0,61.0,57.0
Male,23.0,Computer Science,97.41,88.16,66.45,60.54,84.02,5.73,52.29,98.11,A,1,46,71.0,81.0,49.0
Female,24.0,Business,78.68,42.96,67.77,57.47,69.45,0.08,97.63,99.82,F,1,22,75.0,41.0,68.0
Female,24.0,Engineering,,75.91,97.26,,78.16,0.68,53.62,82.42,F,0,63,72.0,100.0,44.0
Male,18.0,Engineering,91.97,71.66,48.31,78.85,80.74,5.26,73.04,83.42,A,0,63,66.0,83.0,67.0
Female,20.0,Business,93.29,57.58,66.77,84.68,88.81,1.74,74.11,85.22,A,0,46,90.0,56.0,86.0
Female,22.0,Engineering,76.11,55.75,79.35,79.27,90.29,,63.44,83.29,D,0,65,96.0,71.0,42.0
Male,18.0,Engineering,96.36,74.8,65.98,66.12,64.0,3.54,,71.93,A,0,51,72.0,51.0,64.0
Female,21.0,Engineering,53.24,82.39,56.99,71.65,77.06,9.07,91.7,77.03,D,0,35,60.0,85.0,72.0
Female,24.0,CS,55.66,41.99,57.24,54.47,56.18,9.5,64.7,64.14,C,1,13,47.0,50.0,86.0
Female,20.0,CS,95.93,74.04,54.02,99.91,92.1,9.8,53.52,72.34,D,0,28,71.0,66.0,58.0
Female,24.0,Engineering,67.7,50.23,60.63,87.75,92.27,8.99,81.61,71.81,C,0,43,64.0,49.0,31.0
Female,21.0,CS,73.21,48.42,92.3,81.07,64.98,9.86,87.59,64.41,A,0,100,34.0,58.0,80.0
Female,20.0,CS,66.4,77.39,70.31,79.39,58.03,7.06,97.73,89.34,D,1,62,95.0,89.0,74.0
Female,24.0,CS,70.24,58.65,54.41,75.22,53.5,9.61,57.98,70.48,D,0,52,81.0,94.0,75.0
Female,21.0,Engineering,91.13,66.45,63.07,62.87,78.75,6.42,95.07,77.59,A,0,31,80.0,98.0,72.0
Male,21.0,CS,79.67,61.6,46.35,61.32,54.57,8.09,74.11,57.8,D,1,78,80.0,73.0,28.0
Male,,Business,99.87,78.9,94.24,54.74,84.03,1.32,61.79,73.75,B,0,53,76.0,42.0,76.0
Male,24.0,CS,89.34,68.21,64.49,53.51,83.91,6.83,98.14,88.07,A,1,49,100.0,50.0,68.0
Female,23.0,Engineering,63.68,97.81,98.82,53.72,80.7,9.31,61.92,72.23,D,0,36,81.0,45.0,82.0
Female,18.0,Engineering,63.22,61.14,60.85,78.04,93.83,5.4,86.67,77.89,A,0,31,41.0,68.0,46.0
Female,,Engineering,66.79,84.42,90.18,95.99,68.91,1.87,89.24,85.09,F,1,72,58.0,81.0,91.0
Male,20.0,CS,75.37,55.44,55.38,95.71,95.11,5.27,71.53,69.45,D,0,66,91.0,77.0,95.0
Male,22.0,Mathematics,51.36,70.53,44.57,50.54,51.85,7.07,84.5,67.66,D,0,31,42.0,50.0,93.0
Male,24.0,Mathematics,61.51,73.15,,55.37,55.64,7.7,78.62,54.29,C,0,31,87.0,67.0,91.0
Female,23.0,Business,95.25,59.75,76.37,79.15,70.61,5.24,59.6,79.11,A,0,89,74.0,59.0,95.0
Male,18.0,Mathematics,81.99,68.31,58.69,92.42,79.7,2.17,87.99,85.35,F,0,19,89.0,54.0,9.0
Male,18.0,Engineering,61.34,56.76,66.61,97.72,51.62,9.27,96.4,79.06,A,0,79,46.0,96.0,50.0
Female,23.0, engineering ,60.96,40.36,89.12,93.03,78.37,7.74,74.43,64.18,D,0,47,75.0,53.0,81.0
Male,19.0,Business,93.13,52.94,54.89,83.88,65.37,2.71,99.72,63.12,B,0,67,58.0,79.0,96.0
Female,,Engineering,94.69,82.0,58.52,60.03,94.36,8.12,71.4,57.97,B,1,8,61.0,82.0,66.0
Male,18.0,Business,62.81,86.26,90.72,53.63,76.66,3.48,73.99,52.35,F,0,32,99.0,100.0,54.0
Female,22.0,Business,71.03,56.81,69.57,52.38,79.39,3.12,83.69,71.34,A,0,43,97.0,96.0,62.0
Female,19.0,Mathematics,91.73,64.48,89.66,50.34,,8.63,59.29,58.03,B,1,41,100.0,74.0,80.0
Female,21.0,CS,88.55,42.24,62.47,51.81,88.21,8.73,95.1,84.54,A,1,35,100.0,68.0,26.0
Female,23.0,BUSINESS,90.7,54.22,63.9,86.96,71.91,3.98,90.06,98.09,B,0,82,35.0,100.0,39.0
Female,21.0,Engineering,75.92,86.75,50.03,85.62,73.84,0.09,93.62,53.67,D,0,61,74.0,13.0,62.0
Male,19.0,Engineering,95.58,76.36,94.98,69.29,82.4,1.87,80.48,94.65,A,0,44,69.0,97.0,33.0
Female,19.0,CS,66.3,52.35,93.81,95.33,60.01,9.09,94.19,82.89,F,0,79,84.0,64.0,68.0
Female,19.0,Business,57.83,55.45,99.05,90.0,54.43,8.99,84.0,93.01,D,0,43,90.0,51.0,70.0
Female,20.0,Mathematics,85.44,89.01,64.15,95.22,65.56,4.53,75.58,57.75,A,0,50,48.0,59.0,96.0
Female,23.0,CS,76.97,,89.12,95.08,88.92,3.04,96.59,95.32,D,0,93,43.0,62.0,78.0
Male,24.0,Engineering,92.73,60.05,64.9,59.85,62.87,,71.99,97.89,A,0,61,77.0,96.0,79.0
Female,22.0,CS,54.06,79.86,67.26,69.03,56.54,8.97,75.03,95.34,F,1,42,75.0,73.0,55.0
Male,,Mathematics,92.18,73.67,89.8,56.73,60.95,3.25,58.48,89.27,A,0,29,64.0,59.0,94.0
Female,21.0,Engineering,64.66,67.65,50.64,,83.95,5.12,97.38,54.52,D,0,13,44.0,46.0,73.0
Female,21.0,CS,82.74,,53.22,75.21,80.7,7.31,61.05,61.04,A,0,91,69.0,72.0,40.0
Male,24.0,CS,52.01,53.18,58.88,81.48,84.42,2.09,60.07,95.66,D,1,23,98.0,81.0,99.0
Male,21.0,Engineering,80.48,84.49,87.29,70.09,66.1,2.54,55.06,61.47,D,1,26,76.0,76.0,45.0
Male,23.0,CS,85.86,49.54,62.36,60.69,95.04,3.58,72.67,67.39,B,0,25,72.0,73.0,87.0
Female,18.0, engineering ,68.44,76.94,61.49,99.46,72.59,6.54,63.68,52.52,F,0,47,89.0,85.0,68.0
Male,21.0,Mathematics,,92.24,99.93,,75.69,8.17,87.04,81.4,C,0,100,60.0,98.0,81.0
Female,19.0,Business,76.88,67.47,63.03,53.44,97.44,5.47,65.38,78.17,F,1,39,82.0,77.0,89.0
Male,21.0,CS,91.66,83.46,54.87,79.42,98.96,1.33,86.04,98.09,B,0,60,100.0,64.0,94.0
Male,19.0,Mathematics,66.18,89.22,77.39,58.99,83.08,4.46,59.8,94.62,A,1,84,100.0,57.0,100.0
Female,20.0,Engineering,62.62,48.16,88.11,51.53,97.24,1.28,61.5,75.3,D,0,14,76.0,89.0,71.0
Male,18.0,Computer Science,67.25,82.35,44.18,66.75,77.08,0.88,90.31,80.47,F,0,65,49.0,68.0,82.0
Male,18.0,CS,97.46,95.19,77.13,64.95,65.36,5.9,68.55,70.66,B,0,18,17.0,83.0,46.0
Female,24.0,CS,67.96,74.58,42.14,71.76,65.75,9.56,55.59,56.62,C,0,77,53.0,71.0,62.0
Female,23.0,Business,70.84,51.17,71.58,68.68,77.95,8.38,98.07,93.39,F,1,62,17.0,43.0,27.0
 FEMALE ,23.0,CS,67.62,47.62,55.42,86.65,80.25,7.74,58.87,77.48,D,1,66,67.0,57.0,100.0
Male,22.0,CS,84.96,55.58,58.4,50.81,71.98,7.27,57.51,71.27,A,0,12,46.0,66.0,9.0
Male,20.0,Business,56.43,46.21,68.03,50.74,94.19,8.97,67.92,53.42,D,0,72,68.0,82.0,51.0
Male,24.0, engineering ,99.25,70.8,95.63,51.47,71.33,7.53,54.78,83.27,A,1,25,97.0,82.0,55.0
Male,23.0,Business,80.4,44.18,,60.97,63.67,6.27,57.78,69.98,D,1,77,60.0,69.0,40.0
Male,19.0,Business,,53.4,96.21,68.7,50.4,,92.32,62.68,A,0,22,80.0,24.0,55.0
Female,20.0,CS,69.11,66.39,79.6,,,1.01,58.58,93.84,D,0,19,67.0,80.0,59.0
Male,18.0,BUSINESS,94.93,68.43,40.43,99.3,91.22,4.61,55.57,59.18,A,1,75,47.0,59.0,75.0
Female,19.0,CS,62.2,73.92,55.94,67.72,80.78,9.25,94.0,75.75,B,1,81,69.0,75.0,80.0
Male,24.0,Engineering,64.29,82.34,94.35,52.78,91.53,5.83,72.19,89.79,A,1,79,74.0,75.0,80.0
Female,24.0,Engineering,56.12,,78.61,59.75,90.51,1.85,57.86,92.45,C,1,93,94.0,49.0,77.0
Male,20.0,CS,87.96,44.84,98.9,94.89,96.59,6.49,79.08,90.94,A,1,29,92.0,98.0,58.0
Male,18.0,Mathematics,79.78,43.65,49.36,77.01,69.3,4.65,52.08,94.83,B,1,60,100.0,81.0,58.0
Female,23.0,Engineering,80.45,65.39,57.8,89.51,77.74,9.31,71.37,57.12,F,0,21,83.0,79.0,68.0
Male,19.0,CS,60.92,42.51,61.74,56.21,54.93,1.61,79.52,97.02,F,0,45,100.0,64.0,63.0
Female,19.0,Mathematics,82.56,84.76,59.59,55.86,98.27,7.12,97.86,50.54,D,0,86,84.0,62.0,72.0
Male,18.0,Engineering,88.27,53.38,55.12,55.61,99.26,6.82,66.32,62.8,B,1,63,91.0,76.0,95.0
Male,19.0,Engineering,67.89,96.35,66.61,92.86,89.45,9.84,88.25,54.2,F,1,28,53.0,75.0,51.0
Female,23.0,Engineering,90.07,69.18,78.54,60.5,72.71,5.65,56.63,97.28,A,0,37,45.0,71.0,69.0
Male,23.0,Business,67.44,66.78,58.68,82.16,74.83,8.72,71.68,71.2,F,0,71,41.0,97.0,80.0
Female,23.0,CS,87.91,86.83,44.78,75.81,71.77,0.25,61.16,65.76,A,0,44,83.0,60.0,38.0
Male,18.0,CS,51.69,82.79,,77.22,64.67,,74.62,58.35,D,0,47,79.0,90.0,54.0
Male,21.0,Engineering,83.44,76.44,67.54,59.77,76.39,3.46,70.86,57.79,D,1,54,56.0,57.0,26.0
Male,21.0,CS,98.48,96.11,73.39,81.76,52.67,6.19,98.99,80.7,A,0,48,75.0,58.0,50.0
Male,24.0,Business,99.06,65.34,67.32,52.16,99.59,4.49,95.87,52.35,B,1,77,78.0,52.0,63.0
Male,24.0,CS,64.09,88.51,93.42,99.67,71.2,2.03,79.11,79.72,C,1,36,60.0,79.0,74.0
Male,19.0,CS,72.07,62.81,73.52,51.34,96.37,5.89,58.83,88.73,D,0,30,79.0,90.0,41.0
 MALE ,23.0,CS,53.15,90.3,95.4,52.51,86.21,5.67,77.85,80.05,D,0,58,100.0,91.0,70.0
Female,19.0,Business,93.67,55.57,70.63,66.23,64.5,5.24,89.6,91.33,B,1,67,62.0,56.0,78.0
Male,18.0,BUSINESS,78.43,57.36,57.56,91.58,61.1,0.91,51.9,63.26,C,0,20,100.0,92.0,76.0
Male,19.0,CS,69.26,80.67,61.33,62.86,99.78,9.27,71.7,53.86,A,1,38,76.0,78.0,73.0
Male,22.0,Engineering,55.64,52.76,71.33,73.6,88.61,5.92,52.13,86.05,C,1,58,79.0,23.0,59.0
Female,21.0,CS,97.34,53.75,71.8,53.9,62.48,2.64,62.2,91.41,B,0,46,46.0,75.0,82.0
Female,19.0,Engineering,76.51,58.32,81.24,84.05,53.37,6.87,54.61,75.08,B,0,15,65.0,47.0,36.0
Male,19.0,CS,64.15,80.74,53.47,80.4,84.85,3.18,98.03,91.03,B,0,53,100.0,44.0,83.0
 MALE ,20.0,Engineering,67.51,93.36,79.53,59.15,65.15,5.06,58.44,72.9,B,0,67,58.0,49.0,58.0
Male,19.0,Engineering,63.53,80.47,86.72,84.71,61.07,3.41,57.51,59.93,C,0,54,67.0,54.0,55.0
Female,22.0,Mathematics,80.09,89.67,80.6,89.27,86.75,8.8,98.6,73.72,D,0,48,63.0,11.0,55.0
Male,21.0,CS,96.5,72.61,68.91,92.52,83.96,9.94,75.8,60.8,A,0,91,93.0,50.0,88.0
 FEMALE ,20.0,Business,50.98,44.14,99.5,56.69,74.07,1.61,87.9,73.6,A,1,65,85.0,63.0,61.0
Male,18.0,Engineering,73.02,46.03,64.29,72.78,97.13,0.24,66.37,57.38,B,1,21,84.0,32.0,25.0
Female,24.0,Mathematics,91.32,73.26,46.4,97.35,83.98,2.19,76.64,59.28,A,0,72,84.0,69.0,64.0
Female,18.0,CS,,59.67,89.29,88.6,94.67,5.9,50.34,94.15,F,0,66,78.0,73.0,46.0
Male,21.0,CS,62.62,53.23,52.73,55.85,59.53,1.74,70.44,55.79,F,1,73,41.0,74.0,84.0
Male,24.0,Business,99.17,67.98,82.8,75.13,64.83,8.11,77.75,61.21,A,1,58,63.0,64.0,69.0
Male,18.0,CS,65.19,79.99,50.74,96.12,55.23,4.09,75.72,99.78,A,0,85,33.0,72.0,43.0
Male,22.0,CS,66.19,63.1,41.01,72.0,65.23,6.11,70.29,78.8,A,0,23,86.0,95.0,44.0
Male,19.0,CS,99.48,88.15,49.59,91.87,98.59,4.56,89.4,79.29,B,0,66,40.0,61.0,90.0
Male,21.0,Business,56.7,84.31,62.62,74.79,,9.03,75.08,92.25,F,0,34,67.0,58.0,36.0
Male,24.0,CS,88.03,84.09,46.4,55.34,88.02,0.35,81.81,76.22,B,1,22,50.0,100.0,61.0
Female,20.0,Business,96.79,99.11,51.86,57.39,76.05,7.29,59.23,61.09,A,0,90,85.0,52.0,96.0
Male,19.0,Engineering,75.59,57.71,85.88,,89.04,6.52,93.08,71.12,C,0,44,83.0,57.0,24.0
Male,18.0,CS,50.13,78.68,86.19,59.77,77.67,6.5,68.14,87.75,D,0,58,80.0,35.0,54.0
Female,18.0,Engineering,68.75,91.33,89.05,94.68,50.18,,74.11,93.62,F,0,71,86.0,74.0,70.0
Male,20.0,CS,55.58,74.77,90.47,82.51,75.08,0.16,67.61,63.66,D,0,20,39.0,62.0,77.0
Male,22.0,Engineering,70.81,87.37,65.23,86.94,79.95,6.89,94.6,63.1,D,0,27,38.0,51.0,71.0
Male,20.0,Engineering,66.29,64.87,92.05,81.08,63.29,8.29,95.04,66.38,B,1,94,76.0,58.0,62.0
Male,21.0,Engineering,71.94,75.43,71.56,69.33,60.16,0.85,61.21,79.81,F,1,87,80.0,42.0,95.0
Female,20.0,CS,71.6,43.34,68.24,60.84,63.69,4.42,87.64,63.93,D,0,13,76.0,61.0,70.0
Female,18.0,Engineering,,99.15,83.11,96.28,81.18,1.63,55.14,94.66,D,0,61,71.0,66.0,83.0
Male,22.0,BUSINESS,79.08,88.0,52.83,75.74,57.3,6.11,51.49,98.9,A,0,28,22.0,10.0,60.0
Male,22.0,Business,92.81,92.13,87.37,74.05,86.02,7.86,91.83,83.96,A,1,100,69.0,69.0,28.0
Female,23.0,Business,65.42,,65.77,99.81,71.13,6.67,56.56,98.51,B,0,86,85.0,79.0,62.0
Male,20.0,CS,91.08,51.16,47.64,69.2,67.67,3.18,57.74,64.39,A,0,51,57.0,57.0,50.0
Female,21.0,Business,78.3,41.86,47.16,92.71,90.36,1.4,80.33,90.76,C,0,35,78.0,67.0,9.0
Female,18.0,CS,65.03,91.88,49.89,93.12,75.3,7.94,90.84,83.92,C,0,66,85.0,72.0,100.0
Female,19.0,CS,64.76,63.78,93.43,61.63,68.92,3.24,59.48,63.16,A,0,82,56.0,33.0,41.0
Male,22.0,Business,68.06,55.83,99.46,54.74,93.91,0.22,55.71,65.92,D,1,31,55.0,73.0,81.0
Male,20.0,Mathematics,81.13,73.7,61.42,70.12,68.41,5.71,53.87,74.43,F,0,34,80.0,54.0,79.0
Male,23.0,Engineering,61.54,65.25,57.53,71.29,92.95,2.47,51.24,89.58,C,0,31,63.0,73.0,100.0
Female,21.0,CS,96.02,79.1,53.13,50.11,75.21,8.41,55.82,93.61,A,0,38,100.0,56.0,29.0
Male,21.0,CS,78.75,69.03,89.43,74.95,60.4,1.43,97.13,81.7,B,0,45,55.0,53.0,60.0
Male,,Engineering,96.0,81.83,52.55,80.97,80.64,4.35,54.76,86.08,A,1,28,100.0,70.0,52.0
 FEMALE ,18.0,BUSINESS,52.32,91.21,95.45,88.8,64.27,2.53,79.88,63.19,C,0,64,82.0,65.0,74.0
Male,22.0,Computer Science,67.13,51.73,80.04,97.15,57.36,6.9,96.05,87.05,C,0,92,53.0,58.0,9.0
Male,18.0,Business,51.14,59.77,93.83,98.16,54.33,5.49,81.39,80.25,C,0,11,62.0,82.0,79.0
Male,23.0,CS,63.61,66.21,73.24,97.01,62.08,7.91,51.64,61.15,F,0,81,50.0,78.0,58.0
Female,19.0,Business,93.1,97.72,81.44,51.61,86.83,4.59,79.82,97.51,A,0,13,73.0,72.0,50.0
Male,19.0,Mathematics,51.83,61.92,77.17,85.59,91.9,0.05,95.15,75.64,D,1,56,100.0,100.0,64.0
Female,19.0,Engineering,71.81,62.87,89.87,61.54,93.09,2.15,66.13,89.72,B,1,38,66.0,50.0,58.0
Female,21.0,CS,55.88,79.21,90.15,59.38,63.51,9.99,65.68,76.28,D,1,58,51.0,67.0,98.0
Female,22.0,Business,70.84,,75.39,90.02,83.05,4.05,62.44,96.65,D,0,23,91.0,55.0,27.0
Male,18.0,Engineering,91.94,97.07,77.95,70.86,61.52,6.2,75.28,57.06,A,1,26,17.0,57.0,43.0
Male,18.0, engineering ,81.15,93.67,95.31,95.83,81.14,9.05,61.9,77.31,F,0,95,78.0,83.0,95.0
Male,23.0,Engineering,86.84,70.8,95.79,52.12,94.36,0.21,86.19,51.26,B,1,11,62.0,57.0,65.0
Female,19.0,CS,67.46,78.69,79.85,90.11,52.04,,82.24,59.87,B,0,87,61.0,62.0,100.0
Female,22.0,Business,97.22,43.48,40.47,52.91,99.26,2.88,70.04,64.05,A,0,71,67.0,10.0,56.0
Male,22.0,CS,85.46,81.74,46.26,58.83,91.35,2.79,86.13,73.63,B,0,33,82.0,71.0,79.0
Female,23.0,Mathematics,71.09,82.43,91.48,73.87,88.08,2.25,54.92,91.01,C,1,27,99.0,46.0,26.0
Male,20.0,CS,71.32,61.55,45.08,69.78,84.57,8.23,87.48,73.33,A,0,71,59.0,64.0,77.0
Male,22.0,Business,95.93,53.18,52.81,74.31,88.51,3.73,80.15,78.06,A,1,49,66.0,82.0,64.0
Male,22.0,CS,78.82,94.9,53.83,97.0,99.73,0.67,81.5,96.2,C,1,69,96.0,78.0,53.0
Male,18.0,CS,79.84,65.6,76.01,82.87,88.51,0.97,53.23,87.83,F,0,59,66.0,63.0,90.0
Male,23.0,CS,64.86,79.22,74.6,64.52,67.58,1.49,80.91,52.51,C,1,36,71.0,72.0,74.0
Male,22.0,Business,61.18,42.0,57.37,58.65,80.7,8.99,74.71,58.82,C,0,68,84.0,58.0,61.0
Male,22.0,Engineering,86.18,64.84,52.46,71.0,66.85,4.27,74.29,51.91,A,0,85,54.0,58.0,50.0
Female,18.0,Business,80.39,89.04,85.87,72.58,98.5,9.16,66.09,53.45,B,0,65,87.0,32.0,38.0
Male,22.0,CS,75.07,63.25,96.13,90.62,95.01,8.17,50.38,66.94,D,1,98,100.0,100.0,69.0
Female,18.0,Engineering,81.2,76.19,43.17,54.06,78.38,8.38,71.13,86.39,C,0,74,69.0,73.0,11.0
Female,20.0,Business,60.41,52.59,47.99,88.38,89.06,2.87,70.05,62.22,F,0,25,69.0,49.0,9.0
Male,21.0,CS,89.7,64.99,78.53,54.92,95.48,2.71,71.14,69.61,A,1,26,87.0,63.0,67.0
Female,24.0,Engineering,97.41,95.66,88.27,78.02,62.18,5.6,80.6,69.69,A,0,42,80.0,49.0,70.0
Female,18.0,Engineering,94.56,73.99,,81.18,78.97,4.18,65.0,79.52,A,1,21,48.0,58.0,73.0
Female,18.0,CS,66.07,94.12,83.18,60.34,74.09,5.09,63.47,94.65,B,0,63,95.0,45.0,74.0
Male,22.0,CS,70.3,94.12,93.25,91.3,88.58,0.53,74.89,99.16,D,1,54,73.0,62.0,53.0
Male,18.0,Engineering,50.77,96.65,53.04,80.77,68.95,9.72,79.62,80.23,A,0,10,87.0,60.0,9.0
Male,23.0,CS,79.76,93.72,46.44,82.29,85.45,0.58,78.37,75.25,B,0,27,77.0,95.0,61.0
Male,19.0,Business,77.4,40.2,76.92,74.89,70.15,1.79,94.08,84.09,F,0,48,40.0,76.0,79.0
Male,19.0,Mathematics,96.33,96.04,89.34,95.48,55.55,6.78,88.46,83.4,B,0,62,60.0,54.0,88.0
Female,20.0,Engineering,73.44,48.25,-5.0,84.7,55.36,1.56,,76.2,B,0,31,78.0,84.0,90.0
Female,18.0,Engineering,75.75,42.4,97.78,69.09,55.95,1.07,78.17,86.85,D,1,44,88.0,75.0,57.0
Male,23.0,CS,52.1,43.32,87.73,61.93,51.63,1.54,70.89,74.56,F,1,69,89.0,80.0,61.0
Female,22.0,Business,53.47,60.93,82.05,53.55,76.65,0.62,,99.82,D,0,56,78.0,85.0,99.0
Female,22.0,CS,50.37,77.25,43.62,58.27,83.6,2.51,97.89,52.45,D,0,46,65.0,37.0,57.0
Female,24.0,Engineering,95.66,64.14,46.46,99.63,56.34,2.71,72.84,72.16,A,1,23,81.0,68.0,86.0
Female,21.0,Mathematics,70.42,41.53,87.09,70.34,80.59,4.99,85.97,69.85,F,1,63,54.0,100.0,56.0
Male,20.0,Engineering,73.43,68.59,51.89,94.93,79.89,4.39,98.35,88.52,C,0,76,71.0,82.0,66.0
Male,23.0,Business,60.06,66.53,41.73,70.51,57.35,4.74,57.55,59.54,F,0,41,60.0,70.0,9.0
Male,23.0,Engineering,80.46,85.41,94.65,71.27,70.2,6.16,52.73,71.7,A,0,67,79.0,44.0,63.0
Female,24.0,CS,80.48,56.78,93.45,98.03,87.76,2.31,65.68,84.9,C,0,44,83.0,100.0,24.0
Female,24.0,Business,64.83,53.05,53.11,54.56,50.84,1.35,52.22,80.16,B,0,76,84.0,53.0,53.0
Male,22.0,CS,91.7,55.36,86.81,78.63,57.35,8.79,55.84,77.26,B,0,31,57.0,41.0,71.0
Male,21.0,Business,58.29,58.22,42.88,95.96,99.79,6.34,99.59,71.75,F,0,55,76.0,86.0,74.0
Female,22.0,CS,52.66,75.95,57.1,97.48,86.68,0.61,98.01,87.6,F,1,85,68.0,62.0,80.0
Male,21.0,Business,,68.29,77.42,92.3,73.21,9.61,84.56,82.32,C,0,49,70.0,53.0,47.0
Male,19.0,CS,63.39,60.21,85.79,77.64,81.49,6.93,87.65,93.74,D,0,40,51.0,61.0,92.0
Female,23.0,Engineering,64.12,62.46,40.62,82.61,92.31,1.52,57.02,86.65,C,0,91,67.0,57.0,69.0
Female,24.0,Engineering,83.53,62.26,59.57,61.02,92.12,9.69,79.76,57.02,C,1,20,45.0,60.0,57.0
Male,19.0,Engineering,60.89,98.34,52.86,86.53,66.24,3.65,57.72,80.98,A,0,98,89.0,67.0,59.0
Female,22.0,CS,83.83,53.98,,98.92,74.56,9.85,68.92,52.23,F,1,68,99.0,100.0,94.0
Male,20.0,Engineering,54.56,89.08,80.26,76.3,81.9,1.03,67.27,69.37,F,0,15,38.0,89.0,67.0
Female,18.0,CS,57.36,82.49,64.34,80.36,53.59,1.6,80.7,70.6,D,1,100,91.0,97.0,70.0
Female,20.0,Engineering,75.44,40.33,44.54,78.67,97.29,6.57,53.98,92.74,A,0,55,51.0,50.0,13.0
Male,20.0,CS,66.76,99.59,75.92,84.53,71.64,0.22,55.17,59.02,F,0,31,72.0,48.0,83.0
Female,18.0,Engineering,92.98,85.39,78.5,60.41,68.54,0.19,80.5,82.18,A,1,99,66.0,78.0,60.0
Male,23.0,CS,98.44,80.95,88.98,85.96,95.36,7.92,81.81,59.62,A,1,18,89.0,72.0,27.0
Female,19.0,Mathematics,82.52,64.32,57.31,79.37,55.91,1.68,66.99,97.43,F,0,49,92.0,57.0,54.0
Male,19.0,Engineering,83.79,73.31,98.89,80.62,51.96,9.19,57.34,76.47,C,1,38,82.0,100.0,72.0
Female,23.0,CS,81.25,55.2,66.37,65.3,84.25,4.26,94.3,85.41,D,0,90,75.0,97.0,70.0
Female,18.0,Engineering,83.34,42.13,57.76,57.76,69.25,8.74,52.65,82.33,D,0,39,69.0,86.0,100.0
 MALE ,21.0,Business,57.36,90.16,60.91,81.17,88.22,4.18,85.87,65.18,D,0,89,76.0,55.0,79.0
Female,20.0,CS,77.19,93.79,71.18,,53.43,5.3,57.0,95.06,A,0,51,100.0,65.0,70.0
Male,22.0,Engineering,69.3,49.75,96.2,66.9,69.19,3.17,81.87,81.36,C,0,42,38.0,88.0,49.0
Female,19.0,Engineering,72.13,87.22,84.11,64.79,61.77,6.58,83.18,75.52,A,0,64,58.0,66.0,28.0
Female,23.0,CS,76.18,84.47,74.63,67.36,86.98,3.18,90.21,76.42,C,0,91,83.0,21.0,92.0
Male,22.0,Business,56.42,50.7,49.77,74.49,61.36,2.23,69.75,94.53,D,0,50,43.0,35.0,63.0
Female,24.0,CS,67.97,65.31,48.96,98.74,72.9,0.81,51.09,52.96,D,0,27,95.0,76.0,56.0
Female,18.0,CS,53.17,65.37,70.13,88.18,90.94,0.58,90.55,69.45,D,1,84,98.0,72.0,57.0
Male,22.0,Business,98.98,85.6,83.72,92.59,95.77,3.06,72.2,92.08,B,1,53,71.0,73.0,79.0
Female,22.0,Engineering,55.93,90.26,85.06,75.28,86.13,7.36,92.35,51.88,D,1,83,63.0,100.0,65.0
Male,20.0,Business,62.93,45.69,53.55,76.31,71.46,2.06,88.8,81.96,A,1,59,28.0,74.0,39.0
Male,18.0,Engineering,94.56,73.78,46.01,60.22,78.6,2.99,74.92,70.16,A,0,22,73.0,87.0,69.0
 MALE ,22.0,Business,74.14,85.7,63.07,50.7,84.48,9.05,99.97,60.23,F,0,39,59.0,95.0,66.0
Female,,Business,56.78,87.17,95.09,71.08,93.75,6.39,73.1,80.57,C,0,24,93.0,89.0,96.0
Female,18.0,CS,69.21,48.88,72.72,87.12,94.43,9.2,84.83,91.55,D,1,57,79.0,52.0,42.0
Male,19.0,Business,55.79,71.53,59.21,81.35,96.55,9.11,83.49,73.37,C,0,41,75.0,90.0,78.0
Female,23.0,Engineering,60.01,91.45,59.42,55.43,90.54,0.63,75.9,57.34,F,0,61,57.0,71.0,91.0
Male,23.0,CS,52.6,59.11,47.93,58.65,57.34,9.55,79.27,65.31,D,1,58,90.0,51.0,77.0
Female,24.0, engineering ,71.91,65.51,68.39,90.58,87.38,0.51,89.93,99.07,F,0,33,94.0,29.0,74.0
Male,21.0,CS,90.33,88.26,87.48,69.04,90.73,9.26,78.58,55.55,A,1,71,79.0,38.0,78.0
Male,23.0,Business,79.3,45.36,98.11,63.22,93.89,5.47,72.51,58.04,C,1,35,67.0,50.0,34.0
Female,22.0,Engineering,,91.57,70.1,96.47,96.24,5.33,83.1,99.51,F,0,59,62.0,56.0,32.0
Male,18.0,Mathematics,60.03,58.67,50.03,82.88,75.46,7.13,51.78,94.11,D,1,14,89.0,64.0,73.0
Male,23.0,CS,67.19,40.09,80.98,55.72,82.75,8.79,55.46,85.36,B,1,97,45.0,76.0,68.0
Female,19.0,Engineering,92.26,54.05,85.41,57.18,50.48,6.17,56.27,57.55,A,1,45,87.0,35.0,9.0
Male,22.0,CS,54.39,45.37,44.3,63.62,78.64,4.25,71.29,62.03,F,0,51,46.0,92.0,55.0
Male,23.0,Engineering,88.65,45.54,91.01,79.7,,1.12,93.59,59.01,D,0,19,51.0,83.0,89.0
Female,20.0,Business,74.18,81.57,89.76,56.53,98.12,7.89,82.16,81.55,D,0,24,96.0,66.0,51.0
Male,19.0,Business,91.86,,68.35,63.72,95.09,1.28,98.63,69.94,B,0,36,56.0,72.0,74.0
Male,24.0,Business,65.9,96.08,73.63,93.53,89.88,7.26,52.0,52.39,D,0,51,100.0,100.0,53.0
Male,24.0,Business,66.94,70.99,82.8,55.46,52.85,5.28,86.1,64.56,F,1,34,46.0,47.0,68.0
Male,24.0,Computer Science,87.58,67.61,80.6,60.38,70.1,3.86,65.71,93.03,A,0,6,68.0,54.0,75.0
Male,19.0,CS,89.25,66.06,40.99,98.52,84.8,6.13,51.16,89.8,A,1,10,95.0,67.0,82.0
Male,24.0,Engineering,61.48,81.56,47.35,56.74,51.48,7.72,91.3,82.15,C,0,64,48.0,58.0,25.0
Male,21.0,Engineering,,67.14,49.76,94.41,61.79,9.41,58.13,54.28,A,0,41,52.0,43.0,56.0
Male,20.0,CS,,47.72,85.34,85.2,94.38,2.65,60.7,94.14,C,1,39,55.0,74.0,55.0
Female,21.0,Engineering,53.43,92.81,66.41,53.65,56.49,9.47,67.02,76.73,D,0,51,71.0,82.0,47.0
Male,23.0,Engineering,79.78,65.7,72.73,74.19,52.57,9.61,89.42,74.73,B,0,53,67.0,65.0,63.0
Male,20.0,CS,,44.44,86.36,75.95,79.03,8.14,81.23,96.7,D,0,62,41.0,75.0,54.0
Female,19.0,Business,98.04,71.76,60.46,96.61,97.32,8.81,63.24,50.44,A,1,33,86.0,99.0,50.0
Male,21.0,Engineering,70.25,78.84,84.93,59.99,91.73,6.92,58.42,77.79,C,0,38,90.0,75.0,100.0
Male,22.0,CS,51.26,56.53,66.54,72.34,98.74,0.39,55.48,89.56,C,0,41,86.0,49.0,39.0
Male,20.0,CS,65.94,88.02,62.63,55.62,87.68,5.75,57.49,53.18,A,1,53,81.0,99.0,70.0
Male,19.0,Business,64.48,80.19,59.98,81.96,71.87,7.47,93.41,67.86,D,1,40,99.0,46.0,85.0
Male,18.0,Mathematics,71.65,79.02,97.9,60.54,97.33,9.42,96.13,98.87,B,0,26,56.0,57.0,71.0
Male,20.0,Engineering,96.65,65.25,86.32,53.88,71.33,5.7,98.4,60.59,A,0,79,86.0,67.0,83.0
Female,20.0,CS,56.64,97.71,41.21,99.85,67.5,7.94,91.74,76.56,C,0,85,61.0,80.0,66.0
Female,23.0,Mathematics,74.3,56.45,97.44,63.48,72.41,7.05,94.37,87.3,C,0,94,55.0,63.0,43.0
Female,22.0,Engineering,71.32,74.66,86.53,86.58,90.7,2.81,,69.52,A,0,41,71.0,60.0,55.0
Female,23.0,Business,85.63,58.54,48.95,94.58,95.88,1.55,97.9,70.39,A,0,23,92.0,39.0,56.0
Female,24.0,Business,94.11,84.69,44.58,91.08,67.88,7.51,92.28,53.16,B,0,41,44.0,68.0,100.0
Male,20.0,CS,59.26,42.87,58.49,53.2,73.11,2.34,73.1,59.5,C,0,33,80.0,86.0,100.0
Male,20.0,Engineering,84.98,42.75,77.45,55.27,94.92,2.45,66.16,94.03,D,0,51,62.0,76.0,73.0
Male,24.0,CS,62.34,88.65,76.99,54.51,52.35,6.44,79.21,90.92,F,0,51,39.0,50.0,54.0
Male,22.0,CS,58.95,66.06,56.55,,89.19,7.89,80.41,65.23,F,0,44,64.0,42.0,38.0
Male,22.0,Business,93.94,60.47,66.74,82.97,72.71,5.82,78.75,69.09,C,1,60,17.0,100.0,59.0
Female,21.0,Business,99.72,76.45,52.71,79.42,68.83,8.85,85.34,72.02,A,0,27,100.0,48.0,49.0
Female,19.0,Business,82.61,82.11,43.03,83.14,72.35,2.11,84.95,67.3,A,1,43,83.0,85.0,15.0
Male,19.0,Engineering,80.33,52.07,71.02,75.28,70.93,2.52,54.36,82.7,A,0,86,90.0,76.0,91.0
Male,21.0,CS,90.48,51.13,60.82,90.88,87.83,6.37,64.28,50.64,F,0,67,80.0,74.0,94.0
Male,19.0,CS,65.63,97.49,72.57,77.33,96.4,8.29,94.49,94.01,D,1,40,73.0,94.0,39.0
Female,20.0,CS,82.91,75.38,96.79,95.94,74.57,5.39,79.5,65.03,A,1,41,100.0,64.0,58.0
Female,21.0,Engineering,98.45,63.41,48.6,74.28,91.64,0.1,66.43,93.62,A,1,50,29.0,98.0,53.0
Male,21.0,Engineering,74.84,88.09,40.12,89.53,86.6,6.77,92.52,72.72,B,0,84,57.0,100.0,80.0
Female,19.0,CS,64.51,71.51,44.61,70.37,66.53,8.14,62.45,88.82,B,0,61,89.0,29.0,54.0
Male,18.0,Mathematics,88.51,54.5,67.76,71.76,79.37,2.77,70.46,91.29,A,0,77,97.0,85.0,95.0
Female,19.0,CS,84.91,52.4,82.42,92.45,83.34,0.54,63.81,65.06,D,1,23,60.0,66.0,33.0
Female,23.0,Business,91.61,63.81,74.85,66.5,51.17,5.18,93.57,82.02,F,1,31,100.0,100.0,100.0
Male,18.0,Engineering,90.95,91.59,69.69,78.25,69.8,0.42,86.41,80.37,A,0,29,37.0,46.0,75.0
Female,21.0,CS,56.25,43.69,61.24,86.32,99.63,4.16,73.01,73.8,D,0,53,94.0,100.0,90.0
Female,,Business,98.84,53.11,58.6,87.52,81.86,0.18,96.62,73.48,A,1,51,71.0,78.0,100.0
Male,20.0,Business,99.28,93.59,62.58,79.57,66.71,,96.37,65.26,A,0,47,57.0,31.0,80.0
Female,,Engineering,96.84,47.3,76.7,72.4,62.5,3.89,85.58,65.51,A,0,60,61.0,59.0,86.0
 MALE ,18.0,Engineering,74.8,77.78,50.07,63.04,60.47,1.12,94.6,77.41,C,0,70,95.0,49.0,87.0
Female,23.0,CS,62.3,52.81,86.28,95.47,70.08,1.14,85.97,51.61,A,1,0,90.0,92.0,59.0
Male,22.0,Engineering,79.1,76.35,74.52,68.49,59.66,8.27,81.41,96.68,D,0,88,75.0,72.0,52.0
Male,20.0,Mathematics,71.0,62.99,56.15,89.95,56.76,0.41,71.04,82.5,D,0,38,95.0,63.0,78.0
Female,23.0,CS,60.3,46.1,70.07,78.98,68.2,6.89,63.67,72.17,F,0,30,58.0,86.0,9.0
Female,24.0,CS,71.18,74.95,97.77,61.61,80.35,8.14,53.01,53.09,B,1,76,85.0,53.0,39.0
Male,22.0,Mathematics,80.96,80.98,41.23,67.28,57.32,1.31,90.04,81.5,B,1,29,59.0,57.0,73.0
Female,24.0,Computer Science,53.55,,51.97,87.26,52.22,1.95,,50.89,F,0,57,64.0,79.0,96.0
Female,20.0,Engineering,66.67,78.22,66.9,65.97,51.73,6.41,70.52,83.99,A,1,33,73.0,53.0,46.0
Female,22.0,Engineering,50.89,70.01,78.31,52.07,63.37,3.16,61.73,53.63,D,1,76,81.0,89.0,87.0
Male,22.0,Engineering,87.47,71.17,52.73,58.69,59.51,4.76,72.73,82.81,B,0,20,87.0,43.0,43.0
Male,19.0,Engineering,78.36,78.14,95.88,62.96,76.96,8.36,65.75,70.29,D,1,17,88.0,97.0,78.0
Male,23.0,CS,53.13,81.42,78.55,58.8,72.79,1.38,91.48,83.13,F,0,72,62.0,53.0,87.0
Female,23.0,CS,83.24,79.29,92.65,60.19,66.24,6.2,98.91,56.92,D,0,28,74.0,58.0,63.0
Female,,Business,51.13,75.22,59.76,88.45,91.68,9.42,97.08,55.87,F,0,100,56.0,51.0,90.0
Male,24.0,BUSINESS,79.5,49.35,89.74,70.6,75.25,0.57,81.12,62.37,A,0,48,98.0,53.0,42.0
Male,24.0,Engineering,88.82,52.64,62.69,50.94,54.58,0.6,,70.58,B,0,48,91.0,29.0,25.0
Female,23.0,Engineering,89.39,55.61,,98.33,64.79,5.55,70.04,62.65,A,1,73,92.0,59.0,43.0
Female,,CS,51.71,95.18,94.7,72.34,98.67,9.6,76.12,54.1,F,0,98,80.0,58.0,42.0
Female,22.0,CS,95.32,85.56,45.53,96.38,98.85,2.2,62.84,66.25,A,0,43,78.0,96.0,100.0
Female,24.0,Business,74.35,73.17,96.57,64.95,62.73,3.31,94.9,85.29,B,0,66,82.0,66.0,71.0
Male,21.0,Engineering,78.07,55.12,67.51,70.03,58.36,0.99,58.99,79.15,B,0,100,50.0,57.0,53.0
Female,19.0,CS,74.1,46.65,99.56,69.81,74.78,3.62,80.52,98.17,B,0,65,100.0,87.0,97.0
Female,18.0,CS,52.24,93.93,72.38,77.3,74.07,0.44,89.97,71.8,C,0,31,81.0,72.0,39.0
Male,19.0,CS,78.1,93.56,85.45,79.21,70.51,3.89,79.77,66.64,D,1,54,100.0,67.0,94.0
Male,18.0,CS,70.47,46.64,40.42,62.41,76.47,5.55,53.94,84.68,A,0,21,93.0,55.0,36.0
Female,20.0,Business,88.64,87.83,69.8,89.68,61.61,9.75,80.57,70.6,A,0,22,56.0,52.0,84.0
Male,22.0,Mathematics,63.83,66.8,84.25,74.83,55.75,8.18,88.35,80.92,C,0,77,90.0,91.0,100.0
Female,23.0,Business,84.18,59.44,86.97,50.35,78.52,8.22,59.39,97.31,D,1,64,97.0,64.0,89.0
Female,23.0,Mathematics,55.07,84.35,49.48,79.57,96.63,2.28,86.85,74.96,D,0,64,40.0,79.0,93.0
Male,21.0,Math,56.65,,65.14,89.9,56.89,0.87,93.93,74.91,D,0,26,36.0,23.0,18.0
Male,24.0,Engineering,56.99,86.8,65.14,62.52,85.24,6.03,99.32,88.76,D,1,27,81.0,61.0,49.0
Female,24.0,Computer Science,52.28,44.46,46.22,51.89,71.89,5.21,70.5,87.8,D,0,36,37.0,53.0,74.0
Male,19.0,Business,77.07,59.12,66.58,90.36,64.7,5.17,51.26,75.81,B,0,21,85.0,54.0,83.0
Female,19.0,CS,89.7,59.16,88.43,98.81,92.66,1.09,70.95,53.24,A,0,16,74.0,80.0,30.0
Female,,CS,80.52,59.79,58.01,53.83,72.82,4.94,83.01,99.04,F,0,49,93.0,72.0,50.0
Female,24.0,CS,78.75,70.15,65.95,96.9,79.17,1.5,94.57,68.87,F,1,63,33.0,47.0,48.0
Male,23.0,Engineering,84.03,56.98,97.66,67.96,72.15,4.22,96.91,65.84,C,0,46,51.0,72.0,99.0
Female,24.0,CS,66.98,66.66,41.9,97.07,54.06,0.62,95.48,99.08,A,1,100,84.0,35.0,44.0
Female,19.0,CS,68.1,62.07,75.49,82.44,79.75,8.57,,93.61,D,1,49,77.0,87.0,50.0
Female,22.0,Engineering,65.71,84.12,84.61,94.51,70.94,0.13,84.13,66.51,D,1,40,79.0,95.0,67.0
Male,18.0,Business,85.61,76.21,85.65,89.29,54.34,9.39,50.12,65.42,B,0,52,77.0,74.0,62.0
Female,23.0,Engineering,58.08,79.22,82.96,51.4,79.79,8.63,68.19,86.05,D,1,40,65.0,71.0,48.0
Female,22.0,Business,50.65,52.64,83.59,53.27,50.49,7.53,95.34,66.72,F,1,97,83.0,86.0,50.0
Female,20.0,CS,79.81,59.53,43.54,76.29,,9.83,,62.57,B,0,66,23.0,84.0,92.0
Male,22.0,CS,97.12,41.27,72.05,56.48,89.05,0.54,73.4,98.98,B,0,43,87.0,99.0,71.0
Female,22.0,Engineering,80.47,46.5,86.98,73.05,51.9,6.42,55.21,78.29,B,0,51,99.0,38.0,93.0
Female,20.0,Engineering,89.15,55.9,45.64,97.73,82.33,8.49,62.32,88.12,A,1,16,100.0,70.0,80.0
Male,22.0,Engineering,83.64,43.93,40.72,52.98,97.49,1.27,77.75,85.65,F,1,50,68.0,80.0,94.0
Male,18.0,Business,74.87,76.16,88.87,74.45,58.56,5.85,94.88,87.78,B,1,24,72.0,21.0,45.0
Female,23.0,Business,85.92,99.89,82.74,69.21,70.86,3.94,54.79,95.17,A,0,36,88.0,43.0,9.0
Female,21.0,Mathematics,91.21,46.05,64.73,81.49,78.77,4.36,57.69,75.04,A,0,44,72.0,77.0,76.0
Female,24.0,CS,61.24,89.27,96.42,59.69,72.52,9.13,82.75,87.67,B,1,27,36.0,86.0,61.0
Male,,CS,95.72,47.13,86.0,77.54,81.02,5.39,64.71,89.84,D,0,34,100.0,70.0,58.0
Male,23.0,Engineering,61.19,80.19,98.07,92.94,70.2,0.93,58.49,97.32,A,0,21,96.0,59.0,56.0
Female,19.0,CS,72.61,78.59,95.76,90.57,57.43,9.37,58.92,85.65,D,0,13,34.0,49.0,51.0
Male,,CS,67.76,94.16,68.88,89.46,54.45,1.85,74.63,94.63,C,0,39,62.0,97.0,44.0
Female,21.0,CS,67.26,46.84,85.28,88.55,87.22,8.93,79.19,54.75,B,1,16,66.0,67.0,36.0
Female,18.0,CS,68.64,58.93,80.15,72.97,61.93,9.71,95.22,56.3,B,1,64,79.0,69.0,87.0
Male,18.0,CS,93.02,45.45,88.69,86.44,92.37,8.78,76.49,57.92,A,0,81,51.0,79.0,58.0
Female,19.0,CS,75.77,64.44,87.26,69.36,87.15,6.77,,57.24,A,1,96,61.0,42.0,38.0
Male,21.0,Engineering,76.77,94.7,49.19,55.04,52.47,7.44,59.03,54.38,F,0,37,43.0,62.0,69.0
Male,24.0,Engineering,93.04,86.89,54.02,71.83,60.06,7.0,85.67,56.13,A,0,75,75.0,59.0,87.0
Female,18.0,Business,74.53,83.37,55.94,57.93,64.6,4.61,82.43,99.8,C,0,73,50.0,80.0,64.0
Male,19.0,Engineering,84.08,71.98,89.11,69.54,79.72,2.74,60.81,63.61,A,0,30,76.0,76.0,63.0
Female,20.0,CS,54.28,93.01,88.64,64.87,90.49,2.85,83.47,73.9,F,1,72,93.0,43.0,93.0
Male,19.0,CS,58.93,66.97,69.72,79.96,53.02,7.31,60.57,91.08,C,1,35,77.0,37.0,43.0
Female,22.0,CS,70.22,48.98,74.85,68.08,62.48,6.26,79.68,55.92,B,0,62,42.0,77.0,84.0
Female,23.0,Business,74.74,90.26,89.62,85.28,68.81,5.85,83.44,65.87,B,1,7,50.0,60.0,36.0
Female,19.0,Business,98.29,56.78,58.76,75.61,59.17,6.53,84.67,57.96,A,0,38,89.0,18.0,74.0
Male,19.0,CS,98.53,43.22,43.01,95.97,77.26,7.75,95.46,53.13,A,0,69,59.0,66.0,9.0
Female,19.0,CS,92.56,47.56,68.96,61.88,73.9,7.48,97.39,98.04,B,0,46,100.0,94.0,94.0
Male,24.0,Mathematics,65.78,76.54,94.82,84.39,,1.05,90.51,92.92,D,0,39,92.0,80.0,57.0
Male,18.0,Engineering,98.2,76.42,87.43,72.31,75.84,3.63,93.94,93.96,A,0,12,74.0,93.0,70.0
Male,24.0,BUSINESS,73.46,55.61,62.0,69.85,67.79,2.64,50.97,93.43,C,0,64,100.0,100.0,80.0
Male,21.0,CS,69.65,83.63,43.89,68.58,67.16,5.38,68.13,57.73,A,1,58,73.0,76.0,63.0
Male,19.0,CS,85.08,86.42,78.22,65.27,63.27,0.61,51.99,89.25,A,0,24,67.0,75.0,40.0
Female,19.0,Business,50.83,95.23,90.07,61.65,77.02,7.62,61.24,86.39,D,0,86,86.0,89.0,34.0
Male,22.0,Engineering,57.31,75.1,79.9,63.26,72.21,1.07,69.09,96.27,D,0,34,100.0,70.0,90.0
Female,22.0,Engineering,91.48,86.77,65.5,75.09,59.82,,93.38,60.97,A,1,44,43.0,95.0,72.0
Female,20.0,Engineering,82.28,85.19,,55.56,50.65,7.83,75.59,70.7,D,0,81,36.0,50.0,48.0
Male,20.0,Engineering,68.21,55.47,94.65,53.62,57.55,0.52,82.44,64.75,B,0,42,76.0,71.0,38.0
Female,22.0,Business,75.03,58.61,56.56,57.89,52.14,6.6,68.14,62.9,F,1,89,53.0,75.0,58.0
Female,,CS,95.26,68.71,53.46,63.61,71.58,9.24,80.15,82.62,B,0,27,77.0,44.0,64.0
Male,20.0,CS,81.58,41.14,88.96,55.05,61.25,6.18,90.78,58.2,B,1,25,57.0,73.0,69.0
Female,23.0,Business,69.91,57.84,98.87,96.33,71.02,7.13,65.06,73.24,C,1,42,90.0,73.0,100.0
Male,23.0,CS,56.02,68.43,,93.63,66.47,7.92,96.61,82.33,D,0,65,66.0,84.0,80.0
Male,21.0,Engineering,81.98,46.48,77.49,65.42,76.9,2.22,60.67,56.52,D,1,19,82.0,73.0,40.0
Male,22.0,Business,98.92,47.58,59.17,62.35,86.19,,95.97,62.85,A,0,33,88.0,69.0,73.0
Female,20.0,Mathematics,71.87,67.79,41.22,95.27,73.97,3.09,51.41,98.37,D,0,41,94.0,76.0,87.0
Female,19.0,Engineering,73.59,83.86,51.51,50.09,53.1,2.49,77.14,89.77,A,1,43,53.0,66.0,59.0
Female,22.0,Engineering,74.93,90.02,75.07,80.03,50.88,1.92,99.26,83.85,B,0,27,92.0,75.0,92.0
Female,20.0,Business,94.21,72.78,49.08,95.8,60.66,5.85,80.49,92.8,A,0,19,17.0,62.0,69.0
Male,21.0,Business,80.2,,93.03,85.22,71.25,7.95,77.74,50.7,D,0,69,60.0,64.0,77.0
Male,23.0,Business,84.68,63.06,51.29,50.15,52.25,8.76,84.12,50.3,F,0,32,91.0,58.0,90.0
Female,21.0,Engineering,69.47,51.58,71.33,60.94,66.39,4.29,64.47,57.7,B,0,24,51.0,38.0,27.0
Male,20.0,CS,51.45,48.79,70.72,96.12,94.35,3.73,,74.76,D,1,44,100.0,82.0,84.0
Female,21.0,Engineering,96.55,87.51,76.24,50.85,54.5,6.87,62.55,78.5,A,1,30,68.0,52.0,9.0
Male,20.0,Business,97.46,67.9,59.65,,97.43,7.8,58.81,55.68,B,1,59,85.0,99.0,98.0
Male,20.0,BUSINESS,97.46,87.42,92.41,89.49,92.83,2.53,96.18,53.61,A,1,46,77.0,59.0,47.0
Male,21.0,CS,77.95,82.24,66.66,66.87,91.59,2.97,92.61,91.42,F,0,80,100.0,45.0,93.0
Male,18.0,Engineering,90.76,51.63,82.01,73.88,93.18,5.33,65.89,73.22,B,0,88,40.0,42.0,44.0
Male,19.0,Engineering,84.23,,78.15,61.62,54.0,4.44,91.8,99.62,B,0,49,28.0,74.0,64.0
Female,22.0,Mathematics,92.23,66.64,47.03,79.99,57.56,7.06,60.59,61.47,A,0,64,80.0,62.0,70.0
Female,23.0, engineering ,80.03,65.43,77.36,63.19,56.72,5.04,59.98,82.36,F,1,49,65.0,59.0,100.0
Male,19.0,Engineering,85.03,72.55,73.04,62.76,,1.12,88.38,90.22,A,1,38,87.0,66.0,31.0
Female,22.0,CS,69.56,98.92,93.92,90.38,66.39,1.66,66.35,93.63,B,0,64,51.0,86.0,77.0
Male,22.0, engineering ,98.56,88.77,92.85,57.71,91.51,9.02,53.24,65.32,B,0,74,78.0,62.0,10.0
Male,23.0,Computer Science,67.56,94.22,49.06,50.28,62.6,2.27,86.0,59.66,C,0,17,100.0,65.0,66.0
Male,19.0,Business,62.09,41.78,44.9,,62.21,0.5,99.48,61.3,A,1,98,38.0,82.0,51.0
Male,23.0,Business,54.66,48.42,57.68,74.55,83.79,7.31,78.3,83.34,C,0,79,33.0,71.0,71.0
Female,20.0, engineering ,66.71,45.09,99.2,85.25,54.85,6.84,63.18,76.12,F,1,11,100.0,54.0,61.0
Male,23.0,Engineering,67.55,55.79,41.29,89.06,,6.0,68.65,79.95,C,1,31,96.0,59.0,57.0
Female,21.0,Business,52.58,66.51,80.37,83.18,64.77,5.02,82.43,51.03,F,0,70,82.0,31.0,81.0
Male,18.0,CS,55.95,78.52,76.51,81.33,92.37,9.7,85.07,69.55,D,0,53,54.0,95.0,82.0
Male,18.0,CS,51.25,70.05,78.79,83.29,75.73,1.2,94.32,65.51,A,1,69,48.0,100.0,69.0
Female,18.0,Mathematics,57.25,94.19,53.1,63.58,82.32,5.1,95.44,93.19,F,0,48,60.0,59.0,92.0
 MALE ,,Business,53.17,96.39,53.6,59.62,56.45,5.64,93.06,88.81,F,1,23,100.0,75.0,83.0
Male,19.0,Business,64.94,49.81,65.84,80.82,96.45,0.22,82.42,71.48,A,1,86,100.0,57.0,72.0
Female,20.0,CS,50.51,91.17,45.75,53.28,66.12,4.12,72.49,81.53,F,1,19,74.0,69.0,63.0
Female,24.0,CS,84.78,68.9,44.48,69.36,85.34,7.83,83.97,52.38,C,1,51,83.0,62.0,35.0
Female,18.0,CS,81.02,67.2,45.3,70.32,,4.71,83.33,81.86,F,0,62,86.0,94.0,35.0
Male,20.0,CS,82.25,87.1,74.38,76.67,75.43,8.75,60.9,54.86,F,1,32,67.0,50.0,96.0
Male,,Business,68.72,45.59,63.86,74.32,75.38,6.45,75.38,85.7,F,0,64,75.0,38.0,69.0
 FEMALE ,18.0,CS,60.41,92.95,57.62,85.91,55.86,7.66,60.41,78.69,A,0,30,100.0,47.0,100.0
Female,19.0,Business,86.02,80.25,58.95,73.67,69.51,8.04,94.96,65.02,A,0,96,65.0,53.0,51.0
Male,24.0,CS,53.13,,52.44,67.95,92.62,6.9,66.16,68.54,C,0,75,59.0,74.0,58.0
Male,21.0,CS,56.93,99.67,64.69,69.02,56.76,,90.27,54.5,F,1,58,60.0,99.0,35.0
Female,21.0,Mathematics,74.34,71.08,52.18,76.27,95.88,6.95,68.86,66.14,C,1,60,44.0,65.0,48.0
Female,21.0,Computer Science,62.44,45.6,81.88,50.16,83.37,5.5,88.19,98.34,F,0,49,81.0,64.0,74.0
Female,23.0,CS,50.26,49.99,47.44,65.52,71.05,5.67,61.05,74.31,C,1,49,96.0,47.0,75.0
Female,21.0,CS,86.72,,96.89,88.3,77.32,1.9,88.19,73.71,A,0,34,61.0,75.0,75.0
Male,22.0,CS,76.9,46.21,45.39,66.68,57.52,8.27,58.98,81.46,D,1,61,86.0,73.0,53.0
Male,18.0,Engineering,60.81,88.92,96.61,62.66,60.87,3.12,74.54,74.22,A,0,43,89.0,29.0,90.0
Male,21.0,CS,65.5,57.81,90.0,77.18,64.32,5.36,55.68,67.78,F,0,41,100.0,79.0,64.0
Male,24.0,Engineering,98.33,98.55,80.84,70.3,69.24,2.5,76.39,56.98,A,0,73,82.0,54.0,100.0
Female,22.0,BUSINESS,92.43,82.16,94.74,76.58,95.78,6.96,91.04,81.52,A,1,56,76.0,73.0,79.0
Male,22.0,Engineering,94.0,50.41,48.35,65.18,68.38,9.75,87.78,87.45,A,1,88,68.0,95.0,31.0
Female,22.0,CS,73.0,68.56,50.58,69.16,76.19,8.02,52.54,96.16,D,0,87,56.0,63.0,100.0
Male,20.0,Engineering,81.19,68.01,55.13,89.57,58.1,6.19,74.61,50.15,C,0,69,91.0,92.0,71.0
Male,24.0,CS,68.84,69.55,54.69,79.9,86.8,5.68,92.61,53.33,F,0,39,61.0,71.0,79.0
Male,20.0,Engineering,53.89,72.14,58.65,72.31,78.01,4.9,82.51,94.97,F,0,65,67.0,80.0,69.0
Female,22.0,Engineering,70.05,41.87,74.54,78.88,72.0,2.05,52.96,81.56,C,0,25,93.0,69.0,85.0
Male,23.0,CS,79.7,81.18,41.69,88.34,97.36,3.48,66.28,97.9,B,0,38,49.0,77.0,65.0
Female,21.0,Business,64.36,69.23,62.94,87.29,94.53,4.06,77.83,71.54,B,1,72,66.0,80.0,56.0
Female,18.0,Mathematics,92.4,87.46,54.78,59.27,82.98,9.45,58.63,70.83,B,0,59,89.0,57.0,58.0
Male,24.0,Business,57.56,88.92,76.4,62.82,96.09,4.26,84.1,67.21,C,0,70,88.0,36.0,72.0
Female,23.0,Computer Science,68.36,53.83,99.11,67.41,78.24,5.86,81.74,57.14,C,1,48,81.0,60.0,87.0
Male,19.0,Engineering,56.25,42.91,71.06,59.38,91.35,9.22,60.12,68.93,C,0,76,76.0,72.0,59.0
Female,20.0,Mathematics,70.24,82.19,,50.61,70.47,5.18,77.52,50.73,C,0,63,93.0,66.0,61.0
Male,,CS,51.98,98.67,62.09,58.7,54.34,2.51,90.59,75.47,C,0,44,99.0,56.0,72.0
Female,21.0,Business,63.63,66.8,87.1,90.41,99.71,3.81,68.74,92.36,B,0,34,86.0,65.0,74.0
Female,19.0,CS,70.04,55.58,44.32,77.3,58.28,3.76,62.35,66.06,D,0,50,50.0,80.0,62.0
Male,19.0,CS,72.39,,97.59,67.08,62.58,7.15,85.06,54.73,C,0,96,82.0,45.0,100.0
Male,24.0,Business,77.18,57.25,65.08,80.42,58.16,2.96,53.54,98.69,B,0,61,93.0,79.0,80.0
 MALE ,21.0,Business,63.75,59.68,58.82,96.03,66.87,7.3,91.63,56.45,A,0,33,90.0,58.0,100.0
Male,19.0,Business,76.15,65.43,98.44,67.72,,8.89,97.17,76.43,B,1,69,98.0,75.0,86.0
Female,21.0,Mathematics,75.45,79.32,96.15,73.3,80.06,3.36,98.24,90.46,F,0,26,87.0,55.0,68.0
Female,23.0,CS,65.81,56.39,78.52,53.21,99.82,1.35,71.63,62.62,C,0,34,70.0,30.0,30.0
Female,24.0,CS,91.51,43.06,41.11,79.85,52.63,6.39,81.16,92.07,B,0,57,87.0,93.0,53.0
Female,19.0,Mathematics,77.28,62.4,84.91,67.82,88.92,3.61,92.87,77.85,B,0,44,81.0,46.0,80.0
Male,23.0,CS,66.61,91.34,60.13,71.68,56.4,5.34,61.17,66.6,B,0,32,76.0,66.0,46.0
Female,23.0,Engineering,97.37,69.9,63.3,71.13,50.99,6.34,51.39,93.28,A,0,82,79.0,63.0,44.0
Male,19.0,Engineering,92.26,97.89,,81.62,81.93,4.08,69.23,81.1,A,1,67,85.0,33.0,100.0
Female,24.0,CS,99.13,70.22,71.41,78.62,93.67,9.25,94.22,80.77,A,0,76,51.0,77.0,99.0
Male,21.0,CS,84.61,56.55,84.67,71.11,58.81,4.0,75.25,75.2,B,1,61,79.0,88.0,79.0
Male,22.0,Engineering,68.91,51.6,56.38,50.85,67.08,3.07,76.51,63.74,D,0,28,100.0,58.0,70.0
Male,21.0,Business,64.04,81.67,96.32,81.05,58.44,8.86,84.57,65.24,C,0,16,65.0,50.0,9.0
Male,18.0,Business,83.17,72.18,51.68,93.98,95.33,1.36,78.73,54.4,B,0,64,68.0,85.0,31.0
Male,19.0,Engineering,99.04,76.24,43.98,88.48,63.52,1.24,52.72,62.19,B,1,51,95.0,84.0,66.0
Female,20.0,Engineering,81.34,85.31,78.66,99.08,72.24,9.36,78.04,63.89,B,1,35,84.0,56.0,100.0
Male,24.0,Computer Science,94.08,83.55,90.96,56.95,94.74,2.09,82.4,52.94,A,1,37,66.0,80.0,56.0
Female,19.0,CS,66.46,42.6,97.19,61.13,77.64,1.48,82.08,55.52,B,1,54,70.0,97.0,35.0
Female,18.0,Engineering,55.61,88.15,86.03,76.96,96.64,5.35,86.42,63.51,A,1,77,51.0,51.0,33.0
Male,23.0,CS,95.31,71.96,51.98,61.79,96.32,0.47,76.0,83.86,B,0,45,57.0,69.0,57.0
Female,20.0,CS,87.84,63.5,98.66,51.73,73.08,6.2,95.0,59.21,A,0,52,47.0,55.0,43.0
Female,20.0,Engineering,52.11,72.25,95.17,70.11,79.12,4.53,73.21,76.09,C,1,54,45.0,64.0,58.0
Female,21.0,Engineering,88.74,76.75,49.79,64.38,61.52,6.4,75.91,75.4,B,0,65,100.0,76.0,93.0
Male,22.0,CS,72.43,48.97,73.53,63.19,99.53,2.84,89.02,91.7,F,0,65,55.0,33.0,72.0
Male,21.0,Engineering,76.55,65.04,73.33,97.66,63.92,9.05,91.66,80.46,F,1,62,20.0,70.0,53.0
Male,24.0,Engineering,95.03,60.14,66.55,61.92,89.17,2.71,82.42,95.85,A,0,100,77.0,50.0,87.0
Male,20.0,CS,77.58,61.02,,56.47,65.65,6.38,56.32,81.41,C,0,61,57.0,80.0,46.0
Female,20.0,Mathematics,62.77,45.48,43.58,56.27,65.65,9.45,66.6,51.28,C,1,96,95.0,94.0,50.0
Female,22.0,CS,71.78,49.59,77.63,90.32,55.19,4.01,51.01,69.07,D,1,67,84.0,67.0,82.0
Female,24.0,Business,81.69,49.71,52.32,85.74,77.99,1.61,64.77,84.95,A,1,57,46.0,46.0,38.0
Female,19.0,CS,54.84,62.39,71.64,56.47,62.24,0.68,78.51,73.76,D,0,46,52.0,56.0,74.0
Female,22.0,Business,87.19,93.67,86.78,74.82,57.42,9.63,90.26,70.97,A,0,20,27.0,61.0,9.73
Female,23.0,Computer Science,55.47,52.36,54.8,87.37,61.33,7.64,79.28,83.58,D,0,53,100.0,14.0,79.0
Male,21.0,Business,65.93,64.97,63.6,63.73,62.55,9.19,51.99,64.29,B,0,50,86.0,23.89,45.0
Female,19.0,Computer Science,90.23,58.7,97.05,99.08,75.2,6.99,62.96,95.45,A,0,51,40.11,61.0,85.0
Female,21.0,Business,73.38,87.24,85.69,77.03,,3.42,78.9,70.66,C,0,73,65.0,53.0,84.0
Female,22.0,Engineering,,43.01,74.36,59.6,53.77,1.23,,81.56,A,0,70,92.0,61.0,61.0
Male,19.0,CS,67.09,51.79,53.32,92.94,76.8,9.29,93.32,99.12,A,0,37,74.0,56.0,91.0
Female,22.0,Business,97.88,52.64,65.52,65.97,89.39,4.9,,89.27,A,1,52,60.0,54.0,67.0
Female,23.0,CS,60.47,99.58,86.44,64.44,78.71,3.97,94.59,76.58,F,0,0,88.0,58.0,56.0
Male,18.0,Mathematics,51.91,74.25,89.23,66.37,98.73,5.78,73.37,92.97,F,0,15,71.0,70.0,59.0
Female,20.0,CS,93.62,48.34,54.68,88.41,54.96,1.07,87.35,78.02,A,0,76,76.0,79.0,69.0
Male,24.0,Engineering,87.61,56.33,79.72,58.66,91.06,3.09,62.03,72.08,A,0,24,95.0,27.0,47.0
Male,19.0,Business,61.6,50.07,45.7,69.09,75.28,,53.19,93.67,F,1,76,100.0,100.0,57.0
Female,20.0,CS,99.24,,41.39,51.54,76.08,1.0,52.75,51.36,B,0,45,100.0,61.0,96.0
Female,18.0,CS,75.11,87.83,72.92,91.33,75.95,1.35,62.07,70.37,C,0,53,44.0,60.0,47.0
Male,19.0,Business,97.55,69.75,53.46,67.04,66.27,5.11,51.88,67.15,B,1,40,95.0,32.0,12.0
Female,20.0,Business,75.25,77.87,44.73,62.41,66.23,6.23,92.51,85.7,F,1,77,71.0,36.0,54.0
Female,20.0,Mathematics,73.59,59.88,83.79,78.99,81.59,1.87,74.5,50.63,A,0,38,100.0,100.0,84.0
Male,19.0,CS,72.46,73.22,69.88,85.25,52.24,0.33,90.55,83.04,F,0,98,99.0,88.0,92.0
Male,20.0,Engineering,66.74,55.45,87.78,90.64,79.44,9.58,96.99,67.32,C,0,48,76.0,33.0,63.0
Female,20.0,CS,76.69,58.48,79.84,67.39,86.23,0.27,99.7,54.89,A,0,21,100.0,67.0,59.0
Male,19.0,CS,72.63,79.13,83.79,90.62,67.82,0.02,96.86,99.02,B,0,51,68.0,54.0,14.0
Female,24.0,Business,51.84,49.02,58.44,73.24,60.87,3.23,85.83,60.61,D,0,70,75.0,58.0,61.0
Female,20.0,CS,63.02,77.03,55.8,55.06,60.67,2.22,72.1,67.46,F,1,60,36.0,49.0,72.0
Female,20.0,Engineering,60.66,91.13,76.05,92.32,54.09,5.74,79.9,60.35,F,0,30,61.0,81.0,61.0
Female,24.0,Engineering,93.37,47.23,52.0,77.38,54.49,8.94,90.82,83.1,A,0,21,59.0,46.0,55.0
Male,21.0,Business,79.94,93.85,88.92,80.12,58.33,4.81,94.88,89.13,D,0,51,59.0,29.0,36.0
Female,23.0,Mathematics,88.18,44.77,71.38,96.87,50.96,7.73,97.82,93.03,B,1,45,82.0,77.0,58.0
Male,21.0,Engineering,97.84,60.93,,77.96,63.31,9.09,86.53,65.55,B,0,56,91.0,94.0,53.0
Female,18.0,Engineering,82.2,76.63,77.51,50.28,65.32,1.89,77.0,76.23,B,0,38,79.0,85.0,47.0
Female,21.0,Business,99.13,73.56,96.7,63.61,99.76,4.88,98.42,83.16,A,1,46,99.0,100.0,65.0
Male,21.0,Engineering,65.59,45.78,,64.24,99.58,6.42,97.93,81.48,C,0,25,100.0,79.0,100.0
Female,18.0,CS,59.31,87.93,46.56,75.09,59.35,3.32,73.88,85.8,D,1,81,53.0,51.0,46.0
Male,20.0,CS,70.17,98.39,90.63,60.24,60.65,7.4,82.43,88.49,C,0,61,91.0,96.0,100.0
Male,20.0,CS,73.54,50.87,46.58,64.85,74.6,7.05,90.46,54.87,D,1,70,100.0,82.0,51.0
Female,21.0,Engineering,94.77,93.71,42.36,84.33,57.44,4.21,71.65,58.42,A,1,0,43.0,100.0,36.0
Female,18.0,Business,78.0,73.41,60.88,71.48,75.2,0.88,91.47,86.72,B,1,76,93.0,46.0,99.0
Female,20.0,CS,,96.16,68.0,81.36,69.97,0.12,55.57,73.83,C,0,50,90.0,73.0,38.0
Female,22.0,CS,88.79,50.57,74.17,91.18,66.23,3.69,74.06,71.35,D,0,59,82.0,96.0,89.0
Male,19.0,Mathematics,75.29,87.52,70.44,67.04,,0.82,74.13,72.77,A,0,75,83.0,57.0,75.0
Female,19.0,Business,58.11,43.59,94.79,78.42,91.41,7.82,84.23,68.6,F,0,17,70.0,25.0,39.0
Female,23.0,Engineering,78.84,92.99,86.12,88.88,99.39,3.34,55.82,79.55,C,1,74,100.0,35.0,98.0
Female,19.0,CS,95.57,80.45,99.03,,61.15,6.66,55.16,66.17,B,1,58,41.0,69.0,72.0
Female,21.0,CS,92.13,62.22,68.59,76.99,94.41,3.46,95.03,81.84,A,0,87,100.0,33.0,74.0
Female,19.0,CS,79.34,51.43,45.06,69.17,76.89,7.96,65.19,60.13,C,0,86,71.0,91.0,83.0
Male,19.0,CS,68.85,88.99,97.33,70.38,79.57,8.88,66.35,87.88,B,0,59,91.0,74.0,52.0
Female,22.0,CS,54.35,76.19,40.25,71.66,94.81,8.38,88.84,89.08,C,1,48,93.0,69.0,55.0
Male,20.0,Engineering,73.48,61.62,86.57,67.44,97.13,4.84,70.75,78.93,A,0,37,77.0,55.0,9.0
Female,22.0,CS,87.6,66.63,41.88,84.95,86.34,0.84,91.65,68.47,B,0,39,92.0,43.0,75.0
Female,21.0,CS,68.01,89.59,85.67,56.27,67.39,3.72,70.07,50.72,F,0,54,17.0,88.0,85.0
Female,19.0,CS,61.53,60.34,96.28,65.8,74.48,4.24,88.03,56.08,B,0,40,87.0,46.0,69.0
Male,24.0,Engineering,96.57,45.38,63.36,88.95,80.75,9.6,76.27,53.98,A,1,75,90.0,91.0,75.0
Female,20.0,Engineering,91.08,94.68,54.46,64.91,91.43,5.65,96.79,50.51,A,0,29,53.0,76.0,66.0
Male,23.0,Engineering,57.47,63.24,53.58,52.13,82.9,6.41,66.37,86.11,D,0,77,34.0,63.0,76.0
Male,23.0,CS,56.84,60.9,69.5,85.57,68.27,7.82,68.13,97.8,F,1,22,69.0,97.0,29.0
Female,19.0,CS,57.25,,50.25,86.72,70.89,5.68,98.5,50.56,F,0,14,39.0,87.0,70.0
Male,19.0,CS,55.16,93.85,80.38,98.18,52.52,5.98,86.88,55.63,F,0,81,70.0,72.0,61.0
Female,23.0,CS,80.81,,62.1,62.69,96.21,2.45,88.63,93.03,D,0,21,77.0,46.0,58.0
Female,,Business,55.78,78.2,59.39,54.14,54.41,0.59,64.8,84.43,C,1,32,62.0,52.0,37.0
Male,24.0,Mathematics,92.13,92.85,67.68,95.76,79.0,7.21,76.6,70.24,B,0,37,66.0,56.0,68.0
Female,21.0,Engineering,99.65,42.09,72.56,62.93,93.58,8.49,65.68,99.64,B,1,33,96.0,66.0,31.0
Female,19.0,Mathematics,68.32,89.73,48.52,86.08,71.04,4.12,62.99,78.68,F,1,51,65.0,64.0,36.0
Male,23.0,Engineering,72.68,64.64,82.47,53.03,90.01,5.49,76.76,83.48,A,1,63,79.0,98.0,33.0
Male,24.0,CS,85.58,79.48,92.98,88.03,90.19,3.07,99.39,82.66,A,1,85,50.0,59.0,38.0
Male,18.0,Mathematics,96.86,62.34,56.68,56.35,52.99,,60.73,61.14,A,1,92,62.0,91.0,69.0
Male,23.0,CS,94.7,81.73,50.82,84.78,70.61,2.09,62.13,74.41,A,1,93,79.0,77.0,90.0
Male,20.0,Engineering,52.88,55.26,85.63,76.62,,7.6,62.16,60.82,F,1,47,77.0,69.0,100.0
Male,20.0,CS,67.48,41.32,51.01,71.53,71.12,,89.59,75.47,B,1,37,37.0,83.0,87.0
Female,18.0,CS,87.73,96.87,42.48,51.85,77.26,5.47,,51.54,A,0,66,69.0,68.0,41.0
Male,21.0,Engineering,84.44,40.98,77.15,64.6,79.72,0.37,69.24,69.1,A,0,96,73.0,45.0,76.0
Male,19.0,Engineering,56.66,89.45,54.39,53.48,57.56,6.22,92.19,68.61,D,1,72,43.0,60.0,68.0
Female,19.0,CS,75.1,50.15,50.31,93.96,70.6,2.03,64.87,64.58,B,0,84,100.0,70.0,74.0
Female,23.0,CS,89.04,63.53,98.9,79.7,51.42,3.83,69.61,53.96,A,0,48,77.0,55.0,86.0
Male,20.0,CS,60.94,89.35,57.51,76.75,57.48,4.13,53.68,88.55,B,1,70,82.0,49.0,97.0
Male,21.0,Mathematics,65.79,52.36,94.21,56.57,75.61,4.49,55.95,71.02,D,1,18,79.0,70.0,84.0
Female,21.0,Business,52.65,91.94,50.69,74.45,78.68,2.27,56.84,90.7,F,0,71,65.0,51.0,87.0
Male,21.0,Engineering,89.11,69.87,89.14,69.94,57.31,8.5,67.35,91.79,A,0,62,56.0,67.0,63.0
Male,23.0,CS,80.79,61.97,70.12,65.79,87.78,4.28,76.2,60.68,A,0,29,79.0,94.0,68.0
Female,19.0,Business,65.76,79.75,44.72,88.61,68.65,6.12,50.04,71.07,C,0,71,43.0,46.0,90.0
Male,,CS,86.05,60.48,84.02,53.06,96.03,6.14,59.5,86.05,A,0,44,51.0,49.0,40.0
Female,23.0,CS,89.12,60.84,93.52,82.33,69.38,6.07,58.78,74.97,B,1,16,87.0,10.0,86.0
Male,23.0,CS,96.69,84.01,49.78,91.15,57.49,5.59,62.67,92.75,A,0,27,72.0,77.0,51.0
Female,18.0,Business,68.39,58.59,83.54,95.37,87.9,8.23,58.3,78.58,F,0,69,82.0,93.0,87.0
Female,22.0,CS,84.3,52.05,66.7,87.3,78.39,8.13,59.76,81.48,D,0,86,72.0,97.0,59.0
Female,21.0,CS,80.13,88.46,85.23,64.12,69.33,4.17,99.19,89.35,B,0,25,73.0,61.0,24.0
Male,22.0,Engineering,76.26,88.32,82.84,80.03,67.8,6.36,79.74,56.11,C,0,58,67.0,65.0,84.0
Female,19.0,CS,,69.86,41.6,57.07,57.54,1.03,88.13,79.21,A,0,0,100.0,73.0,33.0
Male,23.0,Engineering,50.16,71.6,50.72,55.85,67.04,0.91,90.97,54.27,F,0,23,90.0,51.0,97.0
Female,24.0,Engineering,64.11,81.76,68.26,81.93,51.47,,83.38,63.03,F,0,47,93.0,76.0,76.0
Female,21.0,Engineering,76.91,70.56,,92.56,75.12,9.0,85.2,60.63,B,0,34,54.0,62.0,55.0
Female,24.0,CS,58.91,65.02,60.52,53.36,94.84,6.5,81.61,78.35,F,1,58,80.0,32.0,75.0
Male,20.0,CS,95.39,99.69,77.73,55.3,89.77,6.69,82.47,92.2,B,1,100,35.0,73.0,43.0
Male,19.0,Business,82.38,48.86,40.73,78.28,51.43,1.58,96.42,56.64,D,1,65,58.0,61.0,95.0
Female,18.0,Business,73.89,75.56,82.67,60.91,94.06,4.53,59.29,88.42,F,1,94,36.0,69.0,63.0
Male,18.0,CS,90.74,93.15,76.18,80.59,72.62,4.01,63.74,57.15,A,0,42,50.0,48.0,64.0
Male,22.0,CS,72.54,81.23,82.92,60.73,59.54,7.83,54.66,59.48,F,0,58,66.0,81.0,98.0
Male,23.0,CS,77.93,92.86,94.28,55.82,87.62,1.38,91.87,95.85,F,0,66,52.0,62.0,69.0
Female,22.0, engineering ,50.14,60.18,48.79,77.28,,5.39,72.44,50.49,F,0,80,45.0,41.0,50.0
Male,20.0,Business,68.29,,55.7,93.11,62.67,9.11,95.36,59.86,A,0,19,66.0,51.0,39.0
Female,20.0,CS,56.94,91.08,99.75,84.26,58.07,8.92,70.58,60.78,C,0,61,37.0,70.0,85.0
Female,18.0,Engineering,84.48,63.65,49.38,90.94,74.33,8.52,72.13,64.09,B,0,41,82.0,37.0,39.0
Female,24.0,Business,73.95,82.58,83.24,63.32,54.67,3.75,72.42,68.17,B,1,78,60.0,81.0,23.0
Male,21.0,Mathematics,65.09,48.86,83.5,94.3,89.28,9.41,80.62,55.16,D,0,29,29.0,61.0,75.0
Female,18.0,CS,73.39,85.35,80.98,68.85,73.53,8.05,88.31,73.42,A,1,63,82.0,77.0,80.0
Male,18.0,CS,60.48,72.94,53.65,92.62,72.35,8.51,67.56,69.97,F,0,88,94.0,98.0,42.0
Male,24.0,CS,96.25,56.12,52.91,73.56,50.09,9.32,81.51,81.25,A,1,21,52.0,73.0,49.0
Female,24.0,Business,52.7,69.67,79.98,63.39,90.89,9.37,60.2,93.38,D,0,51,67.0,63.0,41.0
Female,20.0,Business,93.27,81.82,51.18,86.52,74.64,2.4,77.7,64.89,A,1,38,67.0,94.0,40.0
Female,,Engineering,94.88,40.71,79.69,78.38,71.99,1.28,77.33,77.32,F,1,100,59.0,92.0,98.0
Male,22.0,CS,80.95,78.25,69.55,53.95,88.07,6.91,94.44,68.57,F,1,25,81.0,49.0,54.0
Male,20.0,CS,66.08,72.5,63.2,96.5,53.14,5.63,94.79,52.01,D,1,83,76.0,87.0,62.0
Female,24.0,CS,98.33,53.22,58.01,63.57,68.33,3.27,74.36,91.05,A,0,63,85.0,64.0,90.0
 FEMALE ,23.0,Engineering,85.63,85.18,96.85,66.78,78.79,6.84,51.23,81.71,B,0,34,58.0,77.0,55.0
Male,20.0,CS,79.44,58.21,70.49,61.67,73.03,0.62,92.23,50.11,C,0,23,77.0,64.0,100.0
Male,20.0,Computer Science,77.56,56.61,73.68,50.15,59.08,0.47,50.03,62.48,F,0,69,77.0,72.0,55.0
Female,18.0,Business,94.05,68.27,96.96,51.25,64.96,3.54,73.91,65.45,A,0,39,85.0,54.0,71.0
Male,,CS,54.06,80.57,79.23,79.53,65.01,1.94,50.99,90.58,B,0,80,74.0,100.0,48.0
Male,18.0,Engineering,99.52,95.73,97.47,99.31,99.6,7.19,67.63,88.04,B,0,68,85.0,67.0,82.0
Male,19.0,CS,85.07,48.48,46.38,52.05,66.31,9.48,81.84,69.81,A,0,73,65.0,84.0,71.0
Male,20.0,BUSINESS,60.44,63.79,90.8,96.43,60.26,6.62,68.56,57.87,D,0,24,87.0,87.0,46.0
Male,24.0,Engineering,70.28,44.02,60.12,55.85,91.13,6.55,96.34,69.3,F,0,31,100.0,24.0,75.0
Male,24.0,Mathematics,66.72,85.51,88.63,95.65,71.06,,82.04,90.51,B,0,96,61.0,88.0,9.0
Female,24.0,Engineering,52.01,66.86,91.34,55.36,72.19,5.12,82.32,72.62,B,1,100,71.0,68.0,28.0
Male,20.0,Math,88.02,82.42,56.29,87.2,77.44,8.17,68.72,55.79,A,0,72,100.0,85.0,76.0
Female,24.0,Business,,59.33,64.53,94.98,,6.54,51.93,51.93,F,0,30,17.0,56.0,30.0
Female,19.0,Engineering,51.9,90.66,83.56,67.91,79.53,2.28,86.91,66.67,F,0,34,66.0,62.0,66.0
Male,20.0,Mathematics,93.87,72.09,45.94,53.96,51.72,8.48,85.81,57.42,A,0,17,69.0,51.0,99.0
Female,24.0,CS,64.84,96.62,85.33,80.24,90.94,9.64,76.51,87.25,D,1,17,69.0,86.0,76.0
Female,20.0,CS,99.85,44.73,46.63,51.32,59.74,2.79,70.81,63.94,A,0,15,100.0,96.0,75.0
Female,23.0,CS,97.71,70.86,94.87,75.06,64.62,2.07,76.92,93.87,A,1,26,76.0,75.0,59.0
Male,20.0,Engineering,97.03,85.99,56.58,80.21,58.67,3.39,87.34,80.87,A,1,16,60.0,90.0,57.0
Female,19.0,Business,90.56,76.01,74.54,86.63,88.35,0.63,85.64,69.68,A,0,13,90.0,24.0,52.0
Male,18.0,Business,61.03,41.39,47.03,99.57,79.18,8.73,82.91,80.5,F,1,52,83.0,76.0,81.0
Female,20.0,CS,76.63,98.34,56.17,63.0,87.76,9.29,95.19,64.76,B,1,72,94.0,100.0,74.0
Female,21.0,Engineering,61.22,57.9,64.24,66.12,82.67,6.33,80.49,57.07,D,0,11,68.0,64.0,57.0
Female,19.0,CS,62.98,54.96,69.22,67.06,55.21,7.64,50.73,98.21,C,0,22,40.0,54.0,47.0
Female,22.0,Engineering,80.55,69.14,40.0,86.58,65.07,6.69,80.9,78.16,A,0,82,47.0,45.0,74.0
Male,23.0,CS,52.04,72.53,93.32,96.59,75.36,3.77,80.63,50.37,F,0,43,79.0,62.0,77.0
Female,19.0,Math,98.47,85.98,40.46,98.72,65.25,6.32,53.48,65.52,B,0,55,56.0,94.0,80.0
Female,18.0,CS,95.93,63.6,86.42,97.29,60.37,8.36,71.39,57.98,A,0,59,84.0,30.0,35.0
Male,24.0,CS,69.04,66.4,68.23,93.97,93.49,8.1,82.55,62.91,C,0,76,85.0,80.0,57.0
Male,24.0,Business,75.77,72.1,71.43,99.55,87.39,0.81,85.23,52.79,C,1,45,17.0,39.0,81.0
Male,19.0,Engineering,73.31,63.66,52.5,68.8,67.26,,94.65,62.25,B,1,25,59.0,85.0,35.0
Female,,CS,94.11,94.87,76.44,97.42,88.25,3.97,92.07,84.15,A,0,40,54.0,32.0,71.0
Male,24.0,Engineering,51.44,91.08,72.23,88.05,81.38,7.52,55.83,91.03,C,0,32,78.0,72.0,46.0
Male,23.0,CS,63.91,67.3,49.85,58.42,50.19,5.01,80.44,67.37,B,0,48,37.0,66.0,41.0
Male,21.0,Mathematics,72.34,40.01,54.29,52.27,69.01,,79.82,76.12,D,1,79,53.0,72.0,100.0
Male,22.0,Engineering,71.45,94.06,44.01,60.72,64.52,7.06,65.19,52.09,F,1,41,91.0,76.0,85.0
Male,19.0,CS,97.97,47.46,43.98,88.94,60.9,4.74,59.21,54.54,B,0,55,90.0,67.0,78.0
Male,22.0,Engineering,88.22,54.67,40.83,81.58,62.58,2.57,59.98,77.6,C,1,55,61.0,71.0,45.0
Female,24.0,CS,50.25,49.14,53.23,,97.12,8.9,58.88,92.03,A,0,31,56.0,81.0,42.0
Male,24.0,Business,94.03,50.79,80.78,87.1,74.32,1.13,90.31,54.4,A,0,24,43.0,83.0,50.0
Female,19.0,Mathematics,94.83,88.17,58.97,57.07,92.39,0.18,57.42,70.93,A,0,19,58.0,68.0,86.0
Male,24.0,Business,93.59,74.77,60.56,91.09,60.71,1.44,63.22,98.52,A,0,93,56.0,64.0,19.0
Male,24.0,CS,75.55,97.37,47.91,56.12,58.72,1.64,60.89,86.94,F,0,53,87.0,89.0,56.0
Male,21.0,CS,82.99,53.89,74.53,98.63,94.44,5.38,85.64,59.88,F,0,25,100.0,51.0,82.0
Female,21.0,CS,78.17,69.14,60.53,57.51,,6.25,57.92,64.26,A,0,62,57.0,59.0,82.0
Male,18.0,Engineering,53.47,98.65,80.58,95.33,94.76,4.49,51.2,97.4,F,0,38,77.0,51.0,60.0
Male,21.0,Engineering,79.79,89.59,84.49,67.06,53.15,2.04,68.71,61.05,A,1,58,69.0,56.0,44.0
Male,20.0,Engineering,50.68,83.72,75.08,70.8,95.82,1.32,65.25,72.05,D,0,24,89.0,68.0,34.0
Male,22.0,Mathematics,66.25,51.34,56.56,73.42,70.77,4.92,69.89,67.78,B,0,24,51.0,75.0,55.0
Female,22.0,CS,96.61,86.16,70.52,81.35,57.77,,87.69,74.5,A,0,39,88.0,64.0,88.0
Female,19.0,CS,65.2,60.85,55.12,99.74,84.17,3.04,50.62,61.83,D,1,42,36.0,88.0,49.0
Female,21.0,CS,96.99,71.83,94.17,72.62,89.85,2.2,51.89,83.42,A,1,49,78.0,58.0,72.0
Female,18.0,CS,62.51,76.55,85.98,96.34,52.37,0.81,62.78,61.73,B,0,33,99.0,96.0,72.0
Female,24.0,CS,65.73,76.56,69.58,62.75,99.36,0.26,94.46,80.11,D,1,45,52.0,43.0,33.0
Male,18.0,Engineering,81.42,83.59,97.93,69.92,84.85,1.06,58.45,67.89,F,0,38,48.0,61.0,54.0
Male,18.0,CS,88.08,79.7,72.81,,66.07,7.42,99.85,62.57,A,0,91,100.0,84.0,60.0
Male,23.0,CS,75.07,44.1,59.71,66.15,57.56,3.44,90.28,84.75,B,0,68,54.0,47.0,84.0
Female,24.0,Business,77.42,67.44,45.73,98.84,69.63,0.27,72.81,98.26,D,0,32,58.0,10.0,45.0
Male,20.0,CS,52.01,79.84,72.62,86.28,61.03,5.08,87.39,93.47,F,0,72,96.0,84.0,15.0
Female,21.0,Engineering,96.11,57.76,91.62,73.94,74.71,5.36,75.94,54.34,A,0,75,100.0,100.0,92.0
Male,24.0,CS,59.82,58.78,92.0,,89.09,4.29,78.3,72.72,D,0,46,49.0,90.0,55.0
 FEMALE ,18.0,Engineering,94.21,47.47,76.27,73.37,83.01,1.11,79.04,84.74,A,0,45,62.0,100.0,40.0
Male,24.0,Mathematics,70.04,65.12,63.61,50.86,71.8,7.55,82.44,78.13,C,0,37,60.0,98.0,38.0
Male,20.0,CS,91.64,99.21,79.02,77.16,55.95,6.89,53.04,86.32,A,0,37,96.0,73.0,82.0
Male,22.0,Engineering,83.58,57.12,85.73,81.26,97.86,3.95,80.82,98.76,D,0,76,60.0,40.0,60.0
Male,19.0,BUSINESS,58.8,71.89,64.7,99.06,63.52,3.81,85.85,67.11,D,1,68,59.0,78.0,87.0
Female,21.0, engineering ,95.9,84.59,68.58,52.04,63.89,1.56,65.54,88.54,B,0,56,85.0,63.0,79.0
Male,21.0,CS,62.28,40.81,80.84,75.6,82.28,7.54,98.93,54.7,D,0,47,30.0,54.0,83.0
Male,23.0,CS,62.21,94.03,92.6,54.91,88.53,6.0,57.22,93.49,F,0,100,51.0,52.0,43.0
Male,,Engineering,90.71,63.19,87.46,57.45,99.21,0.86,95.52,88.92,B,1,37,27.0,52.0,55.0
Female,21.0,BUSINESS,55.29,92.15,41.34,80.52,98.46,3.78,83.82,76.05,F,0,32,62.0,78.0,45.0
Male,23.0,CS,61.1,42.34,47.46,61.58,95.69,9.04,83.22,91.05,B,0,0,78.0,72.0,51.0
Male,,CS,75.18,48.74,91.17,68.53,71.77,4.52,93.8,83.33,C,0,37,100.0,83.0,35.0
Male,23.0,CS,91.52,59.35,90.03,75.71,58.33,3.25,91.59,77.61,A,1,48,83.0,74.0,82.0
Male,21.0,CS,57.37,60.73,63.33,60.91,79.22,6.44,67.27,97.3,C,1,54,87.0,58.0,57.0
Male,21.0,CS,77.38,90.87,75.06,74.69,50.86,2.03,85.27,56.51,C,1,67,100.0,62.0,83.0
Female,21.0,CS,69.64,40.67,94.35,50.04,59.81,,52.53,99.65,F,1,79,100.0,45.0,39.0
Female,20.0,CS,93.03,78.47,94.69,93.14,50.13,,73.2,57.72,A,0,76,69.0,66.0,64.0
Female,23.0,CS,96.78,47.88,,50.63,59.03,8.55,,74.01,A,0,62,79.0,33.0,67.0
Male,20.0,Mathematics,89.23,89.39,52.58,76.59,73.74,,,61.57,B,1,17,95.0,85.0,86.0
Female,19.0,CS,82.64,86.71,83.82,80.58,69.67,3.84,52.5,63.6,B,0,48,56.0,45.0,30.0
Male,21.0,CS,71.68,70.0,46.07,98.68,68.46,7.68,79.15,81.59,A,1,30,68.0,79.0,57.0
Male,24.0,CS,55.61,52.76,93.64,92.8,91.55,8.98,67.75,51.74,D,0,24,52.0,76.0,15.0
Male,22.0,Mathematics,85.49,78.07,48.95,62.6,83.75,4.78,68.98,97.04,A,1,61,90.0,84.0,45.0
Male,18.0,Business,99.64,49.38,79.74,59.83,96.82,0.05,79.12,63.98,A,0,46,91.0,50.0,100.0
Female,19.0,Business,86.84,51.4,76.61,81.31,72.27,8.81,81.08,63.63,A,0,64,64.0,100.0,95.0
Female,24.0,CS,50.84,77.6,86.61,91.13,63.61,1.65,71.87,93.18,C,1,65,80.0,49.0,91.0
Female,18.0,Business,74.81,99.47,73.09,68.1,56.13,1.26,75.38,88.24,C,1,13,33.0,62.0,43.0
Male,18.0,Engineering,80.73,93.46,43.57,71.62,83.6,3.08,99.66,83.59,C,0,56,68.0,89.0,100.0
Female,21.0,CS,66.64,75.59,82.35,55.77,92.09,3.8,97.86,57.32,F,0,60,100.0,57.0,41.0
Female,22.0,Engineering,85.99,72.31,62.99,70.44,59.19,7.99,85.37,88.48,A,0,0,60.0,54.0,51.0
Male,18.0,Business,95.94,99.9,59.22,78.42,93.94,3.89,58.07,68.04,A,1,29,48.0,54.0,45.0
Female,23.0,Business,61.17,72.84,99.5,55.13,76.31,,68.0,99.69,D,0,38,100.0,91.0,57.0
Male,24.0,Business,97.11,65.21,75.42,60.1,57.2,6.36,94.15,83.56,A,0,20,38.0,40.0,62.0
Female,18.0,Mathematics,84.83,94.57,82.64,61.73,82.14,6.71,71.18,91.79,C,0,62,35.0,30.0,65.0
Female,,CS,61.84,54.05,71.58,72.2,76.0,8.14,97.77,86.69,F,0,56,30.0,98.0,58.0
Female,22.0, engineering ,66.12,45.85,86.2,52.28,51.41,3.99,74.42,79.71,D,1,86,88.0,37.0,60.0
Male,22.0,CS,96.1,78.05,85.12,50.32,69.96,0.86,93.09,85.82,A,0,28,58.0,88.0,72.0
Female,18.0,Business,94.37,45.75,79.43,96.43,89.24,5.53,51.77,79.87,A,0,56,69.0,74.0,76.0
Female,22.0,CS,70.26,62.39,99.86,51.22,77.77,1.21,71.71,52.56,A,0,24,75.0,81.0,80.0
Female,19.0,Business,51.92,65.41,67.59,81.55,64.1,0.17,85.01,67.28,F,0,76,34.0,44.0,63.0
Female,24.0,CS,52.42,72.85,82.37,91.79,96.43,7.79,93.18,65.82,F,1,89,68.0,42.0,28.0
Male,19.0,CS,64.2,99.5,87.87,65.66,61.89,4.03,80.48,85.7,A,1,75,63.0,49.0,56.0
Male,19.0,CS,81.46,53.26,62.56,56.58,62.64,5.25,58.66,78.81,F,0,30,56.0,62.0,70.0
Female,23.0,CS,79.21,62.55,67.43,52.17,67.73,6.63,94.29,80.52,C,0,54,32.0,53.0,49.0
Female,21.0,Business,81.69,47.93,98.15,84.54,94.73,4.01,78.74,92.35,C,0,66,63.0,69.0,74.0
Female,18.0,CS,85.86,76.46,41.94,77.61,75.38,0.51,55.4,76.27,A,1,37,76.0,59.0,59.0
Male,24.0,Engineering,50.95,83.66,60.12,72.66,84.11,2.53,73.19,60.91,F,0,30,93.0,11.0,46.0
Female,22.0,CS,55.25,68.92,69.17,91.58,98.81,1.94,84.95,50.62,D,0,80,96.0,49.0,100.0
Female,19.0,CS,67.5,54.75,40.09,86.78,89.16,9.77,72.55,57.97,F,0,31,48.0,61.0,93.0
Male,18.0,CS,57.74,77.25,93.95,63.82,58.63,7.4,93.54,51.53,F,0,70,90.0,55.0,83.0
Male,24.0,CS,75.35,72.35,57.17,87.67,89.42,4.52,71.18,61.85,C,0,46,91.0,61.0,33.0
Male,24.0,Business,83.1,50.27,55.46,62.25,87.42,0.63,79.17,81.75,A,0,86,100.0,75.0,56.0
Female,18.0,Engineering,,,89.22,83.76,61.63,1.16,60.56,57.57,A,1,49,49.0,79.0,49.0
Male,21.0,CS,87.63,66.11,56.68,55.93,66.27,8.13,75.63,54.1,A,1,61,74.0,57.0,41.0
Male,23.0,Engineering,52.93,98.96,79.46,84.61,85.51,9.45,61.14,98.54,F,0,100,100.0,75.0,66.0
Female,22.0,CS,83.29,90.96,89.29,61.94,61.92,0.31,61.26,99.85,D,0,61,95.0,58.0,100.0
Male,23.0,CS,86.77,84.06,87.55,78.62,60.41,9.1,64.0,81.85,A,1,13,46.0,89.0,75.0
Female,24.0,Engineering,63.59,93.33,86.92,58.62,85.17,3.81,52.21,55.43,B,0,51,84.0,64.0,45.0
Female,22.0,CS,99.65,84.13,45.32,86.3,94.03,2.14,58.17,91.08,A,0,99,50.0,85.0,78.0
Male,24.0,Engineering,59.16,94.2,44.79,53.04,53.75,1.02,71.22,76.96,D,0,51,83.0,40.0,49.0
Female,19.0,Engineering,60.72,43.27,58.41,58.27,72.3,7.72,56.55,59.1,A,0,37,84.0,65.0,99.0
Male,19.0,Business,64.45,67.36,42.16,,80.36,4.69,56.67,78.78,C,0,30,74.0,85.0,27.0
Male,18.0,Mathematics,98.77,84.81,70.03,52.07,83.81,8.32,98.4,51.97,B,0,30,64.0,98.0,72.0
Male,22.0,CS,99.41,75.0,63.69,87.25,99.81,2.26,71.35,98.62,A,1,63,92.0,56.0,59.0
Female,22.0,CS,89.74,50.51,73.42,99.05,84.13,6.79,70.19,91.3,B,0,28,90.0,66.0,82.0
Male,24.0,CS,81.45,,57.93,88.92,81.01,1.18,63.39,63.04,B,0,70,87.0,79.0,68.0
Female,23.0,CS,76.0,59.07,69.15,93.03,99.49,0.9,75.62,70.95,F,1,45,25.0,91.0,56.0
Female,19.0,Business,98.53,55.68,60.08,50.3,53.03,1.33,79.8,69.76,B,1,43,37.0,63.0,67.0
Female,20.0,Business,84.78,60.59,51.71,93.35,53.72,8.09,70.91,93.07,D,0,80,84.0,29.0,52.0
Male,18.0,Engineering,97.24,70.89,78.96,77.95,78.03,6.56,69.69,67.73,A,0,29,17.0,33.0,48.0
Female,22.0,Engineering,65.83,91.29,80.41,98.89,67.93,1.66,85.02,52.4,D,0,50,51.0,88.0,69.0
Female,21.0,CS,58.39,84.52,89.75,83.04,54.83,3.85,97.49,60.73,A,1,50,67.0,57.0,45.0
Male,21.0,Engineering,92.74,90.11,92.49,68.71,65.32,7.64,93.89,60.78,B,0,83,41.0,65.0,71.0
Male,20.0,Business,57.49,93.02,82.27,57.31,83.72,2.86,55.93,97.46,F,0,37,61.0,43.0,89.0
Female,19.0,Engineering,97.3,64.97,81.25,57.64,94.03,9.21,82.62,96.2,A,1,52,53.0,97.0,79.0
Female,19.0,CS,75.37,60.76,43.4,68.14,54.72,9.15,50.35,65.03,C,1,36,74.0,54.0,32.0
Male,19.0,Engineering,96.32,43.46,46.59,85.69,77.01,5.53,81.65,50.14,A,0,50,59.0,33.0,69.0
Female,23.0,CS,66.84,95.83,88.75,51.59,64.81,6.32,73.22,75.85,B,1,69,55.0,59.0,71.0
Female,24.0,Engineering,85.8,43.95,53.98,92.61,83.37,6.53,74.56,89.86,A,0,29,67.0,55.0,31.0
Female,21.0,Engineering,74.14,84.47,61.33,97.08,77.47,2.58,79.4,63.43,F,1,57,67.0,94.0,100.0
Female,19.0,CS,81.34,62.69,48.72,94.44,96.34,3.65,87.13,71.95,C,0,68,75.0,82.0,53.0
Male,21.0,Business,75.22,96.93,51.71,93.96,51.88,1.36,86.47,58.64,F,1,35,82.0,51.0,68.0
 FEMALE ,20.0,Business,98.36,65.18,86.53,50.77,73.5,9.25,52.22,66.37,A,0,84,97.0,64.0,100.0
Male,18.0,CS,84.61,89.0,55.71,98.89,59.64,7.24,86.82,87.94,D,0,52,37.0,100.0,69.0
Female,24.0,Mathematics,62.57,56.96,66.94,85.13,76.84,0.46,91.49,71.41,D,0,14,85.0,72.0,40.0
Male,23.0,Engineering,95.48,57.95,49.1,93.46,92.68,5.49,,72.36,A,1,94,70.0,61.0,56.0
Female,22.0,Business,64.7,75.73,80.68,59.34,95.57,3.43,66.15,89.48,D,1,32,63.0,68.0,44.0
Male,20.0,Business,68.58,99.88,83.7,72.33,69.91,8.15,89.6,88.15,A,1,53,90.0,64.0,60.0
Female,24.0,Engineering,55.11,71.05,61.7,52.21,90.59,3.44,74.66,59.36,F,1,47,100.0,57.0,89.0
Male,21.0,Business,95.0,96.18,87.08,52.0,64.03,6.44,84.74,70.76,B,0,62,91.0,76.0,69.0
Female,20.0,CS,64.31,87.17,54.39,97.16,50.32,1.66,75.12,92.44,A,0,43,41.0,83.0,40.0
Female,22.0,CS,62.95,87.75,81.51,90.53,92.76,5.59,98.91,72.84,C,0,29,56.0,62.0,36.0
Male,24.0,Engineering,96.01,66.16,83.8,76.49,55.97,2.94,96.81,83.09,B,0,60,55.0,67.0,14.0
Male,23.0,Business,90.28,63.19,98.12,76.27,50.88,1.65,,65.3,B,0,34,81.0,35.0,62.0
Male,18.0,Business,57.05,51.52,53.94,87.44,67.69,6.19,69.29,52.98,F,1,41,37.0,32.0,67.0
Male,22.0,Engineering,88.47,97.84,45.62,67.08,68.97,6.39,71.57,58.24,A,1,70,47.0,40.0,59.0
Male,24.0,Engineering,68.36,,55.78,88.09,53.86,9.83,55.21,70.09,F,0,57,17.0,67.0,92.0
Female,23.0,CS,53.93,84.82,47.37,74.25,90.71,6.69,70.2,67.67,C,1,49,90.0,84.0,29.0
Male,21.0,Mathematics,91.26,57.78,50.18,81.9,70.28,5.16,88.74,94.78,A,0,45,95.0,66.0,89.0
Male,22.0,CS,77.37,54.71,60.05,98.24,74.5,9.13,,77.28,F,1,47,51.0,87.0,82.0
Female,20.0,Business,83.46,99.32,64.84,73.57,63.23,8.28,94.31,81.36,C,0,15,67.0,51.0,61.0
Male,19.0,Engineering,74.64,43.99,94.22,71.63,75.58,5.49,50.73,84.43,D,1,59,57.0,59.0,73.0
Male,20.0,Engineering,84.89,90.61,51.74,95.29,88.34,5.11,89.44,76.58,D,0,87,94.0,70.0,52.0
Male,21.0,CS,51.7,61.33,98.31,95.13,95.31,9.42,75.13,88.48,D,0,58,77.0,74.0,92.0
Female,24.0,Mathematics,88.14,65.13,88.61,99.62,98.53,6.17,60.31,89.16,A,0,54,91.0,75.0,55.0
Male,18.0,Engineering,51.67,89.92,92.89,77.54,71.34,7.14,74.94,67.57,D,0,22,40.0,54.0,65.0
Female,22.0,Mathematics,62.42,45.44,95.77,67.21,99.5,0.87,92.21,54.24,D,1,48,72.0,100.0,58.0
Female,24.0,CS,57.55,61.25,85.19,85.57,64.75,7.18,71.71,99.32,F,0,64,99.0,83.0,100.0
Male,18.0,Engineering,91.18,97.12,87.33,51.7,50.35,2.65,99.52,82.13,A,1,38,69.0,61.0,83.0
Female,21.0,Business,65.68,81.94,66.27,86.34,88.38,1.16,80.83,85.45,F,0,24,58.0,55.0,55.0
Male,22.0,Business,72.7,85.3,70.63,61.67,58.92,8.5,74.49,87.83,A,0,31,67.0,39.0,68.0
Male,23.0,Mathematics,71.44,85.45,95.95,80.33,52.62,,64.74,80.65,C,1,49,83.0,39.0,40.0
Male,23.0,CS,88.63,43.63,62.7,95.83,96.2,4.08,50.55,73.55,B,1,61,98.0,99.0,29.0
Male,24.0,CS,74.06,52.19,42.52,97.51,89.59,4.31,80.53,99.23,B,0,87,88.0,45.0,95.0
Male,20.0,Engineering,89.45,69.48,85.77,50.22,55.13,1.97,78.87,86.38,A,1,61,100.0,77.0,92.0
Female,24.0,CS,53.68,62.09,74.39,65.85,88.85,0.1,75.84,92.29,F,1,45,88.0,46.0,44.0
Female,20.0,Mathematics,51.53,64.65,88.89,,92.2,3.49,76.89,71.98,B,0,67,42.0,78.0,76.0
Female,21.0,CS,77.58,86.89,44.53,76.82,95.27,1.48,92.18,95.24,F,0,37,83.0,100.0,59.0
Female,23.0,Engineering,97.35,40.88,77.27,90.38,77.18,4.22,65.84,86.61,A,0,50,64.0,90.0,32.0
Male,22.0,CS,53.74,79.63,54.86,92.67,85.17,8.34,77.51,87.31,C,0,48,22.0,72.0,60.0
Male,23.0,Engineering,52.15,40.01,94.2,72.13,88.11,1.15,84.0,54.35,D,1,42,55.0,72.0,56.0
Female,20.0,CS,57.83,43.78,46.59,63.77,84.43,0.92,60.49,80.87,F,1,50,83.0,65.0,34.0
Male,24.0,CS,82.06,64.5,90.58,72.77,82.34,9.02,96.24,66.76,A,1,27,49.0,73.0,87.0
Female,21.0,CS,69.95,90.46,45.31,82.64,77.38,7.45,86.86,83.45,B,0,43,61.0,99.0,41.0
Female,23.0,CS,91.28,48.7,41.51,68.36,73.96,0.53,52.66,78.41,A,0,26,89.0,47.0,59.0
Female,21.0,Mathematics,53.6,73.28,54.1,88.75,99.81,0.8,93.26,55.56,C,0,18,80.0,68.0,45.0
Female,23.0,CS,59.82,80.71,59.98,95.2,66.88,6.85,96.49,76.5,F,0,74,52.0,61.0,89.0
Male,24.0,Engineering,65.0,53.77,77.59,64.12,54.41,3.7,89.68,72.56,F,0,48,71.0,100.0,51.0
Male,18.0,Mathematics,81.34,70.74,47.9,98.25,88.25,7.24,71.31,88.82,D,1,37,89.0,70.0,54.0
Female,24.0,Business,84.26,94.68,66.24,81.14,60.69,4.04,99.72,75.13,F,0,26,93.0,56.0,38.0
Female,23.0,Mathematics,56.21,70.73,52.26,93.91,76.63,9.68,56.22,74.06,D,1,83,52.0,68.0,64.0
Female,20.0,Mathematics,97.19,49.44,91.32,55.2,54.79,6.94,76.83,85.97,A,0,13,94.0,54.0,53.0
Female,24.0,Engineering,67.05,77.67,42.7,62.57,80.96,0.47,58.52,83.43,B,0,60,82.0,54.0,83.0
Female,22.0,Engineering,85.66,75.53,61.36,66.05,,3.31,71.97,99.59,A,0,43,84.0,83.0,89.0
Male,20.0,Computer Science,76.21,41.62,77.88,65.14,86.14,5.64,96.37,67.6,F,0,22,72.0,93.0,59.0
Female,20.0,Engineering,61.14,45.44,94.79,58.59,60.73,1.42,89.71,84.42,C,0,38,82.0,93.0,86.0
Female,20.0,Business,92.31,49.41,92.08,93.41,98.56,0.03,89.1,58.36,A,0,51,100.0,70.0,74.0
Male,21.0,Engineering,90.91,48.18,93.71,70.93,65.35,0.79,67.69,90.23,A,0,20,100.0,38.0,65.0
Male,19.0,Business,69.8,55.57,43.77,98.16,71.83,5.24,96.71,89.31,A,1,15,71.0,86.0,27.0
Male,19.0,Business,79.43,67.25,90.46,79.17,74.91,6.32,68.41,86.29,F,1,69,97.0,64.0,40.0
Male,18.0,CS,62.89,62.3,86.79,56.92,99.54,0.93,52.0,55.95,A,0,75,50.0,53.0,100.0
Male,20.0,Business,84.49,93.44,94.15,93.27,53.44,6.65,81.89,99.38,F,1,98,71.0,63.0,75.0
Male,19.0,Engineering,65.45,76.73,58.69,99.68,84.84,6.17,68.13,97.13,F,1,77,100.0,80.0,84.0
Male,18.0,CS,92.2,92.57,94.71,78.26,68.1,9.4,57.69,68.5,A,0,64,100.0,100.0,71.0
Male,21.0,Business,60.87,71.62,64.16,50.09,53.92,8.41,96.73,78.87,D,0,68,89.0,58.0,79.0
Male,20.0,Engineering,50.74,45.39,78.05,96.65,96.75,9.43,81.86,94.44,C,0,17,35.0,55.0,58.0
Female,22.0,Business,,67.8,65.45,82.45,79.49,9.66,97.03,74.73,D,0,20,61.0,50.0,79.0
 MALE ,21.0,Engineering,59.55,89.32,65.66,84.43,87.68,4.41,79.15,79.96,F,0,60,75.0,78.0,78.0
Female,18.0,CS,75.41,51.65,72.8,75.75,62.02,4.88,53.19,80.16,C,0,19,45.0,58.0,47.0
Female,21.0,Business,60.19,45.47,61.36,66.27,88.08,2.82,51.5,82.46,A,0,32,74.0,43.0,50.0
Female,22.0,Engineering,88.16,59.77,87.56,64.13,91.42,5.08,95.03,78.78,A,0,38,62.0,68.0,9.0
Female,21.0,CS,62.07,63.33,78.02,96.44,71.54,1.51,51.94,70.3,C,1,53,89.0,44.0,76.0
Female,18.0,CS,85.35,58.38,81.39,95.6,78.6,6.71,80.76,76.97,A,0,10,63.0,38.0,26.0
Female,22.0,Business,78.92,48.11,53.86,75.66,98.59,0.25,64.9,93.57,C,0,21,67.0,64.0,52.0
Female,22.0,CS,99.31,55.05,98.17,62.92,92.34,2.36,84.38,93.21,B,0,34,77.0,72.0,55.0
Female,21.0,Business,100.0,80.94,79.61,55.12,72.24,2.08,64.24,88.63,A,1,85,63.0,63.0,76.0
Male,22.0,CS,93.48,63.16,51.83,57.83,83.23,9.38,51.86,70.71,A,0,38,62.0,77.0,64.0
Female,24.0,Engineering,88.0,77.95,85.03,76.11,89.21,1.45,86.54,89.3,A,1,35,77.0,58.0,80.0
Female,21.0,Mathematics,69.32,72.18,,65.39,51.22,8.91,65.55,69.39,A,1,62,91.0,13.0,44.0
Female,20.0,CS,87.66,72.94,43.8,52.1,79.42,1.24,77.54,83.2,A,1,45,72.0,82.0,43.0
Female,22.0,Engineering,97.83,54.91,71.65,72.76,99.23,6.51,88.69,78.37,B,1,54,89.0,43.0,63.0
 MALE ,21.0,Business,99.14,71.29,73.21,87.31,97.36,3.2,85.14,65.0,B,1,57,77.0,56.0,78.0
Female,20.0,Business,76.9,41.42,51.34,94.58,91.62,3.16,67.43,72.64,C,0,76,74.0,62.0,75.0
Male,22.0,Engineering,60.9,65.9,60.9,79.26,55.31,9.98,87.39,91.52,C,0,45,57.0,83.0,57.0
Male,20.0,Engineering,82.93,74.36,96.75,86.16,99.7,2.26,96.28,95.64,C,0,82,56.0,77.0,74.0
Female,23.0,Business,73.32,50.92,57.1,73.48,80.48,2.03,80.5,60.26,C,0,74,23.0,41.0,51.0
Female,22.0,Business,78.79,55.39,49.33,74.81,61.15,5.89,85.18,72.81,A,0,19,93.0,60.0,40.0
Male,23.0,Business,77.55,53.17,99.55,86.48,83.71,7.41,93.3,71.68,F,0,24,77.0,65.0,100.0
Female,18.0,CS,98.01,44.23,58.14,86.38,92.83,9.83,92.18,74.45,A,0,71,67.0,100.0,81.0
Female,18.0,Mathematics,77.61,60.87,80.82,71.23,55.62,7.01,67.58,98.83,B,1,94,100.0,56.0,88.0
Male,21.0,Engineering,92.31,98.74,53.89,77.18,95.82,5.62,99.59,75.94,B,1,63,95.0,71.0,60.0
Male,19.0,CS,65.99,61.23,73.01,93.26,96.01,4.09,51.43,91.5,B,0,26,64.0,69.0,73.0
Female,23.0,Computer Science,71.91,67.63,63.18,81.6,50.67,5.95,99.34,83.2,B,0,0,84.0,100.0,49.0
Female,23.0,CS,73.52,79.19,97.69,82.13,95.02,6.01,62.3,55.36,C,0,11,58.0,54.0,76.0
Female,18.0,CS,54.45,78.91,65.97,89.23,97.34,2.18,72.02,84.78,B,0,47,41.0,65.0,78.0
Male,23.0,CS,68.99,96.99,75.05,55.76,51.88,6.71,94.18,82.35,B,0,49,80.0,79.0,46.0
Female,19.0,CS,79.93,91.45,96.69,76.14,64.71,2.04,62.22,87.92,D,0,57,63.0,45.0,99.0
Male,20.0,Engineering,79.01,87.64,99.35,97.97,68.66,4.9,61.24,53.72,B,0,25,76.0,68.0,47.0
Male,20.0,CS,81.82,97.1,46.1,68.61,67.44,2.6,82.16,62.07,F,0,89,59.0,52.0,58.0
Female,19.0,CS,67.59,53.85,90.06,64.75,87.95,3.13,85.27,88.46,B,0,53,42.0,42.0,67.0
Male,23.0,CS,65.79,77.02,62.93,80.06,67.91,6.14,50.37,68.53,F,1,48,87.0,73.0,86.0
Female,23.0,CS,80.58,93.23,75.69,61.06,97.83,0.64,,95.54,B,0,25,47.0,61.0,83.0
Female,23.0,CS,56.64,77.45,62.5,77.8,99.75,0.12,74.46,75.88,D,0,84,60.0,75.0,57.0
Male,24.0,Engineering,62.65,98.65,64.07,57.78,65.84,1.31,63.59,50.05,B,0,52,55.0,27.0,63.0
Female,21.0,Mathematics,99.51,46.02,49.53,78.99,75.44,1.69,77.31,84.94,B,1,30,68.0,85.0,35.0
Male,22.0,Business,87.38,66.36,74.37,80.12,77.89,1.98,57.73,75.67,D,0,32,72.0,47.0,38.0
Male,19.0,Business,62.17,98.64,72.8,70.92,78.97,7.74,66.18,65.85,D,1,79,72.0,85.0,54.0
Female,19.0,CS,50.98,62.77,51.36,69.14,68.71,4.47,85.66,51.02,F,1,85,97.0,83.0,66.0
Female,24.0,CS,62.27,84.37,72.5,62.27,58.3,4.7,93.69,59.94,D,0,58,93.0,51.0,62.0
Female,19.0,CS,82.75,41.82,98.39,66.55,52.73,6.44,79.47,58.08,A,0,88,74.0,70.0,79.0
Female,19.0,Business,53.06,81.69,82.86,74.92,55.32,7.29,53.74,79.14,D,0,35,55.0,42.0,62.0
Male,24.0,CS,71.84,96.08,68.86,65.71,95.06,0.04,83.94,88.48,C,0,48,100.0,67.0,73.0
Male,19.0,Engineering,95.66,62.96,94.97,89.14,64.02,8.57,94.88,61.73,B,1,23,100.0,81.0,89.0
Male,23.0,CS,55.91,41.28,74.52,85.45,53.84,9.88,75.22,84.89,A,1,23,39.0,51.0,42.0
Female,24.0,CS,65.27,41.67,48.1,63.47,81.18,1.22,74.68,94.99,C,1,15,73.0,69.0,27.0
 MALE ,21.0,Mathematics,87.2,93.52,72.85,54.87,53.77,6.51,99.57,81.08,B,1,58,38.0,62.0,45.0
Male,18.0,Business,66.48,83.35,50.86,50.01,53.5,0.02,81.81,88.78,B,0,33,75.0,100.0,54.0
Female,23.0,Business,53.63,46.4,86.05,79.84,81.08,0.49,90.3,60.21,D,1,76,44.0,76.0,58.0
Female,23.0,Engineering,99.7,43.28,98.03,60.57,79.57,2.85,82.32,53.75,A,0,66,99.0,80.0,75.0
Female,22.0,Business,74.37,88.29,61.65,50.63,52.07,8.46,61.05,68.27,F,0,94,85.0,91.0,62.0
Male,24.0,Engineering,51.25,88.59,66.1,67.95,73.02,6.53,64.2,85.45,B,0,46,91.0,49.0,100.0
Female,18.0,Mathematics,83.32,47.23,65.29,98.1,71.79,4.46,83.29,84.3,D,0,69,80.0,70.0,96.0
Male,19.0,CS,91.44,58.09,57.12,86.19,77.33,4.39,72.8,97.75,F,0,15,79.0,54.0,100.0
Male,18.0,Engineering,59.72,86.8,87.65,59.14,86.89,4.66,70.22,81.5,D,1,30,94.0,79.0,24.0
Male,21.0, engineering ,60.0,71.52,77.06,57.24,64.14,3.11,51.12,70.56,B,1,76,100.0,73.0,50.0
Male,20.0,CS,79.98,97.4,43.84,53.66,71.64,8.78,94.22,89.86,C,0,57,96.0,73.0,58.0
Male,23.0,Business,95.58,68.86,90.33,50.58,89.64,5.68,94.22,57.65,B,1,99,77.0,72.0,90.0
Female,24.0,Mathematics,50.5,80.62,51.23,97.78,96.13,4.84,73.05,90.65,D,1,61,17.0,81.0,47.0
Male,24.0,Engineering,89.13,70.59,98.75,65.01,94.57,4.65,85.04,68.3,A,0,83,20.0,80.0,92.0
Female,18.0,CS,52.88,96.58,62.6,72.98,73.88,9.36,58.89,57.7,F,0,60,49.0,46.0,39.0
Male,22.0,Engineering,73.91,63.92,76.99,69.73,76.04,7.24,75.19,58.11,F,1,44,65.0,58.0,42.0
Male,21.0,Business,89.8,53.79,44.67,86.52,,1.45,71.94,99.18,F,0,69,78.0,35.0,61.0
Female,20.0,Engineering,84.34,59.6,60.68,65.5,93.44,4.37,82.83,81.16,C,1,48,65.0,98.0,52.0
Male,21.0,CS,52.92,91.17,88.14,76.77,92.0,2.88,73.48,58.71,D,1,47,60.0,73.0,85.0
Male,24.0,Engineering,70.93,69.88,68.63,99.78,65.58,9.87,74.92,63.43,C,1,45,89.0,53.0,48.0
Female,19.0,CS,79.19,61.26,94.28,72.2,,4.15,64.79,68.6,D,0,74,83.0,78.0,61.0
Female,20.0,Business,53.3,72.66,74.51,77.56,68.95,0.68,52.42,52.79,D,1,94,66.0,98.0,63.0
Male,24.0,CS,56.75,47.99,95.71,75.13,64.42,4.11,95.85,55.42,C,0,56,100.0,83.0,44.0
Male,22.0,Engineering,83.18,40.32,98.96,90.16,97.54,3.21,50.61,88.09,F,0,33,57.0,87.0,51.0
Male,20.0,Business,76.08,56.84,67.23,98.77,63.3,6.0,64.07,89.34,C,0,49,60.0,57.0,94.0
Female,24.0,CS,58.09,76.3,73.91,59.32,59.06,2.26,72.38,99.41,D,0,12,80.0,96.0,65.0
Male,22.0,CS,76.76,82.7,90.1,87.7,94.97,0.36,65.95,53.38,D,1,34,88.0,82.0,51.0
Female,19.0,CS,95.63,89.6,53.29,91.89,54.32,0.96,77.6,94.46,B,0,74,56.0,81.0,65.0
Female,22.0,CS,50.78,95.6,91.7,95.69,63.01,2.83,73.08,65.86,D,0,31,65.0,63.0,56.0
Male,21.0,CS,82.13,64.73,75.52,82.21,71.96,3.48,62.77,66.39,D,0,50,75.0,63.0,66.0
 FEMALE ,18.0,Mathematics,53.68,84.43,83.53,78.22,79.76,8.34,54.4,56.36,C,0,43,69.0,29.0,74.0
Male,21.0,Business,50.32,44.48,44.79,53.52,66.38,2.7,56.88,99.32,D,0,96,64.0,53.0,81.0
Male,24.0,Business,57.53,43.45,85.97,86.52,74.81,0.31,74.32,99.05,F,0,26,74.0,91.0,44.0
Female,24.0,Math,71.15,47.49,58.65,58.91,59.94,7.81,92.3,93.24,F,1,61,61.0,70.0,57.0
Female,23.0,Computer Science,90.12,66.91,88.31,82.0,78.71,8.69,55.03,54.54,A,0,16,100.0,72.0,89.0
Female,21.0,Computer Science,64.09,52.68,70.55,63.4,70.39,4.92,83.86,92.08,D,0,66,79.0,78.0,99.0
Female,20.0,CS,81.28,57.22,56.48,97.34,92.46,2.85,89.6,81.73,C,0,15,49.0,52.0,81.0
Female,19.0,Business,,78.87,97.17,66.08,70.79,7.72,63.84,56.44,B,1,90,60.0,63.0,42.0
Female,23.0,Engineering,61.72,61.51,85.9,57.61,72.19,0.09,83.41,63.09,A,1,29,96.0,97.0,87.0
Male,23.0,CS,75.71,73.44,99.14,99.36,79.61,9.24,84.33,84.46,D,1,41,94.0,60.0,13.0
Male,23.0,CS,89.87,64.74,61.87,87.31,56.16,8.66,85.39,90.17,B,1,57,100.0,95.0,83.0
Male,24.0,Engineering,91.62,50.14,78.95,70.74,57.84,5.45,94.54,92.4,A,1,30,84.0,77.0,57.0
Female,18.0,Engineering,92.33,44.44,76.7,96.8,89.51,2.78,69.93,77.19,A,0,86,80.0,66.0,58.0
Female,22.0,Business,66.93,54.17,81.25,54.56,63.67,0.33,62.18,76.73,C,1,62,75.0,100.0,67.0
Female,20.0,CS,77.91,43.46,42.3,54.38,84.23,10.0,77.19,84.21,A,0,49,50.0,51.0,77.0
Male,24.0,Mathematics,60.61,77.12,57.5,84.12,54.87,7.62,53.13,88.89,D,1,52,84.0,74.0,53.0
Male,,Engineering,86.92,87.74,94.56,58.9,91.09,3.39,66.7,58.53,B,0,56,49.0,67.0,82.0
Female,24.0,Business,97.42,60.38,65.43,95.86,99.41,0.19,94.16,86.99,B,1,55,80.0,100.0,36.0
Female,18.0,Mathematics,50.69,63.23,97.64,92.02,68.68,6.39,76.6,67.08,D,0,56,58.0,88.0,54.0
Female,24.0,Mathematics,51.35,88.97,52.81,65.32,75.28,9.87,71.83,69.19,D,1,98,43.0,38.0,57.0
Female,24.0,CS,82.39,53.36,99.85,95.3,72.14,7.07,63.28,53.89,C,0,57,56.0,69.0,44.0
Male,21.0,CS,,47.15,81.85,52.14,94.71,,62.52,79.42,A,0,24,80.0,62.0,70.0
Male,19.0,Engineering,58.8,70.07,86.58,77.43,50.5,4.02,61.83,54.67,F,0,40,52.0,63.0,30.0
Male,23.0,Engineering,98.61,78.77,63.81,96.78,82.67,1.09,91.46,95.66,A,1,79,94.0,63.0,84.0
Female,,Engineering,,75.98,94.42,92.77,82.62,9.12,99.25,81.05,B,0,37,85.0,73.0,61.0
Male,19.0,Mathematics,58.22,82.83,72.73,67.8,69.12,3.3,76.74,99.51,C,0,53,69.0,32.0,78.0
Female,21.0,CS,51.03,43.41,80.86,59.14,60.97,7.33,53.99,62.28,D,0,100,83.0,70.0,91.0
Female,22.0,Engineering,89.16,65.69,45.69,60.53,61.98,0.85,87.55,83.98,A,1,73,88.0,46.0,67.0
Female,24.0,CS,53.99,54.31,77.9,75.73,90.02,1.28,93.85,98.22,F,0,36,91.0,10.0,53.0
Male,20.0,Business,,85.55,92.74,79.84,53.31,6.79,96.56,64.93,C,0,51,68.0,98.0,45.0
Male,23.0,Math,78.74,92.36,50.7,51.64,78.19,8.43,81.44,54.82,F,0,37,58.0,61.0,55.0
Female,22.0,Engineering,80.18,56.88,84.26,70.68,65.34,2.01,75.34,81.7,B,1,93,82.0,94.0,97.0
Male,18.0,CS,84.34,45.71,41.52,91.52,63.26,4.18,81.03,68.3,D,0,40,46.0,53.0,100.0
Female,24.0,Business,81.96,55.21,95.57,72.22,75.29,6.19,50.65,63.65,B,0,19,43.0,94.0,47.0
Female,23.0,Engineering,88.69,46.24,98.98,58.46,94.89,7.96,82.77,99.68,A,1,29,100.0,67.0,70.0
Female,20.0,CS,98.72,59.35,61.25,97.74,80.9,6.28,85.48,87.71,A,0,48,95.0,82.0,46.0
Male,24.0,Business,80.61,72.29,46.42,68.12,89.43,0.95,86.1,74.27,F,1,73,27.0,97.0,100.0
Male,18.0,Mathematics,85.15,98.42,79.51,89.92,80.03,5.43,78.15,52.5,A,0,46,69.0,64.0,100.0
Female,21.0,Engineering,96.42,63.96,41.79,59.69,84.89,8.85,85.0,59.58,B,1,58,61.0,74.0,73.0
Male,22.0,Engineering,84.31,53.2,68.95,71.16,71.62,8.68,81.94,64.94,C,0,55,73.0,78.0,78.0
Male,24.0,CS,84.06,50.01,56.31,74.52,96.3,5.85,55.78,74.36,A,1,59,84.0,77.0,86.0
Male,23.0,Engineering,61.19,50.38,68.4,75.03,75.1,9.96,94.92,74.86,D,0,21,91.0,93.0,83.0
Male,19.0,Engineering,76.76,51.56,41.1,75.82,77.59,1.05,81.14,51.24,A,0,94,62.0,100.0,16.0
Female,20.0,CS,78.13,85.74,43.1,71.91,76.25,4.79,86.39,97.17,D,0,21,73.0,50.0,80.0
Male,24.0,CS,85.01,43.66,40.96,75.8,65.81,7.75,67.14,77.14,A,1,76,73.0,34.0,84.0
Female,23.0,CS,99.84,99.84,77.15,74.09,61.56,1.41,95.96,50.99,A,0,69,53.0,69.0,80.0
Female,19.0,CS,51.68,71.36,73.61,60.53,53.69,9.73,,85.07,C,0,29,80.0,82.0,67.0
Male,23.0,Engineering,53.26,72.66,,80.58,85.91,3.54,83.95,53.57,F,1,45,67.0,38.0,37.0
Female,24.0,Engineering,53.9,61.45,78.8,93.28,64.46,3.5,97.61,86.06,D,0,34,100.0,98.0,85.0
Female,18.0, engineering ,87.15,81.42,93.05,99.36,69.46,2.13,95.8,85.07,A,0,12,100.0,49.0,92.0
Male,19.0,CS,56.82,68.29,56.64,84.28,96.0,2.88,82.24,99.25,F,0,80,67.0,50.0,48.0
Female,19.0,Engineering,81.12,59.74,89.92,57.99,78.32,5.78,58.29,67.1,C,0,78,57.0,41.0,84.0
Female,23.0,Business,66.23,55.91,79.75,60.92,54.85,4.29,97.53,57.22,D,1,52,71.0,76.0,63.0
Male,21.0,Engineering,72.87,95.54,42.03,91.07,89.98,1.93,99.21,54.59,C,0,29,100.0,73.0,84.0
Male,24.0,Mathematics,70.14,57.46,62.51,51.94,62.81,8.09,55.17,53.59,A,0,35,92.0,52.0,37.0
Male,21.0,Engineering,93.31,66.18,70.47,74.79,77.64,0.62,72.51,90.52,B,1,77,100.0,62.0,44.0
Male,22.0,Engineering,79.31,61.02,83.9,98.79,75.5,8.35,77.41,85.93,F,1,49,73.0,78.0,73.0
Male,18.0,CS,97.23,45.17,57.23,60.61,61.9,2.75,54.6,98.8,A,0,35,68.0,60.0,28.0
Female,21.0,Engineering,78.73,51.16,98.96,68.91,55.79,4.96,59.48,65.46,F,1,19,79.0,100.0,73.0
Female,,Business,56.2,51.37,,99.17,60.56,3.81,76.89,90.16,D,1,54,75.0,41.0,83.0
Male,24.0,Mathematics,58.54,81.62,62.37,86.16,54.87,5.71,98.15,54.65,D,1,28,59.0,95.0,45.0
Male,21.0,Mathematics,99.45,64.4,45.82,64.98,63.78,7.96,51.39,95.19,A,0,63,64.0,58.0,15.0
Female,22.0,CS,88.85,86.92,50.88,80.27,99.86,9.89,95.62,52.59,F,1,100,100.0,76.0,65.0
Male,20.0,Engineering,52.46,82.54,69.26,62.33,70.1,3.06,94.93,89.39,D,0,10,94.0,63.0,68.0
Male,22.0,Engineering,85.19,51.52,69.68,80.54,93.19,5.54,92.86,65.37,B,0,100,63.0,49.0,57.0
Female,19.0,Engineering,70.61,73.78,86.06,94.81,77.46,4.66,,59.06,D,1,92,97.0,38.0,51.0
Female,24.0,CS,65.36,84.57,83.57,77.84,83.33,9.99,74.54,85.23,F,1,85,73.0,78.0,85.0
Female,19.0,BUSINESS,57.7,77.98,52.08,86.67,57.82,8.09,70.18,94.79,F,0,67,80.0,82.0,49.0
Male,21.0,Mathematics,92.0,76.0,75.7,53.51,63.74,3.97,97.38,88.21,A,1,72,64.0,87.0,71.0
Female,21.0,Engineering,53.19,84.38,41.24,76.21,75.52,,76.07,65.65,C,1,90,83.0,91.0,100.0
Male,22.0,CS,64.49,43.41,63.91,84.75,94.06,2.46,54.03,67.68,C,0,0,91.0,64.0,60.0
Female,22.0,CS,65.32,83.89,85.85,90.62,52.14,7.55,63.7,59.47,F,1,70,41.0,57.0,62.0
Male,23.0,Engineering,58.05,56.36,63.97,82.97,75.35,8.45,73.1,91.2,D,0,50,41.0,55.0,44.0
Male,18.0,CS,75.41,74.31,90.14,94.57,52.55,9.65,97.68,55.35,B,0,42,35.0,39.0,60.0
Male,23.0,Mathematics,50.59,54.54,98.57,90.99,72.84,5.66,78.45,95.16,C,0,26,63.0,31.0,31.0
 FEMALE ,, engineering ,65.05,90.33,76.43,88.86,81.44,6.71,84.8,80.06,D,0,36,84.0,86.0,21.0
Female,23.0,Engineering,96.68,68.83,48.7,92.26,87.24,4.46,54.43,79.44,A,0,28,80.0,83.0,59.0
Female,22.0,Engineering,65.53,78.58,62.78,64.06,56.93,6.09,93.87,91.89,C,0,18,52.0,65.0,59.0
Male,24.0,CS,68.02,87.64,40.57,71.6,58.33,3.49,76.95,83.38,F,0,49,87.0,58.0,74.0
Female,23.0,Mathematics,73.66,93.72,76.16,91.69,73.5,7.38,96.06,65.21,C,1,62,88.0,92.0,43.0
Female,20.0,Engineering,78.08,83.92,89.29,73.12,99.9,0.23,72.27,67.48,B,1,49,86.0,60.0,64.0
Male,18.0,Mathematics,90.44,48.93,77.8,66.64,67.8,0.28,84.15,58.65,B,0,23,83.0,51.0,53.0
Male,22.0,Engineering,59.52,91.27,87.17,51.35,71.38,7.16,73.54,73.2,F,0,98,100.0,59.0,78.0
Female,24.0,Business,,77.11,87.99,60.46,71.62,9.31,57.13,55.51,B,0,32,97.0,64.0,62.0
Female,21.0,CS,87.88,76.57,91.06,94.09,54.04,6.32,63.6,82.65,A,0,82,51.0,79.0,61.0
Female,23.0,Engineering,86.13,95.28,56.0,52.96,88.71,7.27,53.36,58.46,A,1,52,47.0,100.0,56.0
Male,22.0,Business,54.34,54.93,92.28,61.35,62.66,8.24,72.01,93.2,D,0,38,55.0,67.0,9.0
Female,21.0,Business,51.08,54.38,79.25,67.56,85.18,3.62,82.47,85.02,D,1,42,79.0,69.0,44.0
Male,21.0,Business,79.7,70.79,57.38,87.54,73.75,1.08,62.19,94.58,B,1,49,46.0,58.0,87.0
Male,19.0,CS,93.16,85.05,99.24,84.0,80.59,9.33,74.52,54.35,B,0,16,39.0,48.0,66.0
Female,19.0,Mathematics,79.22,66.83,,97.73,52.7,9.39,72.95,89.93,D,0,42,60.0,51.0,96.0
Female,24.0,Mathematics,60.66,78.03,74.47,61.39,94.5,4.42,76.67,94.04,D,0,68,98.0,77.0,91.0
Male,22.0,CS,54.53,67.15,90.59,93.61,62.19,2.17,59.23,52.23,C,0,29,64.0,85.0,42.0
Male,24.0,Mathematics,84.98,76.62,55.69,,83.5,8.92,76.7,99.95,C,0,82,52.0,65.0,50.0
Female,22.0,CS,86.09,,64.96,62.27,89.9,7.08,68.21,65.03,A,1,64,100.0,78.0,17.0
Female,20.0,Engineering,58.63,50.83,51.04,74.92,77.0,0.08,64.3,60.59,C,0,16,91.0,36.0,99.0
Female,18.0,CS,51.41,81.72,71.21,98.98,66.87,1.08,79.3,70.75,D,0,86,73.0,93.0,52.0
Male,18.0,Mathematics,70.41,87.25,69.76,69.22,98.9,9.83,57.4,50.43,C,1,19,55.0,83.0,79.0
Male,22.0,CS,79.14,66.83,52.77,67.78,63.92,0.38,95.03,94.3,B,0,54,75.0,58.0,53.0
Female,19.0,Engineering,78.85,59.39,80.37,58.01,97.43,2.83,96.74,63.42,A,1,45,57.0,95.0,46.0
Male,23.0,Engineering,90.5,40.81,47.07,93.04,57.81,5.48,83.03,76.08,A,0,19,54.0,97.0,9.0
Male,24.0,CS,80.53,87.83,43.7,69.29,69.46,1.84,65.16,81.18,F,1,48,86.0,34.0,45.0
 FEMALE ,20.0,Engineering,55.54,59.68,63.09,76.34,56.92,2.32,81.3,89.55,D,1,9,100.0,92.0,27.0
Male,18.0,CS,62.59,61.44,64.59,78.1,50.11,3.53,80.08,62.51,A,0,20,58.0,73.0,44.0
Female,22.0,Business,99.21,60.16,59.18,59.74,63.01,2.7,69.56,85.86,A,0,59,57.0,56.0,85.0
Female,19.0,Mathematics,63.29,69.92,55.48,75.26,54.36,8.03,64.36,55.88,F,1,40,100.0,94.0,94.0
Male,19.0,Business,50.75,82.15,60.33,80.09,99.32,5.0,58.42,85.21,D,0,33,60.0,100.0,70.0
Male,19.0,Business,65.11,86.31,49.8,91.92,88.08,2.79,60.87,95.96,C,0,76,100.0,56.0,88.0
Female,24.0,CS,87.54,63.55,64.21,94.28,50.19,3.13,82.65,54.25,A,1,53,62.0,76.0,43.0
Male,23.0,CS,92.56,79.79,94.28,81.2,61.18,0.4,94.29,55.84,A,0,58,68.0,29.0,46.0
Female,21.0,Engineering,83.92,83.24,53.47,,83.51,0.49,69.25,77.86,F,0,37,80.0,75.0,65.0
Male,,CS,98.43,99.71,78.08,74.38,57.27,8.44,86.07,89.31,A,1,70,66.0,59.0,51.0
Female,19.0,CS,74.37,88.78,85.2,77.78,58.96,4.98,64.14,92.81,A,1,56,65.0,85.0,46.0
Female,21.0,Engineering,59.2,62.88,,64.68,77.82,6.39,81.9,51.78,D,1,64,44.0,70.0,90.0
Male,18.0,Business,89.26,43.44,74.65,76.16,51.5,4.29,82.93,84.21,A,0,74,100.0,84.0,72.0
Female,21.0,Business,76.65,90.17,55.14,66.45,88.58,0.91,94.27,68.9,D,0,65,50.0,39.0,93.0
Female,23.0,Engineering,,59.86,60.23,85.59,75.4,5.83,54.39,70.79,C,1,80,87.0,68.0,88.0
Female,19.0,Business,60.47,75.95,53.25,73.05,59.83,1.76,60.23,56.91,D,0,92,69.0,74.0,73.0
Male,20.0,Engineering,83.44,81.53,91.33,55.82,96.46,0.13,80.07,86.89,C,1,66,95.0,42.0,80.0
Female,21.0,CS,65.34,63.85,77.64,59.65,59.15,8.32,57.32,92.23,D,1,77,41.0,81.0,60.0
 FEMALE ,23.0,Engineering,52.37,61.66,59.71,58.5,50.58,2.07,99.87,57.79,B,1,51,46.0,100.0,63.0
Male,21.0,CS,54.14,85.16,92.51,53.61,71.05,9.46,61.13,87.99,D,0,53,87.0,100.0,68.0
Female,20.0,Engineering,82.88,57.16,68.31,63.11,89.11,3.53,97.24,60.82,D,0,27,100.0,70.0,34.0
Male,19.0,Engineering,74.49,92.48,98.38,95.36,88.3,0.48,96.86,72.63,A,0,57,51.0,97.0,83.0
Male,,Engineering,63.23,72.05,74.86,84.21,73.68,6.24,70.97,58.06,D,0,60,70.0,80.0,85.0
 MALE ,21.0,Engineering,56.31,98.64,47.0,67.25,65.53,7.0,54.37,62.43,A,0,56,66.0,87.0,74.0
Female,23.0,Mathematics,75.0,54.94,46.21,93.28,81.95,9.29,72.98,99.48,D,1,61,85.0,100.0,62.0
Male,18.0,Engineering,93.72,53.66,93.95,89.05,57.81,9.38,86.43,83.28,B,0,56,61.0,87.0,91.0
Male,20.0,CS,91.51,86.51,79.66,80.16,91.32,6.11,58.55,82.83,A,0,61,96.0,56.0,70.0
Female,20.0,CS,91.92,69.25,71.57,75.58,55.26,4.16,51.99,80.11,F,1,59,69.0,100.0,60.0
Male,21.0,Engineering,79.74,72.16,47.59,83.32,58.75,0.05,81.57,73.12,D,1,87,100.0,40.0,45.0
Female,20.0,Business,72.29,72.42,73.0,91.64,61.21,2.96,92.09,91.13,B,0,78,84.0,79.0,55.0
Male,18.0,Engineering,54.54,65.46,60.94,95.0,78.98,0.74,72.1,97.93,B,1,64,82.0,80.0,79.0
Male,21.0,Engineering,52.7,60.16,,77.63,70.92,3.05,85.21,78.65,F,0,57,59.0,100.0,60.0
Female,21.0,Business,,68.46,62.68,99.56,,8.94,64.71,79.66,C,1,37,54.0,76.0,51.0
Male,18.0,Engineering,87.2,73.16,44.28,57.75,72.33,1.2,74.59,72.07,D,0,58,57.0,97.0,78.0
Male,23.0, engineering ,76.3,98.53,63.74,92.7,97.69,0.91,71.44,50.11,D,1,98,55.0,55.0,80.0
Male,20.0,Engineering,63.27,60.76,92.79,61.62,81.55,8.66,68.51,64.06,A,1,74,60.0,89.0,79.0
Female,20.0,Engineering,74.04,75.63,82.17,86.3,94.15,6.39,,98.1,B,1,40,60.0,99.0,59.0
Male,21.0,Business,63.47,43.7,76.56,,62.69,3.65,52.57,59.54,F,1,47,53.0,100.0,70.0
Male,,Business,58.29,72.56,49.68,82.56,70.22,2.5,87.07,86.01,A,0,64,76.0,70.0,87.0
Female,19.0,Engineering,95.66,88.98,64.53,92.3,73.19,1.44,74.82,59.6,F,0,27,62.0,96.0,65.0
Male,18.0,Engineering,99.05,82.37,53.03,65.52,57.7,0.48,59.78,67.03,C,0,43,50.0,94.0,77.0
Male,20.0,CS,51.41,61.11,65.92,66.07,58.73,7.97,99.08,96.19,D,0,70,71.0,73.0,94.0
Male,19.0,CS,60.25,63.79,71.01,63.85,76.88,9.9,95.97,98.26,C,1,63,81.0,94.0,56.0
Male,19.0,CS,97.81,87.94,95.28,67.35,70.14,1.77,80.02,97.4,B,0,47,47.0,53.0,73.0
Male,21.0,CS,70.73,63.18,78.59,80.15,65.2,0.29,94.81,88.92,B,0,90,63.0,95.0,74.0
Female,21.0,Engineering,75.38,46.51,50.9,52.32,62.27,3.93,50.57,82.23,B,1,92,61.0,96.0,89.0
Male,19.0,Engineering,56.61,53.7,97.44,80.96,88.54,2.27,52.37,88.29,A,1,100,100.0,48.0,68.0
Female,,Mathematics,78.96,98.3,42.95,50.01,53.18,1.0,71.26,98.82,C,0,27,54.0,97.0,94.0
Male,23.0,Computer Science,90.12,76.39,55.74,78.25,89.5,9.35,96.06,99.52,C,0,76,79.0,68.0,64.0
Female,19.0,CS,89.94,71.45,63.86,89.17,56.25,9.86,96.24,55.27,C,0,67,97.0,91.0,77.0
Male,22.0,Mathematics,50.36,,70.12,98.51,69.64,1.68,,75.71,F,1,82,70.0,73.0,70.0
Female,19.0,Mathematics,59.11,73.35,48.31,50.25,82.17,0.05,68.64,84.18,F,1,87,39.0,72.0,70.0
Male,19.0,Mathematics,54.79,61.47,66.31,54.18,71.76,7.1,54.84,51.82,F,0,76,65.0,91.0,69.0
Female,21.0,Computer Science,51.42,79.76,57.04,88.07,74.03,9.05,98.7,57.29,B,0,83,59.0,84.0,68.0
Female,23.0,Engineering,50.12,58.37,99.01,51.18,60.09,3.8,98.02,88.68,D,1,79,77.0,88.0,64.0
Female,20.0,Engineering,81.79,57.6,40.33,83.78,60.73,8.39,58.76,86.4,C,1,87,94.0,99.0,90.0
Male,22.0,Mathematics,56.84,93.14,56.03,65.97,91.63,3.6,64.99,92.47,B,0,35,61.0,88.0,75.0
Female,23.0,Engineering,98.28,86.25,51.35,69.74,60.57,2.01,61.59,97.86,A,0,55,71.0,62.0,70.0
Female,23.0,CS,73.46,44.45,61.23,93.14,77.88,6.28,95.88,73.89,F,1,59,51.0,83.0,91.0
Male,20.0,Engineering,93.0,43.28,53.77,69.6,69.42,4.72,75.08,51.63,A,1,77,54.0,72.0,80.0
Male,18.0,CS,56.97,93.19,49.47,99.78,95.45,1.25,77.58,93.76,A,1,69,90.0,54.0,77.0
Male,20.0,Engineering,71.99,75.86,,90.6,58.67,0.18,78.45,80.98,F,1,39,60.0,93.0,60.0
Female,20.0,Engineering,73.25,56.79,90.82,99.42,74.54,8.99,73.91,67.1,B,0,44,50.0,100.0,61.0
Male,19.0,Mathematics,60.16,,80.64,70.62,51.22,1.73,65.02,65.53,A,0,27,100.0,100.0,86.0
Male,22.0,Business,78.35,,60.28,61.6,84.97,8.22,57.08,54.73,B,1,47,51.0,83.0,62.0
Male,21.0,Business,73.0,40.16,54.57,82.84,64.63,7.95,50.51,82.61,A,0,93,44.0,100.0,72.0
Male,23.0,CS,69.49,63.79,94.01,62.64,84.82,6.08,84.29,78.82,F,0,58,68.0,86.0,66.0
Male,19.0,Business,77.36,43.85,69.97,74.84,59.43,8.9,53.46,93.5,F,1,71,66.0,76.0,92.0
Female,18.0,Mathematics,51.81,57.92,72.99,53.4,52.37,6.3,85.51,90.26,D,1,49,79.0,73.0,88.0
Female,23.0,CS,72.76,74.89,73.58,83.89,93.12,0.25,95.03,99.86,B,0,96,94.0,64.0,55.0
Male,20.0,Engineering,50.5,49.47,99.08,92.8,82.58,7.81,,85.57,D,0,41,64.0,42.0,73.0
Female,21.0,CS,80.14,72.95,78.54,51.48,56.35,4.32,67.83,93.52,D,0,51,82.0,89.0,34.0
Female,23.0,CS,74.07,63.59,64.36,89.51,70.38,3.89,54.58,70.22,A,0,55,50.0,75.0,62.0
Female,21.0,Mathematics,88.17,83.17,62.08,70.21,81.64,9.56,64.47,56.76,D,1,75,70.0,100.0,56.0
Female,19.0,Engineering,81.38,40.75,70.46,60.34,87.84,2.99,62.79,50.52,C,1,51,98.0,42.0,91.0
Male,23.0,CS,91.72,69.43,61.51,67.78,73.4,0.74,80.01,94.61,C,1,67,46.0,71.0,79.0
Male,18.0,Business,79.8,93.09,44.78,67.42,54.03,5.39,86.93,77.13,A,0,38,99.0,95.0,67.0
Female,19.0,Engineering,91.33,56.31,85.89,76.25,61.72,8.71,86.0,85.11,F,0,59,73.0,73.0,70.0
Female,23.0,CS,81.67,52.4,41.2,68.32,54.01,6.53,65.19,92.31,D,0,30,34.0,100.0,56.0
Male,18.0,CS,50.81,69.32,97.98,90.8,69.36,0.85,57.84,66.23,A,0,65,89.0,100.0,72.0
Female,18.0,Engineering,71.37,44.79,47.44,57.27,76.52,7.77,56.61,57.04,C,0,96,69.0,75.0,74.0
Female,18.0,CS,83.05,72.27,79.23,95.71,84.21,4.16,88.54,74.11,A,0,82,23.0,79.0,37.0
Female,21.0,BUSINESS,76.71,72.08,53.27,79.16,63.74,2.8,59.68,85.48,A,0,79,64.0,96.0,94.0
Male,22.0,Mathematics,73.54,88.21,61.5,95.71,68.23,0.34,86.76,70.32,A,1,76,31.0,89.0,87.0
Female,23.0,Engineering,93.84,93.42,44.92,81.33,63.88,8.73,94.84,87.15,D,1,69,75.0,80.0,95.0
Male,22.0,Business,86.91,57.51,47.03,93.36,63.86,7.34,91.06,81.13,D,0,67,92.0,33.0,78.0
Male,21.0,CS,71.5,66.53,80.0,78.93,76.98,6.51,80.29,59.49,B,0,71,52.0,70.0,93.0
Male,20.0,CS,87.51,53.02,56.53,60.03,74.83,9.82,69.07,54.86,A,0,30,100.0,99.0,76.0
Female,19.0,CS,78.53,54.08,77.83,50.97,92.11,2.43,76.35,66.31,D,0,50,77.0,93.0,46.0
Female,18.0,CS,92.38,65.58,88.58,94.72,67.05,7.8,74.91,57.79,A,1,39,91.0,61.0,66.0
Female,20.0,Business,58.81,71.56,54.57,96.14,80.04,7.97,54.73,87.67,A,1,32,71.0,57.0,62.0
Male,20.0,Business,91.88,94.73,60.88,61.55,76.13,5.13,88.2,60.5,F,0,39,55.0,48.0,75.0
Female,22.0,CS,92.03,76.48,83.7,76.99,67.93,8.84,56.49,92.14,A,0,83,58.0,97.0,92.0
Male,22.0,CS,55.2,51.83,68.13,76.51,68.82,8.07,56.21,63.23,A,1,65,61.0,87.0,61.0
Male,22.0,Mathematics,66.3,83.36,61.89,61.86,60.69,3.79,52.01,77.1,F,0,80,60.0,82.0,83.0
Female,23.0,CS,88.41,53.8,89.0,,55.83,7.24,77.62,84.26,F,1,40,65.0,56.0,39.0
Female,22.0,CS,68.68,72.72,98.21,55.61,78.41,0.58,87.55,97.88,C,0,27,100.0,76.0,70.0
Male,20.0,CS,85.6,71.79,59.29,72.68,80.88,8.06,95.85,82.21,D,0,92,43.0,37.0,62.0
Male,19.0,CS,97.4,82.24,47.75,70.52,67.91,6.9,83.58,92.24,D,1,44,77.0,95.0,75.0
Female,19.0,CS,64.99,82.28,78.73,87.37,53.18,9.71,72.98,52.32,B,0,49,54.0,97.0,95.0
Female,20.0,Business,73.03,54.94,84.97,85.71,84.8,6.16,56.16,72.1,F,0,29,56.0,80.0,83.0
Male,18.0,CS,94.45,81.04,75.92,73.15,66.68,5.25,93.7,93.39,B,0,91,57.0,74.0,90.0
Male,22.0,Engineering,63.11,42.14,81.4,98.76,77.79,1.58,68.49,68.84,A,0,68,57.0,91.0,85.0
Female,18.0,Mathematics,91.43,47.41,,94.89,70.64,5.59,94.31,88.56,A,1,61,84.0,100.0,89.0
Female,21.0,Business,57.46,54.84,41.62,52.7,75.56,2.09,68.03,60.25,D,1,34,54.0,80.0,82.0
Male,20.0,Business,69.8,53.42,79.91,65.63,76.49,9.78,90.03,57.61,A,0,90,66.0,42.0,46.0
Male,19.0,Engineering,68.95,61.43,50.37,62.14,72.46,9.63,,57.45,A,1,89,53.0,77.0,57.0
Male,23.0,Mathematics,96.76,48.49,61.35,93.69,52.64,1.23,58.91,83.82,D,0,66,78.0,84.0,35.0
Female,18.0,Computer Science,83.59,44.09,86.37,73.87,77.16,0.88,64.7,92.98,D,1,56,62.0,86.0,88.0
Male,23.0,CS,84.61,94.6,73.91,85.55,64.87,2.7,62.49,63.19,B,0,36,91.0,57.0,74.0
Female,22.0,CS,68.38,48.15,40.08,66.61,55.5,7.78,88.12,54.04,D,0,77,54.0,57.0,79.0
Male,23.0,Business,95.52,56.78,75.88,90.56,60.76,0.31,65.47,72.09,C,0,100,82.0,93.0,85.0
Female,18.0,Engineering,69.64,97.48,77.83,51.29,93.61,0.43,96.44,85.77,B,0,43,68.0,67.0,60.0
Male,23.0,Engineering,91.22,92.25,55.11,73.45,98.26,4.58,61.84,69.42,B,0,80,72.0,80.0,60.0
Female,20.0,CS,96.11,65.3,67.71,85.36,64.24,8.27,78.59,65.36,A,0,84,46.0,89.0,70.0
Female,18.0,CS,71.79,78.42,82.18,74.19,61.87,1.8,80.68,88.69,F,0,75,74.0,69.0,35.0
Male,22.0,CS,69.09,85.39,89.74,54.61,64.54,4.16,76.4,99.83,D,1,82,84.0,79.0,76.0
Female,18.0,CS,90.46,48.15,42.97,75.38,59.34,0.92,,56.16,A,1,85,62.0,51.0,73.0
Female,18.0,CS,84.59,54.64,84.2,91.08,72.1,0.36,72.23,66.03,A,0,63,61.0,94.0,91.0
Male,21.0,CS,66.6,96.34,85.21,85.56,71.47,1.78,66.46,85.59,D,1,48,100.0,65.0,76.0
Female,21.0,Engineering,58.8,87.53,60.03,89.09,51.78,5.22,91.25,83.01,F,0,44,63.0,100.0,88.0
Male,22.0,CS,98.62,64.76,84.88,98.91,50.37,1.25,89.03,96.8,C,0,45,39.0,76.0,78.0
Female,19.0,Engineering,64.64,63.25,45.69,85.8,80.61,6.65,55.16,79.58,C,1,71,67.0,69.0,71.0
 FEMALE ,21.0,CS,69.52,94.83,40.91,57.14,76.67,5.89,80.93,77.9,B,0,72,94.0,43.0,67.0
Male,21.0,Engineering,75.27,41.66,68.38,79.39,64.31,0.26,69.07,88.5,D,0,54,45.0,67.0,68.0
Female,23.0,Business,81.4,89.29,48.84,54.72,52.04,1.65,99.16,86.55,F,0,85,50.0,68.0,90.0
Female,18.0, engineering ,92.92,82.37,79.99,67.94,69.59,4.81,51.49,93.81,D,0,75,80.0,86.0,57.0
Female,22.0,CS,65.06,93.05,56.57,53.19,87.11,8.3,89.15,54.2,A,0,79,74.0,90.0,67.0
Female,18.0,CS,79.73,88.21,55.68,54.86,71.63,9.81,88.02,97.01,D,0,54,100.0,99.0,68.0
Male,19.0,Mathematics,73.09,97.52,92.37,93.5,52.63,1.25,53.89,55.04,C,0,100,84.0,52.0,43.0
Male,22.0,Mathematics,91.04,51.9,47.41,69.67,50.74,4.71,86.53,70.93,F,0,58,48.0,78.0,32.0
Female,21.0,Business,63.84,58.53,78.21,80.63,76.1,0.33,62.22,72.67,B,0,70,58.0,64.0,70.0
Female,22.0,CS,93.0,60.63,47.2,78.3,62.26,7.31,86.58,51.32,C,0,79,62.0,81.0,67.0
Male,18.0,CS,87.81,66.76,49.2,70.68,91.52,2.76,67.91,82.03,B,1,48,74.0,41.0,85.0
Male,22.0,Engineering,90.49,44.25,84.66,74.41,83.43,6.02,65.77,98.42,B,0,94,51.0,65.0,98.0
Female,21.0,CS,88.68,67.76,62.72,83.4,62.3,6.99,68.52,61.82,F,0,47,71.0,62.0,89.0
Female,23.0,Engineering,71.2,66.17,60.56,91.08,65.28,3.98,92.06,95.59,B,0,57,100.0,89.0,88.0
Male,21.0,Computer Science,63.8,70.73,44.5,53.06,64.52,5.33,84.04,76.39,F,0,82,85.0,100.0,65.0
Female,22.0,Engineering,81.46,46.06,76.04,93.33,62.91,5.74,92.81,60.05,F,0,63,86.0,70.0,69.0
Female,18.0,Computer Science,88.13,91.11,75.8,,53.94,4.18,60.19,74.78,A,0,70,48.0,49.0,92.0
Male,19.0,Engineering,93.75,73.13,67.15,50.58,74.01,3.64,96.85,74.84,A,0,45,46.0,65.0,66.0
Male,23.0,CS,,97.57,79.91,57.45,74.39,0.18,84.76,53.02,B,0,59,85.0,97.0,74.0
Male,21.0,Mathematics,62.39,72.67,54.01,80.05,87.09,4.48,50.56,61.92,C,0,46,76.0,61.0,71.0
Male,21.0,Business,,82.51,70.79,91.54,71.76,,99.67,75.55,D,0,66,64.0,73.0,70.0
Female,19.0,CS,51.66,79.63,53.99,74.91,88.63,5.36,96.57,70.19,F,0,100,60.0,100.0,70.0
Male,23.0,CS,83.11,64.25,74.85,99.43,95.58,6.46,71.28,64.08,A,0,49,55.0,63.0,63.0
Male,22.0, engineering ,66.48,48.33,83.72,75.52,72.36,6.1,94.18,79.74,B,1,50,97.0,75.0,53.0
Male,21.0,Business,97.59,65.73,99.1,67.84,53.31,8.44,64.2,78.56,B,0,86,100.0,66.0,81.0
Male,23.0,Engineering,50.59,96.4,85.08,89.87,62.97,1.64,62.57,61.75,C,0,55,58.0,98.0,94.0
Male,21.0,Mathematics,64.24,66.15,57.67,50.2,54.23,0.3,84.24,71.79,A,1,53,66.0,63.0,56.0
Female,18.0,Engineering,50.07,92.58,41.91,79.36,99.22,4.53,97.54,66.66,B,0,27,71.0,61.0,87.0
Female,21.0,Business,78.33,86.04,46.35,82.36,70.55,1.34,90.16,80.51,B,1,40,63.0,87.0,54.0
Male,22.0,Mathematics,56.67,92.64,70.49,87.04,82.03,9.92,62.65,78.1,F,0,89,48.0,69.0,54.0
Female,22.0,Engineering,53.15,46.14,79.12,79.34,76.58,1.53,61.39,58.84,B,1,65,85.0,51.0,67.0
Male,23.0,Engineering,54.77,45.24,60.18,,90.53,2.17,86.14,80.59,C,0,37,60.0,80.0,75.0
Female,21.0,Mathematics,58.61,40.68,84.1,88.69,78.32,1.25,50.04,71.63,F,0,63,55.0,92.0,78.0
Female,23.0,CS,71.65,98.39,65.88,93.63,80.11,1.3,84.3,68.98,B,0,64,51.0,45.0,53.0
Male,18.0,BUSINESS,63.35,84.5,45.21,68.12,99.51,9.07,98.06,81.17,A,0,57,38.0,74.0,77.0
Female,18.0,CS,85.83,51.05,66.34,73.24,68.25,2.43,57.16,63.83,B,0,98,85.0,84.0,90.0
Male,19.0,CS,99.51,84.9,49.15,56.22,84.84,6.08,86.83,67.68,D,0,71,55.0,93.0,93.0
Male,22.0,CS,86.83,90.74,55.6,99.16,52.49,2.03,76.73,68.78,A,0,69,43.0,73.0,49.0
Male,20.0,CS,84.39,92.93,70.42,60.45,83.41,0.55,99.72,53.13,F,1,85,82.0,75.0,78.0
Male,18.0,CS,57.93,85.66,76.47,78.48,94.68,,97.3,59.22,D,1,32,61.0,100.0,76.0
Female,18.0,Engineering,90.96,77.2,85.05,97.28,95.68,8.24,77.58,68.08,A,1,37,81.0,80.0,95.0
Female,21.0,CS,80.73,51.77,74.16,89.12,88.51,9.4,70.28,75.0,D,0,71,78.0,48.0,76.0
Female,19.0,Engineering,53.82,99.33,86.61,51.27,57.32,6.74,53.21,92.85,D,0,54,42.0,70.0,41.0
Male,23.0,CS,81.51,68.01,50.01,65.87,55.82,8.23,75.58,73.83,A,1,63,70.0,88.0,95.0
Male,18.0,CS,97.95,47.71,72.68,89.68,93.08,7.35,97.75,98.0,B,0,52,48.0,100.0,79.0
Male,19.0,Mathematics,67.94,67.57,71.87,59.27,87.92,8.69,57.22,51.41,D,1,38,95.0,83.0,45.0
Male,21.0,Engineering,82.49,50.73,92.32,83.35,99.56,7.27,78.16,81.76,B,1,78,98.0,76.0,47.0
Male,19.0,Engineering,62.18,88.46,65.89,78.56,72.39,9.07,74.05,81.86,A,1,68,62.0,61.0,72.0
 MALE ,19.0,Engineering,78.79,60.74,83.91,89.02,,2.36,52.7,61.63,F,1,54,88.0,55.0,99.0
Female,23.0,Mathematics,69.95,84.78,58.95,50.69,62.23,2.81,83.63,98.6,D,0,70,85.0,96.0,69.0
Male,22.0,Engineering,97.11,64.32,61.56,86.49,60.63,1.49,70.57,60.95,A,0,27,76.0,80.0,95.0
Male,,Business,66.51,88.6,87.81,97.46,89.98,5.43,89.11,53.61,F,1,61,94.0,76.0,50.0
Female,21.0,Business,69.74,82.04,72.68,81.6,52.65,2.32,80.32,65.66,A,0,80,82.0,75.0,45.0
Male,21.0,Engineering,54.16,86.41,69.45,73.45,84.61,7.5,99.02,88.56,A,1,56,61.0,65.0,81.0
Male,23.0,Business,60.69,78.04,62.34,56.77,,7.06,84.5,53.87,C,0,79,90.0,84.0,93.0
Male,22.0,Business,62.97,88.46,46.26,50.85,51.32,9.15,89.61,57.03,C,0,64,69.0,49.0,56.0
Male,18.0,CS,67.75,,71.25,53.37,85.27,1.19,77.56,53.03,F,1,45,70.0,100.0,77.0
Male,19.0,Engineering,73.91,51.49,61.2,81.51,94.19,9.11,93.86,51.68,F,1,37,69.0,78.0,76.0
Male,23.0,Business,95.35,94.9,64.38,93.75,78.29,0.76,81.02,99.42,D,0,81,62.0,85.0,80.0
Female,21.0,CS,81.04,95.58,52.32,51.4,80.96,5.69,,80.56,D,0,48,76.0,82.0,94.0
Female,20.0,Engineering,91.84,85.13,51.77,70.17,94.51,2.83,99.28,64.96,C,0,41,56.0,71.0,71.0
Female,19.0,Engineering,76.27,40.43,98.37,77.63,65.05,3.27,74.28,69.89,A,0,68,69.0,84.0,87.0
Male,20.0, engineering ,85.5,82.49,69.8,64.78,69.01,7.59,54.34,94.65,D,0,74,81.0,83.0,86.0
Female,19.0,Engineering,68.8,57.81,68.76,75.6,96.27,1.59,81.94,97.6,F,0,51,77.0,95.0,88.0
Female,21.0,Engineering,61.06,50.3,47.47,57.34,58.28,2.25,69.53,95.85,F,0,50,96.0,89.0,29.0
Male,21.0,CS,51.97,78.84,85.71,94.7,83.76,8.52,50.54,89.51,A,0,65,82.0,61.0,86.0
Male,20.0,CS,63.5,96.26,67.17,66.17,83.33,7.61,84.65,65.39,F,0,35,69.0,63.0,88.0
Female,18.0,Engineering,69.75,46.0,42.47,68.4,67.45,9.85,71.68,52.53,A,0,63,98.0,75.0,61.0
Female,20.0,Business,93.37,72.64,50.56,69.9,97.58,9.76,94.8,66.64,F,0,88,83.0,49.0,100.0
Male,18.0,Business,98.78,60.93,89.55,,80.22,8.12,77.51,75.29,F,1,78,57.0,73.0,76.0
Female,22.0,CS,84.83,56.87,75.99,91.69,50.08,2.87,93.33,51.94,F,1,41,49.0,79.0,79.0
Male,22.0,Engineering,95.67,93.59,83.0,70.42,93.0,8.57,91.52,75.08,D,0,79,87.0,71.0,73.0
Female,22.0,CS,90.39,93.05,62.64,83.34,98.13,8.22,82.46,74.71,A,0,56,63.0,94.0,79.0
 MALE ,23.0,CS,81.65,91.53,83.53,89.33,60.77,5.91,62.78,91.99,D,0,71,100.0,69.0,41.0
Female,19.0,CS,64.4,89.95,94.03,77.77,54.44,1.73,87.01,87.73,A,0,83,100.0,85.0,78.0
Male,23.0,CS,69.53,88.09,41.86,82.5,53.97,9.95,89.08,84.91,C,1,27,65.0,67.0,63.0
Male,19.0,Math,82.37,79.85,92.8,95.51,85.47,7.65,64.86,64.36,A,0,71,59.0,88.0,52.0
Female,18.0,CS,67.94,95.61,53.47,61.22,88.86,3.38,91.81,75.16,F,0,66,71.0,87.0,87.0
Male,18.0,Business,89.77,50.3,92.53,92.73,81.36,4.04,87.48,50.78,A,1,71,30.0,100.0,45.0
Male,19.0,CS,51.11,95.68,76.98,78.47,50.05,4.27,94.34,51.86,D,1,76,100.0,85.0,60.0
Male,18.0,CS,82.11,68.31,57.11,59.05,76.5,7.78,63.44,71.89,C,1,57,65.0,89.0,88.0
Male,20.0,CS,68.39,54.61,75.39,88.6,77.68,6.98,69.85,68.55,C,1,73,63.0,73.0,80.0
Male,19.0,Business,66.66,41.67,,67.69,70.53,,99.11,55.04,C,0,29,77.0,71.0,38.0
Female,22.0,CS,96.68,61.68,50.12,64.85,83.16,1.58,55.78,82.25,A,0,100,23.0,79.0,67.0
Female,19.0,Computer Science,63.23,62.08,91.38,62.82,75.97,1.08,96.35,62.67,A,1,55,99.0,85.0,62.0
Female,20.0,Computer Science,51.07,65.01,60.29,65.71,90.76,1.57,73.58,94.69,A,0,35,62.0,81.0,51.0
Female,23.0,Business,97.48,65.72,78.87,85.4,91.72,3.6,83.26,56.85,C,1,81,46.0,67.0,93.0
Male,19.0,Engineering,59.18,83.77,55.11,55.84,92.19,6.86,50.15,67.68,B,1,55,78.0,90.0,68.0
Male,19.0,Mathematics,92.63,60.96,74.41,59.37,95.34,4.73,70.17,50.61,D,0,66,77.0,98.0,79.0
Male,21.0,CS,63.0,90.51,84.05,60.29,84.17,3.56,58.5,57.17,C,1,67,90.0,95.0,92.0
Male,22.0,Business,74.14,85.63,59.64,90.59,88.16,1.29,79.02,94.99,B,1,72,39.0,41.0,73.0
Male,21.0,CS,67.87,69.45,71.39,79.22,90.92,6.11,73.83,71.73,A,0,57,77.0,90.0,91.0
Female,22.0,Business,70.64,90.21,43.85,71.15,61.61,8.75,95.07,79.87,C,0,90,55.0,90.0,36.0
Male,23.0,Business,55.57,89.97,45.98,90.29,77.98,9.02,87.62,50.36,F,1,35,76.0,59.0,68.0
Female,23.0,Engineering,50.76,51.91,76.11,85.09,53.09,,61.33,53.06,B,0,82,72.0,65.0,78.0
Female,18.0,CS,50.14,92.46,72.05,80.25,96.17,5.26,74.21,86.06,A,0,71,62.0,43.0,83.0
Female,20.0,Engineering,71.92,84.22,40.85,58.37,72.36,1.63,58.93,76.61,D,0,67,59.0,87.0,71.0
Female,23.0,Math,78.23,44.41,98.59,58.69,92.11,8.03,97.42,66.68,F,0,87,82.0,90.0,78.0
Female,21.0,Engineering,98.64,48.44,58.78,70.69,55.76,5.73,72.19,73.6,A,1,70,68.0,69.0,58.0
Female,18.0,CS,77.06,68.88,47.35,77.77,80.84,1.74,59.38,88.85,F,1,73,32.0,89.0,63.0
Male,19.0,Engineering,58.11,87.99,89.47,89.45,83.3,1.07,74.91,66.09,B,1,27,23.0,86.0,100.0
Female,20.0,CS,62.28,62.73,78.35,60.76,78.22,5.32,72.23,83.34,F,0,34,55.0,71.0,87.0
Male,22.0,Mathematics,74.55,64.16,67.93,52.55,56.79,1.32,67.24,92.16,F,0,50,67.0,55.0,30.0
Male,21.0,Engineering,73.45,62.62,67.08,77.5,66.03,4.32,96.77,86.7,C,0,77,100.0,55.0,66.0
Female,21.0,CS,95.54,87.01,58.11,52.17,67.41,4.79,69.48,62.31,A,1,53,53.0,86.0,33.0
Male,20.0,Business,67.04,81.03,62.58,65.49,93.34,3.13,91.54,73.54,A,0,31,89.0,100.0,66.0
Female,21.0,CS,58.79,69.39,83.59,95.24,68.3,,59.24,66.42,B,0,88,24.0,95.0,87.0
Female,21.0,Engineering,61.13,95.44,50.79,98.95,96.47,5.61,62.24,50.8,A,1,88,52.0,63.0,83.0
Female,20.0,Business,63.6,60.45,57.07,86.51,78.14,1.78,84.73,65.35,F,1,69,55.0,76.0,76.0
Female,23.0,Engineering,52.4,42.69,99.54,74.04,55.55,8.9,50.91,73.38,C,1,43,95.0,90.0,85.0
Male,23.0,Computer Science,58.28,86.61,99.24,76.13,92.84,3.15,72.01,67.75,A,0,50,56.0,76.0,63.0
Female,22.0,Business,74.63,45.94,48.53,75.37,72.5,6.26,71.44,57.15,A,0,79,66.0,88.0,78.0
Female,21.0,CS,,51.75,98.0,52.88,94.34,6.89,55.61,53.1,B,0,28,32.0,59.0,98.0
Male,18.0,Engineering,66.59,44.25,77.35,74.03,55.16,2.86,76.03,53.4,A,0,44,61.0,90.0,90.0
Male,21.0,CS,68.83,61.54,65.4,89.01,85.08,6.65,56.16,78.06,D,0,77,72.0,100.0,87.0
Female,19.0,Business,66.08,42.71,87.72,96.68,57.35,7.04,98.06,97.99,B,1,88,53.0,81.0,32.0
Female,18.0,Business,67.64,75.37,59.92,85.93,50.64,4.45,66.41,71.4,A,1,75,86.0,84.0,91.0
Male,22.0,Business,90.37,86.61,59.41,80.1,72.47,3.15,67.21,79.25,A,1,76,84.0,84.0,44.0
Male,23.0,Engineering,86.92,90.43,85.17,87.77,55.96,9.74,95.38,93.85,B,0,81,70.0,68.0,70.0
Female,19.0,CS,67.58,73.53,84.24,74.82,68.78,7.0,94.82,82.39,C,0,73,89.0,98.0,47.0
Male,19.0,Mathematics,97.24,46.21,88.86,86.95,91.8,6.14,68.22,72.23,A,1,77,80.0,96.0,77.0
Female,21.0,CS,89.93,71.96,59.31,58.69,82.23,1.33,96.11,62.81,D,0,31,68.0,58.0,84.0
Female,20.0,CS,73.91,93.54,62.15,71.0,,7.6,53.02,82.09,F,0,48,63.0,72.0,32.0
Female,23.0,Engineering,67.92,41.59,84.3,50.32,57.79,0.92,82.66,83.54,B,0,61,64.0,99.0,46.0
Female,21.0,Engineering,64.9,83.98,58.79,81.21,64.09,1.24,93.47,92.16,F,0,54,63.0,79.0,79.0
Male,23.0,Business,71.7,49.03,98.35,74.26,57.62,0.53,94.86,63.48,F,1,56,80.0,80.0,84.0
Female,19.0,CS,84.45,48.27,86.77,77.13,58.48,3.53,70.57,87.73,F,0,88,74.0,85.0,67.0
Male,22.0,Mathematics,65.33,43.07,97.69,66.72,84.92,3.69,79.02,73.74,B,0,100,84.0,70.0,84.0
Male,19.0,Engineering,74.66,84.48,61.63,84.08,81.54,7.21,,83.41,C,0,27,72.0,93.0,82.0
Male,18.0,Business,51.73,66.28,77.29,52.7,93.96,4.67,69.9,91.03,F,0,56,61.0,83.0,35.0
Female,21.0,Engineering,61.27,51.98,69.1,78.43,58.5,1.76,92.71,64.84,D,1,59,64.0,59.0,84.0
Female,18.0,Business,97.72,94.67,68.24,78.1,79.9,8.75,96.16,76.33,D,1,81,56.0,76.0,73.0
Male,19.0,CS,77.42,92.43,65.21,60.46,60.4,4.39,74.62,81.79,A,1,90,100.0,86.0,80.0
Female,21.0,Engineering,66.6,53.84,62.16,93.28,95.18,4.71,97.33,79.43,A,0,75,49.0,74.0,80.0
Female,20.0,CS,,97.64,49.49,95.15,50.74,4.08,62.86,60.78,A,0,72,75.0,66.0,72.0
Female,20.0,Engineering,66.62,92.72,79.55,59.47,82.63,5.0,54.81,54.86,D,1,58,46.0,84.0,95.0
Female,23.0,Mathematics,65.64,95.54,95.41,93.19,69.18,5.5,51.75,74.11,A,0,66,48.0,58.0,75.0
Male,18.0,Engineering,57.48,79.22,69.71,76.61,89.12,0.3,61.91,86.01,B,0,86,73.0,63.0,53.0
Male,19.0,Engineering,95.32,76.71,73.46,90.84,82.67,7.62,60.45,64.11,C,0,33,52.0,72.0,42.0
Male,18.0,Business,62.78,87.0,81.97,94.54,63.84,9.55,74.28,69.51,A,0,56,72.0,71.0,72.0
 MALE ,19.0,Mathematics,84.37,42.83,,88.81,58.46,6.72,94.69,91.71,F,0,33,85.0,61.0,76.0
Male,19.0,Engineering,94.45,79.1,46.41,75.37,82.16,9.51,77.78,60.39,A,1,91,45.0,68.0,78.0
Female,19.0,CS,72.81,64.2,60.91,64.85,94.7,3.31,63.68,82.54,A,0,53,67.0,82.0,75.0
Female,19.0,Engineering,86.13,45.69,87.47,96.32,69.46,0.53,56.8,76.49,A,0,56,46.0,75.0,100.0
Male,18.0,Mathematics,79.1,67.37,89.19,,60.45,8.38,56.03,80.24,B,1,87,98.0,65.0,84.0
Male,19.0,Business,74.77,99.28,89.05,82.77,92.09,3.01,95.65,78.69,D,1,57,70.0,94.0,54.0
Female,18.0,CS,85.31,59.98,90.11,69.65,59.61,9.39,90.61,52.81,D,0,68,96.0,65.0,67.0
Male,22.0,Engineering,,63.09,49.77,50.08,99.96,6.51,76.36,64.12,C,0,100,37.0,53.0,76.0
Female,19.0,Computer Science,88.98,68.1,86.08,97.81,87.19,1.63,96.72,76.75,F,0,60,75.0,82.0,59.0
Male,23.0,CS,91.72,,61.44,59.8,68.35,4.25,94.99,59.83,A,0,71,69.0,69.0,49.0
 MALE ,21.0,Engineering,64.26,75.13,68.19,51.21,50.18,8.34,85.4,85.43,A,1,67,74.0,73.0,45.0
 MALE ,22.0,CS,85.85,84.56,56.25,95.21,97.94,8.96,98.9,58.25,F,1,84,63.0,99.0,64.0
Female,21.0,Engineering,92.41,48.99,89.71,88.28,62.04,4.27,89.99,55.43,D,0,83,56.0,72.0,96.0
Female,21.0, engineering ,99.77,46.93,41.39,68.37,90.79,2.12,83.38,82.06,A,1,50,73.0,95.0,34.0
Female,18.0,Business,71.48,40.38,93.11,99.6,67.23,6.83,99.94,77.81,D,1,51,74.0,91.0,67.0
Male,18.0,Engineering,92.15,90.1,62.32,81.03,62.07,4.71,76.69,68.43,A,1,58,100.0,61.0,57.0
Male,20.0,Engineering,86.8,77.4,66.56,66.37,96.8,0.48,80.72,92.02,C,1,96,89.0,71.0,58.0
Female,21.0,CS,97.35,82.15,78.99,50.73,66.34,4.33,52.41,65.76,D,1,78,62.0,65.0,67.0
Male,18.0,CS,71.49,88.97,40.99,65.01,56.27,6.77,61.44,87.47,B,0,47,99.0,83.0,96.0
Male,18.0,Engineering,87.46,98.79,56.99,96.21,83.49,8.86,81.63,87.14,B,0,77,79.0,83.0,82.0
Female,18.0,Mathematics,90.0,61.07,45.43,86.1,76.88,2.91,60.95,77.57,A,1,67,50.0,77.0,71.0
Female,18.0,CS,94.67,51.15,93.15,68.82,57.04,7.1,74.24,70.15,B,1,76,100.0,74.0,63.0
Male,20.0,Engineering,87.42,60.92,51.71,,67.78,6.95,75.69,86.56,B,0,67,68.0,42.0,27.0
Male,20.0,Engineering,81.18,46.63,44.19,99.64,64.97,8.48,83.58,93.54,A,0,46,85.0,63.0,58.0
Female,19.0,Engineering,69.04,69.6,42.49,59.46,55.21,8.75,95.66,61.51,A,0,73,77.0,68.0,84.0
Male,19.0,CS,76.56,49.97,53.63,86.74,85.17,,51.38,98.51,F,0,73,52.0,65.0,74.0
Male,19.0,CS,88.08,95.03,88.91,51.64,67.77,0.6,53.4,61.31,F,0,67,74.0,74.0,54.0
Male,22.0,Business,71.92,62.96,85.73,82.42,63.24,5.75,96.68,58.06,D,0,81,88.0,80.0,73.0
Male,19.0,CS,53.54,65.71,59.32,71.4,97.29,9.12,82.78,99.03,A,1,69,85.0,41.0,64.0
Male,22.0,Business,85.47,58.2,82.3,85.1,58.5,1.12,93.94,77.34,B,0,76,55.0,77.0,69.0
Male,20.0,CS,86.46,57.15,66.11,69.79,67.71,6.39,73.35,89.86,B,1,27,89.0,98.0,62.0
Male,20.0,Engineering,55.04,55.8,70.87,87.64,59.3,4.4,72.76,98.49,D,0,90,76.0,53.0,98.0
Female,20.0,CS,86.77,89.89,64.23,51.17,85.75,2.21,78.58,69.69,F,1,66,73.0,59.0,33.0
Female,23.0,CS,77.46,85.15,54.75,90.17,76.74,5.27,,94.27,A,0,77,73.0,71.0,67.0
Female,18.0,CS,89.56,75.5,41.09,89.27,82.75,7.09,73.34,54.41,B,1,75,65.0,76.0,32.0
Female,19.0,Business,53.51,82.0,50.4,60.65,88.72,6.64,56.16,65.04,A,0,61,69.0,85.0,87.0
Female,19.0,Business,71.63,81.69,74.84,66.02,50.71,8.81,87.01,77.3,B,0,91,30.0,74.0,56.0
Female,22.0,Mathematics,67.39,62.04,49.37,61.38,69.01,6.38,72.78,73.84,A,0,57,51.0,91.0,57.0
Male,20.0,Engineering,62.56,93.31,,68.6,50.52,2.79,76.53,57.86,B,0,55,98.0,81.0,54.0
Male,22.0,CS,59.86,99.26,54.3,95.35,75.57,5.81,91.94,69.73,A,1,98,48.0,71.0,75.0
Female,20.0,CS,70.57,84.74,89.14,50.8,98.54,9.53,62.91,98.5,F,0,50,91.0,81.0,45.0
Female,20.0,Business,62.85,,86.09,73.97,74.71,0.46,83.08,73.15,D,0,100,36.0,92.0,67.0
Female,20.0,Engineering,90.96,67.11,79.22,58.33,59.34,4.93,69.82,66.84,B,0,55,60.0,100.0,55.0
Male,18.0,Business,86.65,59.88,47.54,88.47,73.25,0.88,85.28,99.94,B,1,88,53.0,35.0,67.0
Female,19.0,Engineering,51.59,93.9,61.01,54.55,68.73,4.12,91.55,79.13,A,1,77,32.0,56.0,100.0
Male,18.0,CS,56.28,86.29,98.58,73.37,98.22,0.82,57.86,67.99,A,0,47,98.0,97.0,74.0
Male,21.0,Engineering,50.79,78.72,51.96,80.58,98.75,8.35,88.18,99.74,A,0,92,62.0,73.0,44.0
Female,21.0,CS,75.06,62.76,86.0,,60.06,9.55,56.97,51.35,B,0,60,69.0,43.0,73.0
Male,21.0,Engineering,94.77,65.14,,91.57,77.08,7.08,52.94,68.18,F,0,41,70.0,79.0,26.0
Male,22.0,Mathematics,53.54,82.54,74.24,78.6,86.87,3.54,53.96,77.9,D,1,63,57.0,58.0,34.0
Female,22.0,CS,86.25,41.72,58.12,62.15,81.22,4.54,64.18,95.8,F,1,88,58.0,61.0,58.0
Male,19.0,CS,70.14,70.36,67.01,91.39,75.14,5.58,90.47,66.66,C,0,59,80.0,85.0,76.0
Female,20.0,Engineering,61.2,47.35,79.29,96.86,88.4,9.76,97.88,70.1,A,1,83,75.0,54.0,86.0
Female,23.0,Business,78.06,72.69,82.69,58.32,88.31,6.41,71.53,71.02,C,1,55,85.0,72.0,43.0
Male,18.0,Engineering,58.78,92.52,49.28,67.17,66.16,0.97,69.99,79.13,C,0,78,45.0,86.0,89.0
Female,19.0,Engineering,93.6,93.02,52.87,86.88,87.26,5.23,84.08,70.17,D,1,55,52.0,98.0,84.0
Female,23.0,Engineering,88.97,49.69,93.93,66.89,56.31,7.42,95.3,93.37,C,0,50,56.0,75.0,58.0
Male,20.0,Business,55.76,41.23,,77.18,64.47,2.92,79.76,71.81,C,0,96,26.0,100.0,69.0
Male,19.0,Business,94.92,47.38,65.88,70.56,72.3,2.67,60.28,61.84,B,1,62,56.0,100.0,58.0
Male,21.0,CS,80.83,89.98,64.6,70.47,70.93,9.39,99.87,88.5,A,0,57,30.0,83.0,68.0
Male,22.0,Business,54.45,68.24,46.06,69.42,94.37,9.16,,85.41,D,0,34,47.0,69.0,88.0
Female,18.0,CS,78.28,54.62,73.72,57.86,51.49,8.36,93.84,51.29,A,0,50,84.0,58.0,90.0
Male,20.0,Mathematics,76.04,67.43,90.48,67.35,54.92,9.42,87.55,72.96,C,0,40,84.0,59.0,96.0
Female,20.0,Business,57.01,96.64,75.75,73.57,71.82,5.3,50.8,92.35,B,0,63,67.0,89.0,72.0
Female,21.0,CS,96.13,48.99,75.51,77.1,80.92,5.13,67.13,70.4,C,0,91,74.0,60.0,73.0
Male,20.0,Business,76.64,94.33,79.29,52.0,60.64,8.17,90.32,60.08,C,1,80,100.0,70.0,66.0
Female,20.0,Engineering,89.36,91.58,54.14,68.92,62.44,,,76.2,F,1,85,37.0,57.0,61.0
Female,19.0,CS,53.72,48.77,98.72,65.03,82.24,0.13,92.79,65.96,A,0,74,58.0,64.0,80.0
Female,20.0,Mathematics,55.15,80.93,98.69,85.71,59.83,7.94,95.2,86.13,F,0,78,77.0,77.0,83.0
Male,20.0,Business,61.75,67.73,63.48,63.58,82.49,2.53,73.01,59.77,F,1,65,43.0,38.0,94.0
Female,23.0,Engineering,63.62,98.87,45.46,89.27,68.65,5.54,68.76,88.31,A,0,79,97.0,96.0,85.0
Male,21.0,CS,88.96,53.23,64.57,85.53,62.66,8.27,77.35,74.8,A,1,48,66.0,48.0,75.0
Female,19.0,Mathematics,73.19,98.41,96.01,98.82,99.75,4.53,97.05,82.17,B,1,56,55.0,100.0,54.0
Female,19.0,Business,84.71,76.56,62.25,73.1,74.22,9.39,59.34,84.62,A,1,63,88.0,77.0,87.0
Male,23.0,Engineering,79.43,46.95,57.26,78.06,76.95,5.28,81.09,86.34,A,0,73,65.0,54.0,58.0
Male,19.0,CS,85.32,44.47,,87.02,97.74,0.41,94.03,86.68,F,0,57,35.0,72.0,77.0
Female,19.0,Mathematics,54.42,98.34,88.15,66.4,54.81,1.95,53.08,80.15,B,0,77,58.0,88.0,92.0
Male,23.0,CS,60.27,70.58,47.26,95.75,79.87,8.26,64.49,95.65,F,1,54,42.0,68.0,100.0
Female,23.0,CS,56.77,89.12,41.1,96.73,64.29,8.88,70.4,72.21,A,1,65,47.0,75.0,94.0
Male,19.0,Engineering,51.77,,78.4,67.02,56.92,8.28,54.99,96.25,F,1,100,36.0,93.0,83.0
Female,20.0,CS,56.51,98.57,96.5,87.89,69.57,5.5,54.01,58.74,A,0,54,93.0,28.0,38.0
Female,23.0,Mathematics,84.74,81.47,92.95,89.1,71.51,3.29,74.36,87.96,A,0,65,88.0,94.0,46.0
Female,18.0,Engineering,98.58,63.58,89.52,85.12,64.17,1.1,94.96,56.74,B,1,44,53.0,100.0,57.0
Male,19.0,CS,81.72,73.25,85.4,86.98,93.31,5.44,84.63,82.48,C,1,53,63.0,77.0,60.0
Female,19.0,CS,59.92,44.17,58.24,93.98,95.54,1.81,99.73,88.48,A,0,43,81.0,97.0,46.0
Female,22.0,Mathematics,93.66,,55.96,55.13,88.24,0.74,73.58,65.2,A,0,93,69.0,48.0,75.0
Female,19.0,CS,77.14,58.92,82.82,68.06,92.07,2.29,89.47,51.95,A,0,83,70.0,80.0,73.0
Male,19.0,Mathematics,97.83,93.11,75.78,99.17,99.09,4.1,95.02,91.58,C,0,93,74.0,96.0,55.0
Female,20.0,Mathematics,84.29,76.8,79.23,52.48,60.37,9.12,92.29,50.02,C,0,34,86.0,73.0,85.0
Female,22.0,Engineering,80.01,73.3,41.96,59.79,55.88,3.95,68.92,69.23,A,1,41,100.0,78.0,58.0
Female,18.0,CS,,,55.49,76.72,69.08,9.99,83.1,50.14,B,1,36,62.0,59.0,97.0
Male,20.0,Engineering,94.2,59.22,42.07,53.99,52.87,6.95,84.36,63.7,B,0,27,65.0,57.0,73.0
Male,22.0,Engineering,93.66,57.68,88.76,95.59,73.93,9.83,62.81,91.97,A,1,53,74.0,49.0,75.0
Male,22.0,Engineering,91.83,81.65,46.59,60.78,68.2,2.74,76.85,80.35,C,0,96,42.0,87.0,89.0
Female,18.0,Computer Science,53.96,66.17,45.82,60.87,51.21,2.88,71.73,61.46,B,0,34,59.0,60.0,66.0
Female,23.0,Engineering,89.88,45.56,59.12,81.42,50.12,4.39,,77.78,A,0,27,40.0,94.0,71.0
Female,20.0,CS,66.89,95.93,50.15,57.09,56.47,0.45,56.73,93.89,C,0,69,94.0,41.0,79.0
Male,20.0,CS,78.71,90.63,66.56,70.49,76.53,1.41,58.71,61.59,B,1,41,93.0,64.0,49.0
Male,22.0,CS,52.01,55.68,93.19,62.87,57.26,2.17,91.23,70.73,A,1,71,57.0,80.0,93.0
Female,19.0,Business,76.35,41.51,46.78,76.64,79.94,0.65,55.58,58.1,F,0,60,41.0,88.0,93.0
Female,23.0,CS,88.37,72.1,82.22,61.81,89.95,9.94,89.28,90.79,F,0,27,79.0,74.0,80.0
Male,19.0,CS,80.55,42.35,57.58,70.64,81.39,1.49,56.19,50.58,C,0,63,93.0,64.0,71.0
Female,21.0,Engineering,78.66,60.95,64.6,54.04,84.81,1.44,86.38,70.07,A,0,69,95.0,100.0,66.0
Male,21.0,CS,89.51,99.02,85.18,66.7,70.95,9.28,98.05,54.24,C,0,69,100.0,80.0,60.0
Female,18.0, engineering ,67.58,49.6,56.02,78.26,53.08,8.41,95.11,71.01,D,0,41,45.0,100.0,65.0
Female,19.0,Mathematics,67.56,41.21,91.85,92.76,80.48,0.52,83.52,77.13,B,0,74,58.0,59.0,68.0
Female,22.0,Engineering,88.19,45.13,77.11,77.28,97.61,7.41,87.56,62.5,C,1,54,100.0,79.0,54.0
Female,,CS,84.73,49.59,49.05,69.4,73.52,2.16,93.46,71.57,B,0,65,38.0,51.0,80.0
Male,20.0,CS,81.09,81.54,64.49,56.61,,7.53,69.32,76.77,A,0,92,87.0,54.0,57.0
Female,23.0,Mathematics,75.21,87.4,53.86,80.83,60.77,0.38,81.69,84.83,D,0,64,40.0,94.0,52.0
Female,19.0,Engineering,64.16,44.52,62.44,89.18,74.43,2.1,86.1,57.51,A,1,45,78.0,95.0,85.0
Male,21.0,Engineering,98.6,91.32,81.69,89.44,61.79,7.47,79.18,68.6,D,1,74,61.0,86.0,79.0
Female,18.0,Mathematics,98.57,41.69,50.17,62.59,56.19,7.04,94.24,82.53,D,0,57,38.0,89.0,52.0
Male,20.0,CS,77.92,40.82,40.29,61.98,55.78,7.94,,74.39,A,1,68,53.0,95.0,40.0
Male,21.0,Engineering,53.12,97.27,47.05,96.45,79.92,8.74,96.6,51.12,A,1,83,74.0,64.0,50.0
Female,18.0,CS,83.23,43.03,88.85,50.48,78.78,6.48,,59.72,D,1,82,55.0,77.0,47.0
Male,19.0,Business,,79.64,48.33,61.3,64.07,0.26,90.35,91.21,B,0,94,45.0,76.0,39.0
Male,18.0,Business,51.29,65.59,41.35,89.56,68.65,5.63,75.87,81.48,F,0,63,73.0,68.0,67.0
Female,18.0,CS,61.98,97.13,44.9,98.39,85.67,1.34,98.18,87.93,D,1,43,40.0,81.0,69.0
Male,19.0,Business,70.45,56.5,96.26,83.21,98.94,6.97,58.6,80.35,B,0,54,64.0,94.0,58.0
Female,22.0,Business,58.43,,91.52,70.77,73.62,4.66,96.87,63.08,D,0,61,32.0,81.0,88.0
Male,19.0,Computer Science,63.65,95.36,95.41,51.09,76.16,9.77,99.6,84.21,B,1,27,73.0,78.0,82.0
Female,23.0,Business,59.61,89.11,60.05,52.07,94.51,1.37,69.25,98.87,D,1,53,72.0,56.0,100.0
Male,21.0,Business,91.02,65.77,58.72,73.17,91.11,5.63,70.91,95.45,B,1,49,93.0,76.0,74.0
Male,18.0,Engineering,50.25,73.81,69.6,75.13,51.65,4.27,78.03,74.79,B,0,62,78.0,82.0,78.0
Female,19.0,Business,98.32,60.64,78.39,64.2,,1.27,72.66,87.3,A,1,69,68.0,44.0,56.0
Female,21.0,Computer Science,71.14,66.76,59.05,83.96,68.76,1.69,88.64,92.78,B,0,72,72.0,70.0,65.0
Female,21.0,Engineering,51.61,69.52,55.21,50.45,91.08,0.19,93.71,97.28,A,0,67,43.0,91.0,70.0
Male,21.0,CS,51.93,77.37,69.68,79.62,75.16,5.05,56.34,53.51,D,1,74,84.0,72.0,96.0
Female,20.0,Mathematics,77.13,42.91,93.75,93.58,86.09,3.87,56.11,92.99,A,0,27,77.0,71.0,83.0
Male,20.0,CS,98.13,61.63,94.24,91.15,98.58,5.82,83.73,57.98,D,0,63,89.0,80.0,89.0
Female,21.0,Engineering,83.48,59.04,93.48,52.94,93.61,2.66,57.79,77.55,C,0,60,66.0,87.0,80.0
Female,22.0,Mathematics,92.2,,41.83,61.7,93.26,7.64,51.43,53.66,A,1,92,62.0,80.0,62.0
Female,,Engineering,98.11,64.37,60.41,72.39,71.81,0.24,72.65,81.79,A,1,88,84.0,80.0,62.0
Male,19.0,CS,82.07,85.51,54.83,85.43,94.26,7.53,97.51,78.81,B,0,60,90.0,65.0,77.0
Male,20.0,Business,51.11,58.53,77.54,70.72,91.15,8.55,82.22,92.32,B,0,69,95.0,72.0,34.0
Female,23.0,Business,62.5,67.95,97.0,62.71,61.7,1.4,99.1,72.43,C,1,65,46.0,58.0,69.0
Female,23.0,CS,98.92,81.88,77.43,74.24,67.89,7.6,70.22,73.78,D,0,76,53.0,64.0,62.0
Female,21.0,Engineering,87.25,59.68,78.89,59.42,97.71,7.03,71.32,52.46,B,0,92,77.0,87.0,42.0
Female,22.0,Mathematics,70.87,66.59,73.75,85.21,67.1,9.44,67.26,68.22,B,0,95,58.0,84.0,86.0
Female,23.0,Engineering,78.77,41.59,94.31,84.39,68.55,9.37,72.67,57.63,A,0,60,55.0,83.0,31.0
Male,18.0,Mathematics,84.63,61.55,73.85,50.08,75.29,0.74,68.65,98.45,A,0,65,93.0,95.0,63.0
Female,18.0,Engineering,99.8,81.56,94.21,75.19,68.22,6.73,51.19,85.31,B,0,75,81.0,61.0,68.0
Male,20.0,Engineering,72.95,62.18,85.64,98.57,65.42,0.17,76.51,79.42,F,0,95,42.0,83.0,57.0
Male,21.0,Business,72.81,52.17,99.92,95.86,82.39,9.33,90.89,91.16,D,0,76,54.0,61.0,71.0
Female,18.0,Computer Science,56.07,85.93,,54.9,85.92,1.92,90.94,71.84,C,1,61,91.0,100.0,50.0
Female,21.0,Mathematics,72.4,52.52,57.6,89.48,74.11,5.11,60.16,87.4,F,1,48,53.0,96.0,98.0
Female,21.0,Engineering,50.15,55.67,87.89,86.6,79.13,2.61,72.08,93.38,D,0,96,52.0,97.0,42.0
Male,23.0,Business,84.31,56.23,49.7,97.41,70.03,1.63,56.75,51.26,B,0,67,75.0,46.0,84.0
Male,19.0,Mathematics,56.71,86.71,52.56,95.83,68.62,5.78,57.52,84.62,F,0,89,28.0,46.0,41.0
Female,22.0,Business,87.89,90.09,99.88,99.05,70.56,,76.79,71.11,A,0,47,68.0,49.0,89.0
Male,20.0,CS,61.93,84.08,55.4,76.05,97.03,4.36,96.6,52.42,C,0,43,64.0,37.0,31.0
Female,22.0,CS,58.3,99.23,55.62,73.89,91.41,4.8,78.69,53.16,F,0,52,57.0,100.0,69.0
Female,19.0,Business,63.41,83.74,68.27,64.44,65.41,1.39,52.08,52.1,A,0,64,72.0,70.0,59.0
Male,20.0,Business,67.35,91.19,50.53,55.25,68.4,7.12,68.78,78.87,B,0,80,57.0,77.0,98.0
Male,20.0,Business,81.53,87.07,87.23,71.82,95.45,1.89,71.06,96.87,A,1,47,64.0,94.0,87.0
Male,19.0,Business,68.75,65.24,74.39,98.15,67.13,5.13,90.72,86.86,B,0,82,43.0,78.0,53.0
Female,20.0,CS,88.02,68.03,59.3,55.35,87.37,3.24,51.5,96.9,C,1,54,87.0,39.0,58.0
Female,23.0,CS,91.43,68.91,53.6,82.98,95.61,0.28,96.15,55.36,A,0,58,57.0,65.0,98.0
Male,21.0,CS,78.14,52.13,51.3,74.64,,7.48,96.17,63.15,C,0,27,76.0,68.0,29.0
Female,23.0,Engineering,60.29,53.55,46.11,95.36,78.05,0.46,75.64,69.3,C,0,63,92.0,60.0,71.0
Female,23.0,Business,70.21,92.28,59.34,78.29,80.82,2.87,65.85,98.48,A,1,97,58.0,45.0,30.0
Male,19.0,Business,73.05,96.03,97.25,97.16,,0.89,95.75,75.62,A,1,57,48.0,63.0,89.0
Male,18.0,Engineering,60.4,,44.94,96.06,85.24,3.51,80.15,80.53,D,0,79,57.0,92.0,88.0
Male,22.0,Engineering,71.2,64.64,94.97,69.0,,1.6,66.37,75.46,C,1,40,68.0,72.0,72.0
Male,18.0,CS,83.97,78.31,62.91,70.92,96.47,6.66,59.09,55.39,A,1,45,77.0,72.0,64.0
Male,21.0,Business,79.94,51.89,77.28,96.9,85.53,4.05,80.69,61.31,B,1,49,77.0,91.0,74.0
Male,19.0,Engineering,76.47,71.77,85.4,86.41,66.41,2.45,92.99,52.38,C,0,65,86.0,72.0,73.0
Male,23.0,CS,74.83,57.59,68.1,61.84,71.41,3.52,67.14,66.11,D,1,52,46.0,82.0,80.0
Female,18.0,Business,76.31,90.58,58.75,67.45,,3.17,56.87,52.21,C,0,76,84.0,66.0,45.0
Male,20.0,CS,50.51,96.55,88.07,54.92,84.7,0.11,90.94,59.31,A,1,32,86.0,70.0,35.0
Female,20.0,Math,88.4,62.58,40.74,83.12,68.78,1.74,52.68,82.65,A,0,65,56.0,90.0,54.0
Female,18.0,Mathematics,74.91,88.33,68.39,88.27,79.8,0.01,84.05,85.6,B,1,60,70.0,85.0,64.0
Female,20.0,Engineering,80.37,96.36,70.22,90.85,83.24,8.1,85.12,86.15,F,1,65,56.0,70.0,78.0
Female,22.0,Engineering,63.09,54.53,52.59,64.74,94.7,8.93,59.05,90.1,F,0,60,61.0,100.0,95.0
Male,21.0,Mathematics,84.36,95.77,80.48,55.51,73.22,7.9,67.68,95.25,A,0,100,42.0,59.0,78.0
Female,19.0,Mathematics,92.21,73.25,41.36,92.14,85.09,4.67,75.06,50.04,B,0,57,92.0,75.0,91.0
Male,23.0,Engineering,53.09,88.1,66.84,67.8,66.94,7.17,51.77,86.74,A,1,41,80.0,97.0,77.0
Female,22.0,CS,60.53,68.65,83.67,90.62,97.64,6.02,57.5,90.66,D,0,97,45.0,83.0,89.0
Female,20.0,Engineering,66.61,78.96,89.41,93.11,90.9,9.27,74.31,66.61,A,1,76,57.0,74.0,100.0
Male,23.0,CS,60.44,98.0,,92.05,59.4,1.76,87.8,95.04,F,1,58,88.0,83.0,84.0
Female,20.0,CS,72.18,80.56,48.79,60.48,82.56,2.83,52.28,60.39,A,0,30,96.0,93.0,57.0
Female,18.0,CS,73.87,84.8,76.81,84.95,55.58,1.95,83.41,54.15,F,1,44,56.0,97.0,95.0
Female,23.0,Engineering,69.23,97.76,63.52,62.35,94.53,3.86,54.08,95.52,D,0,100,79.0,83.0,56.0
 MALE ,21.0,Business,70.2,61.99,94.61,,86.18,9.4,89.38,56.77,C,1,70,55.0,91.0,88.0
Male,18.0,Mathematics,57.53,99.24,62.24,61.28,84.09,4.7,90.78,99.3,D,0,100,55.0,92.0,33.0
Female,23.0,Mathematics,54.45,83.93,99.03,51.39,99.42,7.74,50.33,59.72,D,1,58,67.0,81.0,81.0
Male,19.0,CS,80.85,92.45,68.87,78.65,65.18,4.11,55.36,51.9,D,1,84,84.0,87.0,73.0
Male,20.0,Engineering,97.43,58.16,72.15,80.81,71.39,0.66,63.36,71.67,D,1,81,72.0,41.0,56.0
Male,23.0,Engineering,77.54,73.36,74.38,52.51,73.93,4.55,60.67,74.06,D,1,59,62.0,70.0,52.0
Male,20.0,CS,84.32,59.26,69.23,78.75,54.0,1.06,55.38,94.33,F,0,75,67.0,66.0,90.0
Female,22.0,CS,67.59,44.93,57.7,97.47,94.68,4.46,97.43,71.27,B,0,59,86.0,58.0,84.0
Male,20.0,Mathematics,81.42,43.03,74.15,53.13,52.49,2.58,95.7,66.75,D,1,46,73.0,96.0,64.0
Female,22.0,CS,63.54,63.74,90.25,58.09,52.07,7.63,77.47,79.03,B,1,77,38.0,87.0,69.0
Female,22.0,CS,87.92,73.36,99.71,77.46,56.54,2.17,90.61,53.99,D,0,94,50.0,28.0,76.0
Female,19.0,CS,79.43,76.78,70.1,76.78,58.15,0.89,67.7,56.53,D,0,64,97.0,58.0,87.0
Male,19.0,Business,56.71,75.41,61.64,83.13,73.04,3.97,69.47,50.38,A,0,74,80.0,74.0,68.0
Male,19.0,BUSINESS,74.61,56.45,96.86,63.98,73.81,4.09,95.16,75.19,B,0,61,76.0,72.0,63.0
Male,23.0,CS,89.89,44.26,65.1,56.14,52.68,1.68,69.51,80.49,D,1,54,87.0,86.0,74.0
Female,,Engineering,98.52,80.67,89.82,62.02,96.68,1.56,56.2,94.84,A,0,87,93.0,64.0,62.0
Female,23.0,Mathematics,62.01,55.88,45.61,63.41,96.07,9.27,92.24,63.87,B,1,59,70.0,59.0,51.0
Male,21.0,CS,92.79,91.38,,50.53,80.73,2.87,69.57,54.4,A,1,34,72.0,63.0,77.0
Female,22.0,CS,66.46,84.29,71.17,92.02,65.68,2.29,52.06,57.3,B,0,72,48.0,99.0,70.0
Male,21.0,CS,56.08,54.35,99.58,86.1,76.63,3.13,66.54,90.79,F,1,67,88.0,91.0,83.0
Female,21.0,Computer Science,71.04,47.48,52.92,55.67,99.28,3.42,64.47,94.21,B,1,80,37.0,82.0,76.0
Male,18.0,Engineering,68.74,57.13,93.57,89.88,80.7,1.52,67.22,53.75,D,1,93,43.0,71.0,92.0
Male,20.0,Engineering,93.19,96.28,76.47,90.75,59.6,0.72,51.88,80.93,D,0,49,35.0,91.0,54.0
Female,23.0,Mathematics,67.01,91.46,88.79,80.28,80.2,5.23,70.74,53.57,B,0,63,71.0,41.0,70.0
Female,22.0,CS,71.88,,89.37,,54.83,5.38,78.48,96.01,D,0,43,72.0,94.0,62.0
Male,20.0,CS,61.15,42.0,40.48,98.79,78.57,0.18,95.65,54.32,F,0,61,70.0,79.0,93.0
Male,18.0,CS,77.85,94.54,63.02,92.87,62.0,7.68,66.4,75.9,D,0,59,81.0,88.0,82.0
Male,20.0,CS,56.46,99.64,81.34,58.43,63.47,6.16,74.04,99.63,F,0,87,93.0,60.0,37.0
Female,21.0,Engineering,71.35,75.59,77.82,66.74,,4.36,89.94,69.62,A,0,48,45.0,45.0,49.0
Male,19.0,Engineering,82.81,40.28,44.99,90.46,84.96,8.24,92.74,72.48,A,0,61,71.0,75.0,31.0
Female,22.0,Engineering,61.81,73.51,84.01,52.03,72.05,9.54,58.32,73.75,F,0,95,47.0,46.0,82.0
Male,18.0,CS,93.72,91.07,84.18,94.64,93.37,0.63,77.56,80.91,A,0,71,26.0,94.0,42.0
Male,18.0,Engineering,71.56,63.44,79.69,77.54,65.8,5.89,64.09,65.98,B,1,52,85.0,70.0,39.0
Female,23.0,Engineering,85.05,49.07,84.21,93.17,80.18,1.5,64.75,65.42,C,1,53,41.0,73.0,64.0
Male,23.0,CS,,78.34,89.5,82.62,51.21,8.32,82.53,61.45,A,0,52,72.0,76.0,69.0
Female,19.0,CS,54.35,60.83,79.37,55.72,82.66,2.0,73.39,56.93,A,1,51,89.0,85.0,68.0
Male,20.0,CS,83.64,46.52,58.1,91.95,98.94,5.86,65.36,71.11,F,1,62,86.0,90.0,59.0
Male,21.0,Business,94.67,67.36,46.3,67.17,65.15,7.39,94.08,76.47,C,1,74,66.0,89.0,59.0
Male,18.0,CS,80.83,66.75,91.09,91.36,65.54,6.27,92.92,59.06,C,0,55,85.0,70.0,45.0
Male,23.0,Engineering,65.67,47.98,,61.07,92.76,1.86,55.4,60.05,C,0,49,76.0,75.0,88.0
Male,20.0,Business,95.28,78.78,63.09,74.78,77.6,1.06,53.39,93.21,C,0,33,79.0,81.0,59.0
Female,19.0,CS,54.66,72.78,98.96,55.75,51.37,3.48,62.22,93.41,F,1,84,67.0,78.0,59.0
Female,22.0,CS,69.82,79.79,47.86,80.69,69.06,4.31,50.79,55.73,A,0,32,73.0,74.0,93.0
Male,23.0,Engineering,88.25,65.4,83.92,72.37,50.15,1.19,89.97,77.94,A,1,89,80.0,75.0,90.0
Male,21.0,Mathematics,73.68,69.56,69.19,96.4,68.71,3.17,55.41,63.06,A,0,70,98.0,69.0,72.0
Male,23.0,CS,92.83,87.37,73.71,58.52,55.36,1.34,93.62,79.88,C,1,49,54.0,100.0,77.0
Female,20.0,Engineering,83.44,98.06,68.87,76.84,63.18,5.4,99.17,96.19,F,1,67,78.0,81.0,25.0
Male,18.0,CS,80.44,46.3,77.09,90.95,99.03,8.27,67.74,65.6,B,1,51,65.0,34.0,70.0
Female,19.0,Business,61.46,68.05,72.51,78.13,75.22,5.7,73.56,92.29,C,1,71,63.0,57.0,45.0
Female,21.0,Business,59.31,48.62,78.22,78.84,78.48,5.6,63.45,74.51,C,1,61,55.0,98.0,65.0
Male,23.0,Engineering,55.74,,76.8,54.84,80.97,4.86,77.32,72.23,F,0,81,79.0,77.0,65.0
Male,23.0,Engineering,84.54,61.56,63.95,70.83,69.76,2.47,87.15,74.22,B,1,72,74.0,91.0,39.0
Male,23.0,Computer Science,88.58,56.04,44.21,64.96,70.81,2.98,98.44,93.61,F,0,44,41.0,70.0,79.0
Male,19.0,Business,69.87,86.36,57.08,74.38,50.83,4.14,51.5,84.54,A,0,72,66.0,62.0,58.0
Female,22.0,Engineering,66.55,56.5,87.98,74.86,81.43,5.7,59.39,78.69,B,1,44,83.0,56.0,72.0
Male,20.0,Business,90.22,64.1,77.51,73.68,53.2,4.34,52.35,81.96,A,0,60,100.0,80.0,85.0
Male,20.0,CS,69.83,40.56,54.59,51.06,94.22,7.91,84.6,97.45,A,1,67,50.0,96.0,68.0
Male,18.0,Engineering,63.83,64.05,95.9,80.17,97.04,0.44,99.91,97.18,F,0,27,100.0,74.0,88.0
Male,19.0,Mathematics,87.38,49.66,54.85,97.8,50.57,0.69,80.46,79.86,F,1,64,51.0,82.0,60.0
Male,20.0,Computer Science,99.83,96.71,65.7,78.09,95.8,0.77,72.14,68.19,D,0,60,61.0,65.0,94.0
Female,,Mathematics,79.67,92.32,81.08,65.17,86.64,5.86,81.7,70.33,B,0,90,88.0,82.0,54.0
Female,22.0,Engineering,50.72,65.69,69.86,95.0,86.61,8.79,95.04,62.88,D,0,71,76.0,67.0,94.0
Male,20.0,CS,70.18,95.2,96.71,86.74,91.28,4.6,82.71,66.1,C,1,76,48.0,100.0,55.0
Male,18.0,Mathematics,91.23,52.19,75.73,91.05,61.12,1.9,79.16,87.62,D,1,60,64.0,78.0,78.0
 FEMALE ,19.0,Business,73.67,90.47,46.48,64.04,69.33,6.09,73.08,89.54,D,1,84,84.0,97.0,82.0
Female,18.0,Engineering,96.99,68.94,49.64,87.79,67.96,6.54,50.08,72.26,F,0,83,75.0,56.0,41.0
Male,20.0,Business,72.2,42.85,87.2,64.81,60.54,8.86,81.25,85.85,D,0,95,47.0,88.0,100.0
Female,21.0,CS,81.91,42.35,52.01,73.21,91.23,3.41,91.53,74.82,B,0,94,56.0,82.0,39.0
Male,23.0,Mathematics,94.05,80.36,65.83,57.41,52.11,2.25,51.67,93.12,A,0,78,85.0,86.0,42.0
Male,18.0,CS,51.45,41.63,99.61,90.85,65.38,2.41,57.86,83.71,C,0,50,68.0,69.0,69.0
Female,,Engineering,57.12,80.79,60.98,93.28,71.81,7.1,75.97,52.33,F,1,35,52.0,85.0,81.0
Male,19.0,Engineering,69.99,57.83,47.8,68.09,57.58,4.27,70.62,95.35,D,0,55,100.0,30.0,60.0
Male,20.0,CS,81.96,82.98,93.0,93.1,52.17,0.24,63.06,89.18,F,1,64,69.0,57.0,79.0
Male,19.0,Business,51.45,80.15,92.68,87.71,87.66,8.22,60.88,72.46,F,0,40,99.0,100.0,84.0
Female,21.0,CS,75.62,95.46,90.38,87.87,88.92,2.58,85.26,94.13,A,0,82,65.0,90.0,71.0
Female,18.0,Engineering,98.3,95.28,41.43,68.71,91.06,6.0,90.6,96.05,B,1,53,68.0,100.0,63.0
Male,23.0,CS,65.98,49.72,59.06,63.27,68.73,4.29,94.5,74.1,C,0,96,61.0,85.0,68.0
Female,20.0,CS,84.65,93.5,42.24,53.42,77.09,9.27,85.12,60.69,C,0,66,90.0,81.0,87.0
Female,23.0,Business,99.18,85.26,50.91,57.79,83.36,7.19,96.38,91.93,A,0,75,30.0,55.0,90.0
Female,22.0,Engineering,88.64,43.92,58.97,67.13,63.78,,90.16,81.07,A,0,82,90.0,69.0,65.0
Female,19.0,Mathematics,89.43,70.78,71.94,88.35,60.13,8.94,87.21,85.31,A,1,74,69.0,80.0,75.0
Female,19.0,Computer Science,71.21,91.62,65.98,68.21,97.23,4.99,78.72,92.66,A,0,75,66.0,93.0,74.0
Female,23.0,Engineering,83.06,66.59,89.96,85.89,61.56,8.88,84.93,92.65,F,1,62,83.0,89.0,52.0
Male,19.0,CS,99.43,91.74,98.07,72.87,93.85,7.34,77.95,51.3,D,1,75,37.0,100.0,62.0
Male,18.0,Business,60.76,62.68,78.26,63.89,75.15,5.69,96.78,52.99,A,0,72,42.0,79.0,83.0
Female,22.0,Engineering,90.52,51.64,75.72,75.45,61.87,3.3,78.02,52.82,F,1,70,23.0,100.0,98.0
Male,20.0,Business,65.03,73.32,83.22,80.08,82.65,7.12,87.4,90.44,F,1,64,69.0,69.0,78.0
Male,18.0,CS,67.32,61.43,53.44,71.48,93.92,9.47,53.6,54.85,C,1,70,72.0,59.0,81.0
Female,18.0,Engineering,99.27,95.5,66.35,56.18,56.99,2.76,96.38,91.34,D,0,68,66.0,57.0,80.0
Female,21.0,CS,88.77,88.23,75.5,51.48,52.26,7.0,91.83,70.64,F,1,57,70.0,54.0,66.0
Female,19.0,Business,74.46,62.55,98.54,85.49,85.06,0.06,93.69,80.93,F,0,53,23.0,100.0,70.0
Female,18.0,Business,70.86,90.49,64.62,94.17,68.29,3.67,89.93,99.49,D,0,66,61.0,55.0,79.0
Male,18.0,Business,69.26,73.65,,90.93,87.27,4.89,51.97,93.95,F,0,78,58.0,83.0,43.0
Female,18.0,Business,57.58,82.7,64.63,54.15,81.96,0.5,51.97,72.17,C,1,36,78.0,100.0,99.0
Female,19.0,Business,94.21,42.29,87.63,85.01,84.01,0.71,72.99,88.69,D,1,75,97.0,93.0,90.0
Female,20.0,CS,69.53,65.01,42.95,61.75,91.18,5.73,78.65,68.3,A,1,56,82.0,90.0,52.0
Female,22.0,CS,74.41,77.22,69.16,98.98,85.12,8.05,87.57,78.76,C,0,44,33.0,66.0,36.0
Male,18.0,Engineering,90.01,93.01,49.64,93.74,51.74,8.46,53.68,85.37,F,0,92,63.0,76.0,75.0
Female,18.0,CS,63.3,78.23,58.13,52.24,55.66,4.82,55.96,85.91,A,0,27,97.0,99.0,84.0
Female,23.0,Engineering,71.23,89.68,70.85,80.89,99.62,0.65,86.3,55.37,F,0,77,65.0,73.0,81.0
Female,23.0,CS,56.1,93.32,94.03,57.8,80.34,8.1,51.01,57.53,B,0,65,79.0,94.0,83.0
Female,18.0,CS,61.75,57.31,83.96,94.32,74.71,,59.87,93.83,A,0,82,69.0,40.0,78.0
Male,23.0,CS,97.91,86.66,86.29,72.75,83.27,4.23,68.61,71.57,B,1,50,53.0,92.0,87.0
Male,18.0,Engineering,65.38,65.9,62.86,55.95,71.54,7.98,60.46,86.22,A,0,28,45.0,100.0,78.0
Male,23.0,CS,62.99,88.58,44.61,94.91,70.17,4.4,96.16,89.2,B,0,67,100.0,42.0,69.0
Male,20.0,Business,90.39,75.71,92.62,70.4,,4.46,92.01,82.68,F,1,41,51.0,82.0,76.0
Male,23.0,Mathematics,96.45,92.36,67.69,74.75,87.54,1.91,67.36,51.03,F,0,53,95.0,80.0,81.0
Female,20.0,CS,86.38,66.18,87.84,92.45,65.59,4.21,51.57,90.18,C,1,69,79.0,88.0,68.0
 FEMALE ,,Mathematics,94.62,61.57,58.01,68.84,72.3,3.96,55.32,97.76,F,1,38,87.0,66.0,75.0
Female,23.0,Engineering,71.93,80.49,50.78,69.62,55.42,1.78,52.54,83.62,A,1,63,49.0,73.0,61.0
Male,18.0,Engineering,85.51,56.56,93.9,89.87,61.08,5.07,78.52,54.14,D,1,58,80.0,82.0,76.0
Male,22.0,CS,62.72,52.17,83.42,69.66,78.0,2.98,78.9,87.8,B,0,52,52.0,49.0,84.0
Female,19.0, engineering ,79.84,40.68,61.59,65.39,59.74,5.08,84.55,63.74,A,0,77,97.0,81.0,74.0
Female,23.0,Engineering,52.86,46.38,47.0,54.41,82.3,,83.91,83.87,A,1,69,64.0,100.0,84.0
Female,20.0,Engineering,96.86,51.89,94.82,98.99,91.19,8.88,52.67,92.5,F,0,75,90.0,38.0,68.0
Male,23.0,Mathematics,76.86,67.14,99.48,74.16,87.21,6.92,99.29,61.94,F,1,35,58.0,64.0,53.0
Female,21.0,CS,59.08,76.39,80.96,97.69,67.15,1.56,95.0,68.97,A,0,42,72.0,88.0,74.0
Male,,Engineering,92.47,73.24,41.26,94.85,93.39,,66.53,74.55,A,0,76,56.0,78.0,66.0
Male,23.0, engineering ,77.26,72.67,40.21,63.5,96.46,4.04,60.12,86.1,D,1,47,59.0,87.0,90.0
Male,18.0,Business,83.07,50.35,41.64,65.78,58.24,3.3,76.18,92.87,C,1,63,40.0,98.0,81.0
Female,21.0,CS,96.53,71.87,79.79,65.22,71.18,8.83,90.64,94.16,B,0,68,44.0,82.0,70.0
Male,20.0,Engineering,67.86,90.29,79.33,52.02,57.2,0.11,65.25,85.95,D,1,59,66.0,84.0,91.0
Female,19.0,CS,52.93,73.23,89.45,91.57,92.67,0.72,83.92,74.66,C,0,31,62.0,67.0,44.0
Female,21.0,Engineering,71.73,45.16,60.16,81.6,51.19,5.45,74.54,71.7,A,0,65,82.0,97.0,66.0
Female,22.0,CS,75.74,40.06,69.86,88.52,70.34,8.78,68.29,96.09,A,1,52,36.0,59.0,73.0
Male,21.0,Business,69.0,77.68,48.42,72.05,66.76,1.05,,99.13,A,0,87,70.0,84.0,73.0
Male,20.0,Engineering,97.06,99.29,65.93,78.33,52.62,8.36,95.89,79.86,F,0,44,76.0,81.0,37.0
Female,19.0,Engineering,85.92,50.91,90.97,54.18,60.85,9.85,80.1,95.33,D,0,49,50.0,100.0,61.0
Male,18.0,Engineering,58.63,82.28,94.54,79.09,84.41,9.38,95.95,67.05,A,0,46,100.0,80.0,81.0
Male,23.0,Mathematics,73.98,97.57,74.4,59.57,96.43,4.79,67.28,78.44,A,0,71,62.0,69.0,48.0
Male,23.0,Engineering,51.65,58.41,44.46,68.35,89.17,3.08,,67.7,A,0,84,78.0,99.0,77.0
Male,22.0,Engineering,94.86,43.47,82.43,71.51,91.73,6.13,94.06,95.41,D,0,94,56.0,33.0,34.0
Male,23.0,CS,52.15,88.06,97.13,65.67,95.48,3.48,94.73,77.03,A,1,35,51.0,100.0,90.0
Male,18.0,Engineering,91.11,50.16,57.54,93.6,56.03,1.0,83.1,96.15,D,0,60,96.0,76.0,85.0
Male,20.0,CS,61.89,60.49,43.35,85.19,54.53,5.21,71.42,77.75,F,0,78,63.0,76.0,62.0
Female,23.0,CS,53.4,58.72,48.47,63.62,64.03,1.57,80.08,81.86,F,1,58,69.0,77.0,70.0
Male,23.0,CS,83.87,71.77,62.67,62.0,68.14,4.83,77.46,85.82,A,1,72,34.0,71.0,92.0
Female,18.0,Business,81.07,83.37,89.29,85.79,99.16,2.57,92.73,90.95,A,1,59,68.0,96.0,84.0
Female,,CS,88.64,47.76,93.8,81.32,76.89,6.42,50.61,51.89,C,1,89,71.0,100.0,64.0
Male,19.0,Engineering,65.76,98.15,93.57,50.14,62.81,8.04,60.14,76.68,C,0,47,84.0,100.0,81.0
Male,20.0,Business,87.49,54.22,96.37,72.0,77.7,3.55,84.61,89.27,D,0,74,82.0,70.0,85.0
Female,19.0,CS,61.08,55.38,54.29,74.96,78.01,7.1,78.84,65.36,A,1,95,55.0,74.0,28.0
Male,19.0,CS,,65.49,40.41,89.59,56.4,4.56,60.81,99.75,C,0,84,71.0,56.0,97.0
Female,19.0,Business,96.68,52.02,42.13,81.9,64.18,1.75,62.2,64.83,B,1,85,94.0,89.0,50.0
Male,19.0,CS,94.26,40.44,83.4,96.91,92.57,5.95,89.69,83.98,C,0,28,77.0,87.0,65.0
 MALE ,18.0,Mathematics,58.59,46.58,64.58,66.4,80.46,4.21,61.69,80.25,B,0,71,60.0,82.0,74.0
Female,20.0,CS,59.96,72.77,41.95,54.08,66.01,9.56,73.73,63.14,C,1,74,74.0,82.0,35.0
Female,22.0,Engineering,61.28,41.45,92.38,84.11,71.23,0.15,63.32,57.76,F,0,96,40.0,100.0,57.0
Male,20.0,CS,61.08,80.1,54.74,72.02,79.23,7.16,91.98,84.18,A,1,64,51.0,73.0,58.0
Female,18.0,Business,78.65,76.9,59.48,71.22,55.44,6.59,88.71,68.77,A,0,100,72.0,72.0,84.0
Male,19.0,Engineering,57.37,78.6,84.82,73.85,60.27,7.27,71.48,65.46,A,0,72,79.0,93.0,48.0
Male,18.0,Engineering,62.57,96.28,93.88,97.03,80.23,2.1,77.2,78.65,B,1,75,52.0,83.0,47.0
Female,19.0,CS,63.8,90.37,62.02,81.31,56.01,2.78,92.25,93.86,F,1,63,72.0,79.0,94.0
Female,20.0,Business,52.3,47.59,94.45,53.6,84.16,6.71,98.72,80.94,D,1,91,60.0,79.0,61.0
Female,20.0,Engineering,62.16,64.31,50.21,81.3,55.74,3.32,93.39,91.89,A,0,76,48.0,60.0,57.0
Male,23.0,CS,73.84,53.24,53.34,98.72,58.33,6.3,65.74,53.15,C,0,42,60.0,98.0,95.0
Female,23.0,Mathematics,58.54,51.92,82.16,78.38,95.68,0.27,66.33,56.69,A,0,88,63.0,78.0,65.0
Male,23.0,CS,62.59,45.72,50.4,89.76,63.86,8.52,89.52,65.28,A,0,64,46.0,63.0,61.0
Female,23.0,Mathematics,97.06,99.73,42.81,58.1,57.52,3.01,55.45,62.6,C,1,62,67.0,100.0,100.0
Female,20.0,CS,80.4,67.33,58.25,53.4,62.77,5.64,64.83,96.13,D,0,83,34.0,30.0,50.0
Male,18.0,CS,96.54,61.01,79.64,92.06,68.6,4.6,81.94,97.93,F,0,54,54.0,75.0,66.0
Female,18.0,Engineering,83.23,92.68,,,72.95,6.14,76.05,73.82,A,0,50,100.0,70.0,77.0
Female,19.0,CS,57.64,64.13,77.93,76.56,55.15,4.45,83.87,59.83,C,0,68,74.0,92.0,75.0
Female,22.0,Business,83.85,80.56,74.78,77.33,78.14,0.46,51.79,81.0,B,1,73,71.0,90.0,61.0
Male,20.0,Mathematics,62.34,78.08,47.54,64.76,53.66,4.49,60.25,75.35,F,0,83,41.0,83.0,67.0
Female,22.0,Engineering,85.59,64.07,98.32,76.56,50.4,2.6,58.8,70.41,B,1,78,32.0,100.0,99.0
Female,18.0,Business,87.25,61.0,48.02,84.38,91.93,8.42,,60.5,D,0,99,41.0,80.0,56.0
Female,20.0,Business,85.92,40.67,40.78,89.84,87.61,4.06,80.67,56.96,F,1,82,67.0,67.0,59.0
Male,20.0,CS,89.85,63.87,83.95,98.64,94.98,7.84,80.83,58.64,F,1,76,65.0,68.0,74.0
Female,23.0,CS,80.03,87.35,83.8,97.2,81.66,1.78,90.79,94.13,C,0,60,66.0,93.0,60.0
Female,21.0,CS,60.91,44.9,84.82,94.17,59.24,8.15,50.86,52.27,A,0,85,72.0,97.0,69.0
Male,20.0,Business,50.24,83.12,44.04,74.96,68.55,0.42,85.19,57.07,F,1,46,73.0,100.0,61.0
Female,,Engineering,93.09,45.59,56.16,86.64,56.66,0.02,70.73,96.38,F,0,70,51.0,48.0,80.0
Male,23.0,Engineering,89.3,43.07,47.9,75.35,64.59,9.0,66.2,58.94,D,1,94,74.0,88.0,82.0
Female,22.0,Engineering,74.58,92.03,53.43,58.89,70.75,3.97,96.15,52.29,C,1,66,94.0,95.0,77.0
Female,23.0,CS,77.91,55.98,58.47,99.68,97.34,2.17,63.67,94.84,A,0,37,45.0,85.0,96.0
Male,,CS,77.16,84.18,94.88,96.41,65.73,0.46,71.44,51.07,D,0,74,77.0,66.0,56.0
Female,23.0,Engineering,58.64,76.1,61.73,95.36,60.89,9.03,73.61,55.24,C,0,87,94.0,91.0,94.0
Female,23.0,CS,67.28,64.16,50.59,88.46,62.43,0.83,91.69,82.4,B,0,59,65.0,96.0,85.0
Male,23.0,Engineering,77.58,93.99,70.73,77.25,84.08,6.88,78.7,97.54,F,1,33,92.0,75.0,85.0
Male,23.0,Engineering,76.16,53.42,85.09,69.67,76.79,6.03,69.91,63.14,D,0,55,49.0,74.0,35.0
Male,18.0,CS,53.75,97.43,51.82,54.24,88.52,2.62,78.16,62.88,B,0,31,90.0,87.0,90.0
Male,21.0,Business,77.8,40.28,58.8,56.68,52.6,3.81,76.45,72.41,C,0,53,79.0,59.0,67.0
Female,18.0,Engineering,97.15,86.3,50.76,94.9,85.26,6.03,84.35,89.21,D,1,63,67.0,88.0,81.0
Female,22.0,CS,78.64,50.29,81.03,97.33,74.36,1.78,62.49,98.44,F,1,75,88.0,79.0,62.0
Male,20.0,CS,82.25,99.53,48.65,83.2,56.93,6.62,99.45,95.83,C,0,78,51.0,67.0,78.0
Female,23.0,Engineering,97.86,59.82,81.54,85.39,81.97,5.18,69.38,71.57,F,0,57,51.0,51.0,66.0
Female,22.0,Business,65.8,95.42,84.33,60.73,72.81,3.06,95.68,90.5,A,0,58,54.0,85.0,52.0
Male,19.0,Engineering,75.51,46.41,54.52,89.58,94.84,2.9,57.33,78.67,B,1,95,85.0,77.0,73.0
Female,19.0,Business,58.01,77.0,62.86,51.97,73.52,7.91,58.75,88.64,F,1,61,92.0,48.0,49.0
Male,20.0,Business,53.36,52.02,43.14,81.1,86.58,6.47,,50.34,A,0,82,78.0,97.0,79.0
Female,18.0,CS,60.37,58.03,73.97,78.34,55.94,0.69,50.97,70.54,A,0,53,84.0,67.0,90.0
Male,20.0,Engineering,71.22,57.58,68.21,70.26,71.06,7.48,98.66,50.39,B,0,49,63.0,67.0,58.0
Male,22.0,Business,62.42,83.24,47.87,51.87,95.06,9.25,56.63,60.24,D,0,70,93.0,75.0,60.0
Male,22.0,Computer Science,54.18,90.46,76.21,,80.41,6.89,86.24,62.57,A,1,35,50.0,100.0,96.0
Female,20.0,Engineering,86.57,93.58,50.87,88.57,72.21,5.89,78.97,74.28,B,1,58,56.0,88.0,50.0
Female,20.0,CS,95.63,79.11,57.1,87.95,92.58,0.83,50.06,91.31,D,0,48,45.0,74.0,46.0
Male,18.0,CS,78.03,55.7,74.17,54.62,76.97,0.43,63.54,62.6,D,1,75,85.0,81.0,98.0
Male,20.0,CS,59.18,65.58,89.82,99.85,89.68,8.87,56.07,93.68,F,1,74,78.0,93.0,90.0
Male,22.0,Business,50.49,68.85,42.93,69.89,87.47,7.3,61.8,56.09,D,1,50,37.0,93.0,82.0
Female,21.0,CS,75.95,88.71,76.8,97.12,85.92,9.55,75.74,97.57,F,0,38,55.0,62.0,70.0
Male,,Business,65.0,50.36,65.66,86.27,63.39,8.33,93.13,99.45,B,0,86,44.0,58.0,62.0
Male,22.0,CS,74.81,42.95,40.47,60.82,65.47,2.46,99.78,97.74,B,1,78,41.0,56.0,87.0
Female,22.0,CS,70.22,89.03,76.48,74.22,66.48,7.49,95.02,79.91,D,1,93,79.0,61.0,62.0
Female,23.0,CS,55.88,67.88,63.95,90.59,60.76,8.74,92.93,66.16,C,0,61,88.0,87.0,71.0
Female,21.0,BUSINESS,78.59,76.61,43.83,93.7,75.68,8.07,82.28,69.4,A,0,63,96.0,87.0,46.0
Male,18.0,Engineering,83.21,91.83,65.87,65.36,77.01,2.08,52.43,62.27,A,1,48,63.0,57.0,54.0
Female,21.0,Mathematics,89.63,62.92,81.47,82.16,71.61,0.67,84.19,68.1,A,0,90,94.0,50.0,80.0
Female,20.0,Business,55.18,50.32,89.34,71.28,63.05,4.84,65.35,87.63,B,1,71,84.0,73.0,75.0
 FEMALE ,21.0,CS,66.72,,77.85,91.25,50.4,4.49,64.47,85.93,D,0,81,50.0,100.0,63.0
Female,20.0,Mathematics,64.17,84.62,88.21,66.2,66.12,3.69,94.35,80.37,A,0,84,66.0,84.0,81.0
Female,18.0,CS,76.86,63.52,77.95,83.43,77.99,4.9,58.98,79.03,B,1,50,74.0,64.0,52.0
Male,22.0,CS,95.89,94.8,91.23,55.68,86.09,4.9,96.49,95.87,C,0,57,45.0,47.0,74.0
Male,18.0,CS,70.41,75.26,64.9,84.85,96.08,8.35,74.22,67.33,A,0,79,44.0,69.0,100.0
Male,23.0,Business,52.06,65.32,51.56,84.98,58.27,5.28,51.28,68.57,A,0,92,72.0,76.0,52.0
Male,22.0,Engineering,84.96,84.9,54.24,72.43,68.2,9.0,62.58,74.28,D,0,100,56.0,86.0,48.0
Male,23.0,Business,62.07,53.06,79.1,95.95,84.46,0.98,61.52,89.2,B,0,72,78.0,42.0,58.0
Female,21.0,CS,50.67,64.3,85.35,79.85,60.78,9.35,66.64,99.41,D,0,48,71.0,81.0,63.0
Male,23.0,CS,64.82,62.59,77.46,59.55,60.53,5.95,77.71,76.75,C,0,87,58.0,67.0,79.0
Male,20.0,Engineering,62.0,64.58,94.78,95.98,51.89,3.76,98.23,94.56,A,0,62,80.0,56.0,67.0
Male,21.0,Engineering,66.56,66.23,80.36,68.31,55.57,2.61,82.46,69.57,A,0,45,78.0,96.0,37.0
Male,19.0,Engineering,83.63,44.83,52.92,52.52,66.76,6.47,61.85,80.66,C,0,27,79.0,71.0,42.0
Female,21.0,CS,52.99,72.1,73.65,,62.02,1.98,65.81,96.67,C,0,63,71.0,100.0,51.0
Male,22.0,Engineering,84.5,49.97,76.69,99.17,62.49,2.64,65.22,75.35,F,0,75,79.0,77.0,84.0
Male,19.0,CS,72.59,85.48,82.51,69.41,87.4,5.64,76.34,70.42,B,1,62,43.0,95.0,95.0
Male,23.0,Mathematics,84.85,96.23,65.6,60.65,87.82,2.1,92.17,67.68,B,0,66,89.0,67.0,67.0
Female,18.0,CS,98.92,81.17,72.57,77.05,63.09,8.35,69.86,88.34,D,1,27,43.0,78.0,100.0
Male,22.0,CS,53.81,86.13,58.58,93.47,58.13,8.94,96.65,57.32,A,0,32,79.0,40.0,53.0
Male,19.0,Engineering,63.76,82.62,67.1,86.25,81.73,4.31,98.25,97.29,F,1,72,62.0,53.0,57.0
Female,18.0,Business,76.98,94.01,43.18,85.89,78.86,8.98,60.75,99.52,F,1,65,89.0,52.0,72.0
Female,19.0,Business,53.6,61.94,85.25,76.56,93.77,6.07,66.68,94.89,A,0,28,58.0,79.0,78.0
Female,18.0,CS,60.32,92.66,57.95,62.15,95.17,5.79,66.07,71.73,F,0,70,65.0,78.0,36.0
Male,19.0,Mathematics,84.96,46.24,54.35,89.6,98.7,6.02,80.57,87.21,B,0,30,81.0,82.0,56.0
Female,22.0,Business,60.38,92.04,70.99,79.61,51.42,,98.02,59.6,A,0,89,41.0,61.0,90.0
Male,21.0,Mathematics,83.91,63.15,93.5,89.66,51.79,6.92,98.92,73.92,D,1,77,66.0,58.0,83.0
Male,21.0,Business,92.73,63.19,83.21,82.81,64.93,5.96,59.68,78.98,B,0,78,77.0,82.0,45.0
Male,23.0,Business,93.41,52.6,48.21,84.9,78.73,8.53,90.35,61.9,C,0,51,81.0,67.0,69.0
Female,23.0,Engineering,59.84,52.58,99.34,92.91,54.51,5.88,67.33,85.15,D,1,27,77.0,74.0,61.0
Male,20.0,CS,90.39,99.79,60.5,70.35,77.16,4.03,73.37,92.02,C,1,80,44.0,73.0,79.0
Female,20.0,Engineering,68.45,86.16,84.01,72.38,66.83,3.75,99.84,84.21,C,0,66,46.0,52.0,91.0
Female,22.0,Engineering,89.23,50.22,70.58,77.94,50.33,2.28,75.65,57.13,F,0,60,53.0,100.0,75.0
Female,23.0,Business,87.47,65.46,62.84,66.55,84.41,7.12,87.76,56.68,D,0,79,60.0,83.0,100.0
Male,22.0,Engineering,96.48,,82.58,,88.57,6.14,68.67,92.44,A,0,62,72.0,58.0,44.0
Female,23.0,BUSINESS,87.9,50.74,46.41,93.96,91.81,9.03,91.53,93.44,B,0,70,80.0,100.0,61.0
Male,19.0,Business,97.86,40.99,98.05,67.96,96.63,8.95,60.06,79.15,A,1,27,100.0,100.0,51.0
Female,22.0,CS,67.64,63.72,76.92,72.89,70.73,2.73,57.94,81.14,A,0,78,23.0,63.0,74.0
Male,19.0,CS,66.35,53.87,90.17,82.45,63.65,4.13,65.08,99.62,B,0,76,58.0,53.0,73.0
Male,20.0,Engineering,62.29,73.98,75.14,69.33,72.02,1.73,73.19,95.59,A,0,50,40.0,74.0,100.0
Female,23.0,CS,95.99,75.54,40.34,81.31,80.7,9.74,68.32,74.53,C,1,63,86.0,87.0,69.0
Female,23.0,Business,67.98,81.36,91.09,94.93,84.97,1.73,97.49,93.94,A,0,59,74.0,61.0,100.0
Female,23.0,Engineering,98.41,71.45,73.51,93.18,62.09,3.7,90.99,96.48,A,0,95,68.0,69.0,45.0
Female,23.0,CS,69.84,95.86,43.03,90.21,62.15,5.49,60.93,65.68,C,0,56,60.0,89.0,87.0
Male,22.0,Engineering,69.56,42.97,82.65,98.82,78.53,1.0,67.14,73.04,C,1,37,57.0,98.0,67.0
Female,18.0,CS,99.33,68.56,71.2,68.3,99.38,1.66,83.97,88.68,B,0,46,76.0,90.0,98.0
Male,23.0,CS,86.19,78.64,84.69,,60.43,9.69,68.83,95.25,F,1,74,84.0,84.0,79.0
Female,18.0,Business,68.47,90.91,85.23,77.74,91.26,4.48,93.37,93.13,C,1,65,70.0,100.0,89.0
Female,18.0,CS,51.09,88.47,80.89,96.25,83.59,8.41,58.61,60.19,B,1,77,78.0,88.0,83.0
Male,21.0, engineering ,,70.22,87.01,52.27,68.62,2.71,69.76,78.66,B,1,56,90.0,100.0,61.0
Male,22.0,Engineering,90.91,83.84,98.1,84.75,55.63,6.07,83.36,93.04,D,0,48,59.0,57.0,83.0
Female,21.0,Engineering,81.18,52.8,42.61,71.45,89.01,1.64,70.12,51.29,F,0,63,64.0,81.0,80.0
Female,20.0,CS,65.01,68.75,90.47,89.87,65.64,9.1,64.89,66.76,D,0,75,67.0,78.0,77.0
Male,23.0,CS,91.17,74.92,77.5,62.78,98.12,7.9,78.68,92.52,B,0,72,43.0,62.0,38.0
Male,22.0,Engineering,94.32,92.39,63.61,85.4,83.42,8.74,64.47,90.16,A,0,77,86.0,49.0,74.0
Female,19.0,CS,51.07,84.5,59.53,55.08,99.1,7.51,52.58,81.56,F,1,50,89.0,91.0,79.0
Female,22.0,CS,78.69,89.14,93.43,72.47,86.59,7.68,69.39,88.74,F,1,57,46.0,98.0,70.0
Female,18.0,Business,51.38,63.81,57.31,91.2,75.11,7.78,55.01,65.38,D,1,51,60.0,79.0,82.0
Female,18.0,Business,98.72,88.06,57.97,57.23,91.53,8.58,98.25,70.53,C,0,68,50.0,65.0,63.0
Female,,Mathematics,88.76,70.53,93.99,94.12,58.56,6.41,90.9,56.11,D,1,76,45.0,82.0,87.0
Male,23.0,Engineering,79.21,97.4,68.36,97.74,89.19,9.01,66.03,54.74,B,0,62,95.0,91.0,55.0
Female,21.0,Business,89.01,85.48,77.88,67.76,81.93,5.25,97.45,90.13,B,0,92,62.0,83.0,68.0
Female,23.0,CS,55.66,73.7,66.27,64.93,63.62,2.32,89.03,83.45,A,0,81,81.0,62.0,98.0
Male,21.0,Engineering,,60.56,58.18,97.02,84.67,3.96,59.59,92.62,A,0,74,63.0,54.0,77.0
Male,20.0,Engineering,89.2,53.29,92.3,86.87,73.14,7.45,96.43,96.78,A,0,69,90.0,68.0,91.0
Male,22.0,CS,96.91,53.37,96.07,95.71,65.88,3.32,81.55,88.62,F,0,49,75.0,51.0,100.0
Male,19.0,CS,70.86,65.64,87.93,89.17,55.6,7.79,96.59,78.99,C,1,27,97.0,83.0,66.0
Male,20.0,CS,88.52,,51.72,56.07,72.92,7.86,95.66,70.25,B,1,62,80.0,70.0,60.0
Male,21.0,CS,91.52,71.68,78.78,52.72,84.48,3.57,59.67,73.99,B,1,70,54.0,84.0,58.0
Female,20.0, engineering ,62.94,89.08,82.29,99.24,56.7,3.83,90.48,82.52,D,1,53,67.0,65.0,53.0
Male,22.0,Mathematics,52.26,69.41,79.54,81.49,93.6,1.48,59.35,69.09,C,0,85,39.0,61.0,72.0
Male,23.0,CS,71.34,58.8,71.83,78.19,88.54,1.32,74.7,79.78,C,0,27,86.0,94.0,61.0
Male,19.0,Business,56.09,56.29,,86.0,96.09,7.18,56.44,56.3,F,1,27,46.0,80.0,82.0
Female,20.0,CS,58.79,86.26,84.74,58.97,75.43,8.36,93.53,78.11,B,1,47,78.0,99.0,66.0
Male,21.0,CS,79.91,82.95,69.02,59.19,82.59,3.03,84.17,50.98,A,0,62,42.0,77.0,94.0
Male,19.0,CS,97.22,82.9,68.53,59.2,83.78,5.34,55.75,89.04,A,1,45,83.0,58.0,93.0
Male,19.0,Engineering,72.33,57.1,41.21,53.09,86.98,0.45,63.5,93.85,B,1,68,68.0,97.0,49.0
Male,19.0,Business,75.96,50.96,96.71,66.5,68.09,2.6,70.72,58.53,A,0,46,90.0,70.0,72.0
Female,23.0,Business,52.38,92.54,73.01,91.99,76.26,3.11,58.35,50.68,A,1,59,33.0,58.0,73.0
Female,18.0,CS,82.82,87.11,81.95,77.86,74.2,9.27,88.95,98.24,B,0,50,37.0,75.0,56.0
Male,19.0,Mathematics,54.76,62.68,40.73,93.97,53.11,5.67,96.23,99.16,C,1,74,26.0,78.0,85.0
Female,18.0,Engineering,57.65,43.31,56.55,93.0,60.65,7.73,73.64,87.61,A,0,62,95.0,60.0,92.0
Male,19.0,Engineering,91.47,50.5,64.87,98.02,97.77,7.01,65.21,96.39,A,1,64,100.0,67.0,50.0
Male,20.0,Business,88.48,91.2,57.1,57.41,90.63,9.95,79.36,93.52,A,0,70,72.0,96.0,96.0
Female,21.0,Business,89.32,79.46,48.55,88.68,74.71,3.84,73.88,86.15,A,1,59,58.0,71.0,87.0
Female,20.0,Business,71.71,68.14,78.88,94.21,67.88,,51.51,92.72,F,0,69,99.0,90.0,65.0
Male,23.0,CS,64.52,95.81,95.35,89.36,63.83,9.25,91.83,79.72,F,0,76,48.0,56.0,71.0
Female,19.0,Engineering,75.6,68.37,60.14,81.95,74.47,0.89,89.84,73.58,F,0,75,38.0,29.0,53.0
Male,19.0,CS,82.82,66.47,75.51,98.02,92.5,8.91,70.54,69.83,A,1,62,75.0,45.0,55.0
Male,19.0,CS,62.19,51.36,98.25,57.24,73.24,3.36,53.9,98.63,A,1,85,89.0,86.0,66.0
Female,22.0,Engineering,96.82,49.4,50.89,66.12,95.87,6.83,96.08,61.65,C,0,67,70.0,85.0,83.0
Male,20.0,Engineering,,68.39,69.03,87.39,73.92,5.54,69.28,51.49,D,0,76,41.0,76.0,58.0
Male,21.0,Engineering,89.25,58.06,90.66,64.86,67.42,3.69,82.47,85.94,C,0,44,76.0,75.0,41.0
Male,19.0,Engineering,53.69,65.5,81.43,91.94,66.36,6.12,93.46,67.76,F,1,45,52.0,70.0,71.0
Male,19.0,CS,61.67,,93.64,,59.92,9.78,86.98,81.62,D,1,32,59.0,87.0,59.0
Male,20.0,Business,90.71,61.93,74.9,56.38,52.25,4.09,88.82,89.71,B,0,82,81.0,61.0,41.0
Male,18.0,Business,77.86,95.21,61.26,65.18,58.35,9.3,78.53,87.04,B,0,61,91.0,85.0,52.0
Male,20.0,Engineering,83.84,47.1,48.42,79.84,55.06,4.39,80.59,64.42,F,0,27,34.0,60.0,64.0
Female,22.0,Engineering,99.07,51.63,58.94,71.97,,1.41,56.02,58.07,D,0,31,57.0,96.0,89.0
Female,19.0,Engineering,74.05,52.05,96.9,80.52,87.71,4.02,67.22,76.6,F,1,54,65.0,76.0,86.0
Male,20.0,CS,68.85,81.4,53.36,66.66,80.57,2.14,77.52,87.61,F,1,100,77.0,71.0,71.0
Male,19.0,CS,75.95,84.3,96.05,73.56,98.83,3.4,52.8,99.03,F,1,87,45.0,33.0,57.0
Male,19.0,Mathematics,54.46,62.58,51.15,,78.63,7.86,65.09,62.0,F,0,78,63.0,52.0,39.0
Male,19.0,CS,90.53,40.29,95.63,65.55,82.66,4.64,56.15,55.05,B,1,37,53.0,100.0,83.0
Male,22.0,Mathematics,69.88,68.47,64.75,68.14,66.48,2.52,56.54,58.69,B,0,52,56.0,87.0,84.0
Female,20.0,CS,92.15,68.6,64.25,63.69,98.06,3.59,70.0,92.86,B,1,58,78.0,96.0,51.0
Female,20.0,Engineering,84.05,91.27,70.77,92.4,71.11,7.02,52.6,91.0,A,1,49,26.0,63.0,57.0
Male,18.0,Business,71.86,81.76,45.17,98.68,99.95,2.35,96.51,75.1,F,1,58,74.0,89.0,63.0
Male,21.0,CS,66.49,49.56,96.77,51.86,69.33,,78.02,64.53,F,0,76,98.0,96.0,85.0
Male,21.0,Engineering,52.77,89.2,92.4,71.39,91.07,6.84,63.13,91.3,C,0,35,92.0,42.0,77.0
Female,22.0,Business,80.78,99.34,98.47,79.57,62.09,3.62,61.93,96.0,D,1,64,68.0,80.0,82.0
Male,19.0,CS,61.73,75.02,44.53,64.51,70.57,9.89,87.7,75.82,B,0,70,67.0,75.0,98.0
Female,19.0,Engineering,51.12,79.61,62.64,68.08,68.22,7.43,87.17,86.78,D,0,64,85.0,81.0,59.0
Female,22.0,Engineering,75.62,99.53,53.36,60.72,72.38,7.26,51.85,90.57,A,0,84,87.0,86.0,72.0
Female,18.0,Mathematics,85.95,44.2,73.45,68.08,89.98,8.12,68.61,95.5,D,0,69,49.0,77.0,95.0
Male,20.0,Mathematics,82.13,42.24,43.37,75.57,68.24,1.08,52.41,75.26,C,1,84,93.0,68.0,45.0
Male,18.0,Business,79.71,76.35,75.43,89.37,68.4,0.86,78.79,79.16,D,1,33,49.0,96.0,73.0
Male,22.0,Engineering,52.93,62.35,90.55,86.91,51.57,5.71,57.38,51.29,C,1,60,50.0,53.0,75.0
Male,21.0,Engineering,96.78,68.15,86.49,82.39,76.03,3.29,68.15,66.38,C,0,59,80.0,87.0,64.0
Female,23.0,CS,87.09,64.83,87.07,83.36,52.94,2.71,92.52,67.47,C,0,24,70.0,93.0,54.0
Female,19.0,Business,93.45,46.53,58.43,87.74,84.58,6.46,74.04,95.94,B,1,79,86.01,47.0,57.0
Female,19.0,Engineering,68.69,91.98,91.57,66.5,98.5,8.53,62.48,81.38,F,0,75,33.0,35.09,23.0
Male,20.0,Engineering,60.34,47.99,65.99,63.03,74.03,7.24,83.83,65.45,A,1,55,67.0,100.0,70.0
Female,20.0,Engineering,67.73,75.35,78.83,99.75,53.99,8.45,71.92,81.91,A,0,69,80.0,73.0,18.99
Male,23.0,Mathematics,95.07,50.16,83.49,81.14,85.17,5.41,60.39,89.87,D,0,43,92.0,85.0,30.0
Female,21.0,CS,51.38,75.29,79.59,80.41,71.82,1.8,67.64,79.4,C,0,99,62.0,100.0,54.0
Male,22.0,Engineering,79.71,51.14,69.69,77.24,98.22,0.96,84.23,57.1,C,1,52,98.0,73.0,58.0
Male,19.0,CS,67.05,52.98,90.03,66.02,97.91,5.97,98.49,66.56,A,1,38,82.0,72.0,72.0
Male,23.0,Engineering,55.57,97.07,71.16,73.13,61.44,2.59,90.21,51.37,D,1,64,82.0,72.0,65.0
Male,19.0,Business,55.36,56.07,44.11,50.29,83.11,0.69,54.85,94.44,C,0,54,52.0,89.0,84.0
Male,20.0,CS,55.5,51.48,53.07,61.45,72.92,0.75,90.29,78.83,B,0,71,85.0,93.0,85.0
Male,18.0,Mathematics,63.04,57.16,64.58,55.15,81.27,1.11,66.24,83.37,B,1,68,42.0,55.0,50.0
Female,20.0,CS,71.17,52.56,54.59,97.85,96.23,4.79,56.37,80.7,A,1,60,79.0,68.0,61.0
 FEMALE ,19.0,Computer Science,82.56,70.09,78.23,87.54,53.11,1.44,65.74,85.81,D,0,40,69.0,81.0,77.0
Male,21.0,Engineering,55.22,50.13,99.11,89.94,88.72,5.28,61.43,84.42,D,1,76,46.0,100.0,71.0
Male,18.0,Engineering,80.64,48.26,76.49,75.62,,,62.81,91.26,A,1,86,85.0,85.0,70.0
Female,23.0,CS,74.8,64.27,53.51,78.06,98.49,1.75,98.23,72.99,A,0,63,88.0,48.0,68.0
Female,22.0,CS,66.63,40.13,96.65,90.81,99.44,9.81,51.13,68.25,B,0,53,32.0,88.0,75.0
Male,23.0,CS,57.43,87.49,99.02,69.14,82.62,7.33,72.9,86.3,C,0,72,81.0,78.0,81.0
Male,22.0,CS,61.77,82.05,88.33,85.02,62.12,5.58,96.21,70.49,D,0,45,77.0,77.0,93.0
Male,21.0,Engineering,51.41,89.31,77.86,68.22,64.22,2.73,83.93,80.37,F,0,72,52.0,85.0,83.0
Female,22.0,CS,50.51,56.5,48.74,63.11,81.79,0.44,91.61,79.96,B,0,69,50.0,100.0,99.0
Male,18.0,CS,76.73,92.87,60.22,,88.19,6.01,92.98,68.85,F,0,58,71.0,77.0,67.0
Male,21.0,Engineering,93.71,91.44,72.49,96.06,70.34,8.45,99.34,54.83,F,0,64,36.0,95.0,66.0
Male,21.0,Mathematics,68.95,51.22,58.48,94.26,79.26,0.8,79.47,74.32,D,1,27,86.0,94.0,56.0
Male,21.0,Engineering,57.78,81.71,79.6,99.1,59.44,5.25,78.15,62.48,A,1,63,92.0,82.0,64.0
Female,22.0,CS,,44.03,73.76,82.1,77.51,3.14,90.16,91.55,A,1,35,80.0,68.0,55.0
Female,18.0,Engineering,59.36,71.6,51.48,98.49,99.72,9.44,87.25,70.55,A,0,83,65.0,100.0,79.0
Female,18.0,CS,64.1,63.03,74.32,89.96,57.31,4.5,89.97,85.05,F,0,66,74.0,59.0,58.0
Female,23.0,Business,77.65,72.54,53.21,50.38,96.11,2.83,93.88,92.94,D,0,50,83.0,59.0,38.0
Female,20.0,CS,70.94,52.75,99.04,99.43,67.64,9.71,77.5,79.8,D,0,61,88.0,92.0,65.0
Female,21.0,CS,96.31,67.69,56.27,56.28,63.81,6.62,63.07,90.13,F,0,63,43.0,64.0,46.0
Male,21.0,BUSINESS,97.56,41.05,52.67,71.81,78.18,0.33,87.38,97.18,C,0,33,55.0,100.0,53.0
Female,20.0,Business,51.03,43.93,83.6,61.98,57.1,9.6,81.19,89.88,D,1,71,100.0,38.0,59.0
Female,23.0,CS,86.01,95.36,40.4,57.0,78.45,7.37,62.45,58.24,B,1,78,47.0,88.0,85.0
Female,22.0,Engineering,93.95,79.08,83.84,62.26,95.31,0.02,59.76,73.89,B,1,89,64.0,90.0,82.0
Female,23.0,Business,58.36,95.68,87.78,92.87,96.81,8.09,53.54,50.74,A,0,78,100.0,58.0,87.0
Female,22.0,CS,85.12,69.72,50.19,54.33,94.67,7.24,74.12,60.15,C,0,42,29.0,35.0,78.0
Male,23.0,Business,66.38,46.99,44.39,68.01,52.48,2.48,86.17,61.93,F,0,60,65.0,72.0,41.0
Male,20.0,Engineering,53.38,83.12,83.89,81.44,57.46,6.58,93.86,51.41,A,1,31,62.0,61.0,62.0
Female,19.0,CS,96.33,76.87,59.46,53.09,56.47,6.99,68.55,76.37,A,1,78,43.0,68.0,84.0
Female,21.0,Engineering,53.43,68.59,98.15,99.15,68.56,1.61,85.78,59.24,A,1,69,52.0,83.0,44.0
Male,20.0,Computer Science,97.24,46.69,80.05,86.3,52.35,5.44,50.61,57.21,A,1,89,81.0,45.0,61.0
Female,22.0,CS,96.94,89.3,86.59,96.97,62.71,6.01,60.89,54.28,F,0,93,42.0,71.0,90.0
Female,21.0,Mathematics,71.19,58.95,50.36,83.81,97.63,6.34,73.21,89.42,A,1,27,61.0,75.0,87.0
Female,22.0,CS,90.98,73.74,42.21,64.27,54.05,4.59,82.74,53.31,A,0,47,72.0,60.0,62.0
Female,21.0,CS,68.59,94.55,96.25,59.4,55.23,3.08,82.51,79.82,B,0,27,62.0,100.0,47.0
Female,23.0,Business,60.9,79.25,95.06,81.45,89.88,9.59,95.62,80.72,A,0,71,35.0,79.0,54.0
Female,19.0,CS,69.98,60.18,74.44,88.78,81.34,7.23,78.59,58.91,F,0,87,84.0,82.0,37.0
Female,19.0,CS,75.25,93.47,50.31,72.76,71.73,4.24,82.72,59.67,B,0,39,82.0,67.0,36.0
Female,22.0,Engineering,62.72,77.56,59.93,53.97,74.25,2.82,54.17,71.33,B,1,28,51.0,65.0,90.0
Male,21.0,Computer Science,63.09,65.61,40.92,71.52,62.49,7.89,63.05,78.75,B,0,49,65.0,43.0,86.0
Female,19.0,Engineering,81.53,81.1,54.82,66.59,81.12,9.83,96.02,89.7,A,1,57,60.0,72.0,67.0
Male,21.0,CS,52.2,77.98,87.77,57.82,,8.38,97.27,98.7,C,0,89,64.0,89.0,46.0
Female,19.0,Mathematics,77.96,91.89,76.72,77.14,80.07,,73.12,54.83,F,0,59,61.0,52.0,65.0
Male,18.0,Business,97.1,85.4,74.17,85.13,63.23,0.3,99.7,57.92,F,0,81,86.0,66.0,46.0
Female,22.0,Business,66.26,73.23,41.72,89.05,52.24,4.09,90.49,65.4,F,1,78,54.0,38.0,49.0
Male,23.0,CS,97.24,40.53,95.53,91.27,55.42,2.15,89.48,87.05,F,1,70,93.0,71.0,81.0
Female,20.0,Engineering,84.15,77.38,40.23,80.74,78.29,9.29,80.84,77.78,C,0,94,62.0,73.0,65.0
Female,18.0,Mathematics,88.74,42.71,51.77,98.79,68.61,5.98,70.89,98.95,C,0,63,54.0,92.0,59.0
Female,22.0,CS,65.45,85.47,52.67,,85.01,7.65,52.32,57.17,A,0,27,100.0,73.0,70.0
Male,18.0,Business,66.1,67.19,71.55,55.35,77.35,1.55,62.84,67.9,D,1,90,51.0,100.0,70.0
Female,20.0,Business,51.21,74.69,55.19,64.76,58.48,8.23,61.93,73.81,C,1,87,59.0,92.0,67.0
Male,22.0,Business,61.04,88.67,95.58,95.96,72.03,7.69,88.75,50.41,B,1,48,88.0,61.0,72.0
Female,20.0,Engineering,71.3,46.76,64.04,88.04,90.95,7.76,54.12,89.52,D,0,87,64.0,56.0,76.0
Male,19.0,Business,60.56,95.7,76.97,70.96,51.18,2.54,58.07,76.47,B,0,51,45.0,53.0,68.0
Female,19.0,CS,71.23,84.47,67.77,75.78,57.09,2.84,66.03,82.18,A,1,47,65.0,66.0,56.0
Male,21.0,Business,60.64,77.44,62.28,64.36,84.85,7.73,67.11,52.39,B,0,47,62.0,75.0,48.0
Female,19.0,CS,64.34,54.93,56.18,58.71,59.79,5.73,82.3,96.12,A,0,95,84.0,88.0,50.0
Female,20.0,Mathematics,94.54,76.03,57.08,82.73,70.2,1.84,73.78,87.32,C,1,67,100.0,69.0,91.0
Female,19.0,Engineering,52.57,56.43,66.5,84.96,59.14,5.87,76.79,63.23,A,0,61,61.0,72.0,71.0
Female,22.0,Mathematics,88.5,60.05,46.86,80.5,59.55,1.52,66.17,86.0,B,1,80,79.0,66.0,71.0
Male,22.0,CS,65.01,86.71,50.66,94.2,68.56,8.89,92.36,55.04,F,0,81,58.0,69.0,100.0
Female,19.0,CS,72.21,91.67,58.25,,86.72,3.16,60.62,75.95,C,1,27,99.0,32.0,77.0
Female,20.0,CS,73.95,97.72,84.62,92.97,87.14,8.64,55.11,73.83,F,1,64,61.0,71.0,52.0
Male,21.0,Engineering,92.43,57.29,96.35,94.09,75.81,0.43,88.23,82.49,B,0,63,78.0,85.0,87.0
Male,20.0,Mathematics,89.1,84.41,98.82,71.92,61.57,6.13,86.75,73.79,B,0,40,52.0,83.0,31.0
Female,22.0,Mathematics,52.25,89.44,53.12,53.44,64.48,9.89,50.35,98.47,F,1,37,76.0,52.0,94.0
Female,21.0,Computer Science,55.18,74.81,92.7,77.65,59.48,2.93,58.24,89.48,D,1,27,63.0,86.0,50.0
Male,18.0,Engineering,92.96,63.75,51.29,86.89,62.36,0.26,63.48,50.2,D,0,43,50.0,90.0,65.0
Female,21.0,CS,60.81,82.71,52.04,75.02,52.16,8.18,94.2,68.53,F,0,56,88.0,67.0,78.0
Male,23.0,CS,86.52,40.98,69.48,73.37,64.95,8.49,66.28,62.8,B,0,76,74.0,100.0,69.0
Female,23.0,CS,80.47,50.52,50.41,55.56,79.17,3.34,93.05,95.86,D,0,66,56.0,100.0,75.0
Female,20.0,Engineering,83.32,75.51,91.81,86.75,74.69,4.4,60.64,73.79,C,0,57,68.0,79.0,81.0
Female,21.0,Business,77.62,65.42,75.8,52.49,88.58,4.04,90.29,87.62,C,1,60,56.0,64.0,53.0
Female,23.0,Engineering,87.91,50.26,56.59,62.43,59.28,9.81,96.64,54.11,C,0,72,72.0,100.0,50.0
Male,18.0,CS,98.76,65.75,74.76,83.02,92.4,8.03,67.3,74.32,A,0,71,86.0,93.0,43.0
Female,23.0,CS,92.1,46.41,64.86,90.17,59.05,8.67,85.24,96.95,A,0,45,75.0,100.0,99.0
Male,18.0,Engineering,93.14,84.09,77.78,67.3,76.16,5.79,59.59,74.87,B,0,34,81.0,56.0,46.0
Female,22.0,Business,99.52,46.31,88.59,,71.78,2.7,86.41,52.64,B,1,30,68.0,100.0,59.0
Male,22.0,CS,75.65,62.48,,85.45,,8.83,96.76,67.88,D,0,60,68.0,72.0,60.0
Male,21.0,Business,88.36,78.62,83.88,92.02,90.24,1.04,79.82,60.34,A,1,49,43.0,74.0,73.0
Female,22.0,Engineering,54.32,64.44,76.41,81.11,55.62,7.59,69.65,85.44,B,1,43,73.0,100.0,79.0
Male,21.0,Computer Science,94.17,81.54,55.46,52.05,53.23,1.43,85.45,93.31,D,1,61,55.0,57.0,82.0
Female,20.0,Mathematics,92.79,92.22,99.68,59.99,57.75,7.68,60.63,73.18,A,1,58,100.0,84.0,52.0
Male,22.0,Business,51.24,44.95,94.1,63.43,67.55,5.33,,95.76,A,1,63,51.0,80.0,100.0
Male,19.0,CS,62.31,91.56,59.07,91.06,65.48,0.33,97.92,61.3,A,0,70,68.0,84.0,68.0
Female,19.0,Business,63.08,,55.03,78.96,56.49,1.4,95.53,74.57,A,0,31,77.0,100.0,86.0
Female,22.0,Mathematics,91.08,,77.58,51.74,78.42,6.4,79.75,99.92,D,0,75,58.0,100.0,58.0
Male,23.0,Engineering,55.18,74.1,95.19,72.68,59.45,0.26,67.61,50.91,F,0,40,57.0,70.0,72.0
Female,18.0,CS,70.67,63.56,54.41,77.99,52.34,8.32,97.78,75.35,A,1,35,48.0,96.0,46.0
Female,23.0,Engineering,61.67,94.12,85.82,83.87,61.7,0.53,76.56,95.25,C,0,79,63.0,86.0,66.0
Male,20.0,CS,74.86,67.83,55.07,76.07,78.07,5.5,87.22,92.66,D,1,100,80.0,53.0,71.0
Male,22.0,CS,99.49,57.11,57.34,92.36,51.58,9.48,63.19,98.45,D,1,52,88.0,52.0,36.0
Male,21.0,CS,65.05,,67.11,68.74,53.9,7.92,61.17,79.23,A,0,53,80.0,68.0,55.0
Male,18.0,Engineering,63.46,52.23,80.88,81.27,95.81,5.07,94.92,96.26,B,1,96,26.0,82.0,69.0
Female,19.0,Mathematics,92.56,49.4,58.02,,82.34,8.15,51.37,93.93,B,1,59,64.0,62.0,83.0
Female,22.0,CS,94.44,57.51,85.17,68.77,95.24,,90.69,75.33,C,0,67,72.0,95.0,55.0
Female,19.0,Computer Science,51.79,94.83,43.52,95.58,96.39,5.98,77.69,61.16,B,1,65,100.0,70.0,65.0
Female,19.0,Business,85.61,62.5,50.44,61.14,55.47,5.83,50.38,67.44,D,0,68,69.0,98.0,61.0
Male,18.0,Business,89.41,40.24,43.13,64.02,62.33,5.15,97.85,59.33,A,1,45,57.0,100.0,40.0
Male,23.0,Business,58.69,53.54,58.92,67.46,74.94,3.22,64.31,78.54,C,0,57,61.0,98.0,60.0
Female,18.0,Business,84.09,60.07,73.28,77.37,69.38,4.89,75.82,84.4,C,1,59,83.0,100.0,84.0
Female,22.0,CS,50.96,46.59,95.54,82.02,63.99,4.49,74.24,98.31,A,0,52,95.0,76.0,83.0
Female,21.0,Business,65.6,98.07,76.62,95.03,73.95,5.44,77.87,50.35,D,1,81,96.0,100.0,60.0
Female,22.0,Engineering,,73.52,57.13,61.93,74.69,8.04,91.91,68.46,A,1,43,52.0,70.0,97.0
Female,18.0,CS,,78.99,86.46,84.06,74.01,2.6,76.96,53.58,D,1,44,60.0,100.0,96.0
Female,19.0,CS,,82.24,96.34,59.71,72.16,1.85,81.48,89.69,A,1,63,66.0,93.0,91.0
Male,20.0,Mathematics,89.36,72.65,56.56,89.01,73.05,7.47,89.28,56.42,A,0,64,98.0,65.0,79.0
Male,21.0,CS,51.36,53.63,89.13,65.5,91.78,6.25,65.67,57.37,B,0,70,100.0,82.0,57.0
Female,20.0,CS,82.74,99.59,89.74,83.31,56.86,0.49,53.48,62.77,C,0,76,100.0,44.0,94.0
Female,22.0,Mathematics,50.19,,60.45,57.58,53.52,4.75,90.38,58.08,A,0,70,100.0,67.0,52.0
Male,19.0,CS,63.58,74.67,82.67,70.46,95.48,1.92,73.13,61.18,B,0,63,60.0,89.0,69.0
Female,20.0,Business,82.61,75.05,65.53,98.4,58.91,7.88,79.99,60.85,D,0,51,85.0,61.0,77.0
Male,20.0,CS,94.75,70.66,97.39,56.57,66.3,3.5,95.37,69.04,D,0,45,55.0,86.0,74.0
Male,19.0,Engineering,60.98,94.42,91.07,90.1,77.29,7.05,60.47,93.57,A,1,28,100.0,61.0,100.0
Male,20.0,Business,72.14,81.47,61.91,90.05,55.56,,76.5,68.1,F,0,36,49.0,66.0,84.0
Female,18.0,Mathematics,65.99,59.02,64.27,87.62,76.64,4.36,66.76,97.65,F,1,56,98.0,83.0,82.0
Male,21.0,Business,57.73,50.22,62.2,73.48,,7.38,51.49,90.85,D,1,54,35.0,65.0,71.0
Female,18.0,CS,81.39,99.06,42.96,59.91,70.49,4.44,50.61,96.03,A,1,83,94.0,97.0,69.0
Male,23.0,Engineering,67.95,70.11,61.52,98.99,65.61,8.24,94.11,62.9,A,1,59,64.0,75.0,75.0
Female,23.0,CS,,72.53,88.73,53.85,82.38,2.33,95.05,53.22,D,1,37,89.0,100.0,50.0
Female,18.0,CS,94.17,44.96,82.61,87.07,76.9,8.67,91.9,96.57,C,1,30,99.0,49.0,57.0
Female,22.0,Business,71.74,59.33,83.34,72.93,65.01,4.49,99.82,64.79,C,0,100,82.0,99.0,61.0
Female,23.0,Mathematics,84.24,51.08,40.96,98.73,67.35,6.51,98.16,82.89,D,0,100,81.0,55.0,65.0
Female,22.0,Engineering,78.87,49.82,81.51,54.99,55.94,4.75,66.05,78.74,B,0,90,88.0,59.0,67.0
Male,20.0,CS,77.33,87.26,68.4,80.42,70.99,2.69,69.29,59.09,F,1,86,81.0,73.0,48.0
Male,19.0,CS,84.55,81.18,67.52,98.31,59.31,1.75,51.92,94.87,B,1,88,78.0,70.0,50.0
Female,23.0,CS,91.9,63.31,80.02,51.81,92.43,9.62,76.98,84.87,F,0,88,53.0,86.0,83.0
Female,22.0,Engineering,95.77,67.99,75.72,55.13,92.58,8.37,50.28,83.16,B,0,64,91.0,90.0,46.0
Female,22.0,Engineering,51.72,55.39,,96.81,85.27,4.76,80.88,85.94,A,1,78,59.0,80.0,66.0
Female,18.0,Computer Science,74.45,67.47,69.31,84.77,99.16,,79.48,66.46,B,1,77,82.0,76.0,73.0
Female,20.0,Computer Science,98.75,87.36,89.99,91.27,80.49,0.27,84.03,94.11,B,0,39,92.0,85.0,66.0
Female,20.0,Business,94.42,42.94,70.39,79.99,61.24,1.36,99.66,84.95,B,1,76,76.0,100.0,63.0
Female,22.0,Business,85.62,68.11,75.23,76.49,50.86,5.39,72.71,67.8,A,1,61,57.0,88.0,87.0
Female,22.0,CS,94.42,77.07,54.28,87.34,73.07,3.65,52.98,78.85,A,1,32,58.0,86.0,89.0
Male,20.0,CS,99.51,83.55,49.03,79.98,93.36,5.84,62.29,85.72,F,1,45,52.0,100.0,68.0
Female,20.0,CS,96.71,83.49,44.56,60.93,97.95,9.19,,72.85,A,0,78,77.0,57.0,69.0
Male,21.0,CS,60.85,49.12,41.29,80.82,95.95,2.6,72.31,89.96,D,1,75,47.0,62.0,77.0
Female,21.0,Business,69.38,44.07,70.66,55.52,62.32,8.42,77.41,65.86,B,0,98,60.0,98.0,100.0
Male,21.0,Engineering,63.95,49.11,44.58,75.29,70.66,1.72,85.7,93.92,F,0,97,72.0,68.0,79.0
Male,20.0,Engineering,94.0,71.19,81.44,84.72,92.09,6.04,75.53,90.91,B,1,73,98.0,61.0,63.0
Male,20.0,CS,84.85,77.43,77.62,84.45,66.66,3.82,91.39,88.64,C,0,59,85.0,69.0,39.0
Male,20.0,Business,66.53,82.4,93.24,85.56,84.2,3.47,90.38,60.36,C,0,83,65.0,45.0,87.0
Male,18.0,Math,98.48,90.82,82.08,95.75,68.9,0.09,79.55,52.03,C,0,27,71.0,100.0,50.0
Male,22.0,CS,65.11,49.22,71.74,70.95,91.06,0.16,95.54,75.68,A,0,96,78.0,84.0,45.0
Male,19.0,Mathematics,58.85,40.9,99.39,52.89,81.53,0.84,85.74,70.78,F,0,55,93.0,77.0,73.0
Male,18.0,CS,50.21,88.84,53.55,88.93,68.36,4.99,96.57,68.19,A,0,66,62.0,76.0,61.0
Female,21.0,Business,99.28,54.72,,67.78,70.92,8.1,77.05,50.52,D,0,46,86.0,47.0,71.0
Female,20.0,CS,78.79,67.81,88.64,75.87,76.67,1.5,58.5,52.04,D,0,82,37.0,58.0,92.0
Female,21.0,CS,81.36,40.88,68.9,67.18,63.87,5.08,77.93,82.31,A,0,60,23.0,44.0,85.0
Female,20.0,CS,68.38,88.59,58.75,73.25,83.81,4.49,70.67,65.81,C,0,27,89.0,77.0,49.0
Male,20.0,CS,84.42,51.62,40.09,62.23,61.71,4.02,68.89,65.68,D,0,65,67.0,82.0,74.0
Male,23.0,CS,76.01,72.67,53.8,61.63,67.06,6.59,60.08,52.6,C,1,79,62.0,77.0,77.0
Male,23.0,CS,68.73,93.11,86.57,87.75,81.22,8.99,59.58,69.33,A,0,50,76.0,68.0,86.0
 MALE ,23.0,Mathematics,78.08,61.4,82.89,78.06,88.39,8.41,93.71,96.38,A,0,64,92.0,91.0,92.0
Male,21.0,Engineering,92.59,49.78,55.04,92.41,85.74,9.83,99.66,93.87,C,0,92,39.0,73.0,62.0
Male,19.0,CS,53.41,69.36,82.01,98.31,65.46,8.52,81.69,55.12,C,1,76,56.0,71.0,55.0
Male,23.0,Engineering,97.65,46.53,81.62,57.9,55.27,7.72,92.33,92.29,C,0,83,47.0,62.0,63.0
Female,20.0,Engineering,53.33,62.77,86.21,98.0,63.14,1.73,83.1,94.14,F,1,47,68.0,71.0,51.0
Male,22.0,CS,97.2,86.77,77.29,69.19,93.87,4.57,78.38,83.7,F,0,37,65.0,67.0,62.0
Female,21.0,Computer Science,57.03,49.83,88.06,83.98,80.38,9.67,82.97,54.95,A,1,53,52.0,62.0,59.0
Female,20.0,Engineering,63.62,53.8,89.74,89.65,67.6,4.31,97.7,88.18,B,0,92,68.0,100.0,41.0
Female,21.0,Engineering,55.7,87.51,90.66,51.41,77.11,2.29,99.13,57.67,C,0,63,31.0,65.0,79.0
Male,21.0,Engineering,51.61,57.17,87.91,68.12,78.77,3.41,66.52,59.66,A,1,31,79.0,78.0,66.0
Female,23.0,CS,83.47,85.87,46.33,59.91,60.97,3.07,64.37,71.51,A,1,80,67.0,89.0,76.0
Male,23.0,Mathematics,61.46,79.32,52.2,89.23,54.45,6.57,66.56,51.57,F,1,59,82.0,60.0,68.0
Female,18.0,Engineering,89.46,69.73,86.21,58.81,73.86,5.52,94.24,94.52,A,0,67,67.0,54.0,59.0
Male,19.0,Engineering,,42.02,51.15,54.47,73.46,2.74,71.76,57.79,C,0,74,61.0,95.0,76.0
Male,23.0,Engineering,79.03,89.37,92.9,92.29,71.55,1.11,65.37,71.87,C,1,82,70.0,66.0,40.0
Female,23.0,Mathematics,89.19,62.52,80.19,78.85,86.2,7.41,95.24,87.99,C,1,69,89.0,96.0,70.0
Female,18.0,Business,67.4,91.98,42.54,85.76,96.32,1.29,91.97,73.59,C,0,58,62.0,69.0,65.0
Female,19.0,Engineering,53.26,53.82,93.42,51.84,92.66,9.08,61.76,93.19,A,0,27,48.0,52.0,76.0
Female,22.0,Engineering,94.51,50.11,52.38,63.12,87.31,6.69,95.8,68.25,C,1,66,64.0,61.0,66.0
Female,19.0,Mathematics,64.37,63.16,53.16,54.12,64.81,8.19,87.44,72.12,A,0,92,78.0,60.0,63.0
Male,23.0,Engineering,92.15,51.44,98.4,90.99,66.14,2.15,62.59,87.14,D,0,38,100.0,85.0,93.0
Male,20.0,CS,51.04,57.76,98.95,52.54,70.13,7.69,70.52,69.24,A,0,57,80.0,99.0,69.0
Female,19.0,Engineering,55.1,97.98,79.6,83.66,50.61,2.71,62.63,92.98,F,1,49,61.0,76.0,66.0
Female,18.0,Engineering,57.72,41.5,47.86,53.86,85.47,0.68,81.39,66.42,D,1,27,54.0,54.0,52.0
Female,18.0,Engineering,67.42,89.9,66.7,90.23,53.98,4.09,79.36,84.74,A,0,56,59.0,97.0,96.0
Male,19.0,Engineering,87.94,64.9,97.16,53.47,83.77,6.8,52.47,59.25,B,1,55,64.0,85.0,28.0
Female,21.0,Engineering,76.94,83.69,94.11,86.68,66.03,2.34,78.6,97.96,A,0,65,66.0,66.0,51.0
Male,18.0,Business,53.04,78.71,84.8,56.89,65.91,9.43,74.72,74.65,A,0,27,87.0,97.0,59.0
Male,21.0,CS,56.1,59.93,65.87,57.51,62.76,9.09,83.61,60.27,C,0,57,94.0,99.0,46.0
Male,20.0,Engineering,61.53,89.69,58.91,69.67,54.54,7.39,89.46,61.54,A,0,76,100.0,63.0,63.0
Male,22.0,CS,71.26,62.68,51.45,73.86,81.01,1.79,66.25,94.81,D,0,36,73.0,83.0,55.0
Female,19.0,Business,76.39,78.98,90.93,73.23,78.25,5.8,56.12,58.35,B,0,59,65.0,78.0,55.0
Male,21.0,CS,74.9,75.02,84.82,81.64,85.62,0.68,95.07,50.41,A,0,84,72.0,87.0,54.0
Male,23.0,CS,93.56,93.87,67.67,79.1,58.33,5.58,61.4,92.09,C,0,44,25.0,37.0,41.0
Male,21.0,Business,90.05,42.72,71.68,87.4,58.21,5.35,85.22,90.88,A,1,38,53.0,62.0,38.0
Male,23.0,Engineering,50.83,73.81,81.26,74.7,70.28,4.69,,65.23,D,1,67,66.0,94.0,57.0
 FEMALE ,23.0,CS,,61.9,44.31,65.99,98.16,2.14,81.59,51.72,A,0,31,64.0,43.0,48.0
Female,21.0,Mathematics,76.84,64.14,85.67,66.01,80.58,4.06,53.38,65.22,A,0,64,59.0,94.0,50.0
Male,21.0,Mathematics,96.91,,78.35,62.95,82.02,0.36,60.49,75.81,D,1,80,78.0,83.0,81.0
Male,20.0,CS,54.42,86.2,59.23,59.44,95.97,8.99,83.2,78.39,B,1,57,33.0,83.0,61.0
Female,21.0,CS,69.75,52.79,79.15,97.31,92.74,5.22,76.32,99.29,C,0,72,68.0,73.0,65.0
Male,23.0,CS,88.34,69.17,45.2,71.21,64.6,8.44,95.03,68.83,A,0,27,86.0,77.0,43.0
Male,22.0,BUSINESS,69.76,55.94,59.63,81.11,68.47,8.86,54.65,55.3,B,1,31,84.0,46.0,43.0
Female,21.0,CS,98.17,96.7,43.25,62.31,81.06,0.32,52.6,94.7,A,0,67,66.0,80.0,72.0
 FEMALE ,23.0,CS,90.5,83.0,50.23,98.79,96.82,4.29,68.73,99.63,B,0,66,70.0,98.0,54.0
Female,21.0,Engineering,61.01,92.4,94.29,67.58,95.34,6.08,67.59,98.36,D,1,45,75.0,86.0,61.0
Male,21.0,Engineering,50.59,87.01,61.28,77.98,99.36,3.28,98.7,71.93,C,1,44,82.0,86.0,79.0
Male,23.0,Engineering,55.41,51.84,90.95,59.38,88.22,4.65,95.49,67.94,A,0,51,52.0,100.0,60.0
Female,23.0,Engineering,91.04,91.51,92.05,61.38,74.96,0.16,63.65,69.2,A,0,27,45.0,89.0,97.0
Male,18.0,CS,86.02,53.76,48.43,63.34,92.83,7.39,72.09,61.6,C,0,63,51.0,100.0,76.0
Female,21.0,Engineering,99.97,52.91,64.57,84.32,92.71,1.1,93.08,77.16,C,1,67,89.0,100.0,64.0
Female,23.0,CS,61.1,76.99,86.41,68.21,54.15,6.62,93.51,86.08,B,0,56,100.0,84.0,99.0
Male,23.0,Engineering,81.23,71.45,98.38,67.38,98.34,8.96,65.59,75.6,C,0,84,65.0,97.0,70.0
Male,22.0,Mathematics,74.9,60.4,43.71,94.24,99.51,2.4,96.44,81.41,A,1,27,87.0,75.0,78.0
Female,18.0,CS,66.62,83.96,79.28,52.25,67.67,6.23,68.17,85.74,B,0,61,99.0,73.0,47.0
Female,23.0,BUSINESS,57.63,45.1,86.6,73.07,80.33,1.51,82.98,59.68,B,1,61,80.0,83.0,100.0
 FEMALE ,21.0,Mathematics,56.67,76.69,59.29,58.88,87.71,7.16,83.86,98.93,C,0,68,63.0,56.0,77.0
Male,21.0,CS,94.98,93.74,62.49,81.19,79.45,8.58,85.64,69.86,B,1,50,68.0,67.0,44.0
Female,22.0,Mathematics,88.92,63.24,82.76,71.05,76.82,3.75,66.68,93.76,B,0,53,100.0,82.0,73.0
Female,,CS,71.17,98.64,48.04,63.03,93.65,4.49,62.4,98.51,A,0,85,67.0,85.0,73.0
Female,19.0,CS,63.82,64.65,80.29,87.34,90.65,4.07,56.23,82.59,A,0,83,53.0,68.0,72.0
Male,19.0,Business,73.32,43.33,41.22,92.54,96.4,0.15,81.02,73.73,A,0,79,99.0,94.0,82.0
Female,18.0, engineering ,85.13,48.96,97.88,98.16,90.88,4.22,99.81,71.11,D,1,42,75.0,76.0,57.0
Male,21.0,CS,,98.37,56.64,83.06,79.28,9.2,88.49,88.94,C,0,78,65.0,97.0,70.0
Female,22.0,CS,57.28,59.31,48.77,55.09,97.6,9.42,72.76,91.17,D,0,60,95.0,85.0,82.0
Male,20.0,Engineering,91.99,93.08,47.0,55.2,55.6,9.55,72.09,74.94,F,0,58,67.0,58.0,31.0
Female,20.0,Engineering,94.91,,85.26,74.41,75.18,7.17,57.88,76.92,F,0,64,67.0,77.0,62.0
Male,23.0,Engineering,57.31,60.56,43.77,,88.65,9.51,50.12,65.3,D,0,53,63.0,70.0,68.0
Female,19.0,Business,65.85,72.9,54.96,54.68,78.36,3.94,70.81,52.95,C,0,71,83.0,59.0,55.0
Female,19.0,Business,50.44,67.96,78.69,79.63,94.41,5.79,99.28,71.87,F,0,67,57.0,87.0,60.0
Male,18.0,Business,92.14,85.74,57.84,75.59,97.32,7.67,50.82,93.58,F,0,40,65.0,73.0,78.0
Female,23.0,Engineering,73.18,74.58,63.56,67.24,54.07,9.65,78.47,72.86,B,1,67,100.0,73.0,59.0
Male,22.0,Mathematics,52.34,73.94,66.15,80.4,84.12,1.22,54.45,70.43,C,1,83,68.0,81.0,76.0
Male,23.0,Engineering,62.74,94.53,67.72,57.81,72.68,1.65,70.18,84.64,B,0,85,63.0,82.0,99.0
Male,18.0,Business,52.95,60.49,46.68,58.99,91.02,2.77,94.17,53.23,F,0,67,23.0,91.0,100.0
Male,19.0,Engineering,72.97,81.5,45.5,52.09,70.38,4.53,98.65,67.11,C,0,85,60.0,74.0,72.0
Male,23.0,BUSINESS,80.88,95.4,42.69,80.89,80.13,8.99,58.09,87.78,D,1,87,86.0,68.0,49.0
Male,23.0,Engineering,99.7,50.31,96.95,65.34,66.03,9.59,57.12,75.25,A,0,64,51.0,82.0,72.0
Male,20.0,CS,53.45,70.58,47.63,79.95,98.11,8.18,56.71,72.49,D,1,56,99.0,92.0,83.0
Male,23.0,Engineering,51.09,66.91,46.46,93.62,54.41,9.99,97.06,67.03,C,0,83,50.0,82.0,77.0
Male,23.0,Business,83.19,97.93,67.42,57.19,61.85,0.83,88.0,95.64,A,0,35,61.0,96.0,61.0
Female,21.0,CS,57.61,78.03,99.09,83.64,80.87,9.75,88.84,76.12,B,1,98,44.0,58.0,82.0
Male,23.0,Engineering,57.31,62.16,98.77,99.92,97.68,3.44,75.93,83.84,A,0,74,57.0,97.0,55.0
Female,19.0,CS,64.31,89.62,93.48,98.43,59.58,8.62,97.65,68.71,A,0,76,100.0,94.0,70.0
Female,23.0,CS,87.86,41.06,70.36,50.43,96.21,4.92,51.64,72.59,D,0,66,92.0,67.0,92.0
Male,21.0,CS,71.89,81.02,95.47,69.56,73.91,7.48,98.15,57.7,F,0,71,86.0,57.0,60.0
Female,18.0,Engineering,95.04,50.52,41.8,59.53,95.28,6.76,79.46,62.65,C,0,100,62.0,84.0,63.0
Male,21.0,Engineering,56.5,83.63,80.19,67.44,65.68,4.49,54.3,89.5,C,0,72,78.0,56.0,98.0
Male,21.0,CS,62.22,90.75,77.39,69.75,84.11,7.93,83.37,62.51,A,0,68,49.0,100.0,65.0
Female,20.0,CS,89.45,52.01,81.87,74.04,89.82,6.11,65.37,89.79,C,0,29,79.0,80.0,66.0
Male,19.0,Engineering,58.25,81.01,98.54,55.5,86.27,8.25,98.91,59.27,A,1,58,31.0,81.0,58.0
Male,19.0,Engineering,98.13,49.93,80.79,83.1,53.61,9.69,61.38,63.48,F,1,86,58.0,38.0,36.0
Female,21.0,Mathematics,62.44,86.85,94.04,80.19,97.75,9.87,65.19,63.89,A,0,84,64.0,90.0,66.0
Male,22.0,Engineering,85.54,55.44,96.3,79.88,87.97,9.63,84.77,77.84,A,1,27,66.0,85.0,74.0
Female,18.0,Business,57.19,52.33,46.43,,55.03,4.49,70.95,69.44,B,0,70,67.0,88.0,79.0
Male,22.0,CS,80.67,75.15,83.39,52.13,75.49,3.6,87.92,90.84,A,0,92,55.0,46.0,53.0
Male,19.0,Engineering,92.36,67.96,92.07,58.8,64.39,2.97,87.38,95.18,A,0,38,60.0,75.0,52.0
Female,23.0,CS,66.34,54.04,51.24,86.1,79.0,0.98,85.55,78.56,C,1,68,90.0,59.0,77.0
Female,21.0,CS,68.3,63.0,73.1,76.09,80.11,7.18,73.59,58.73,B,0,34,94.0,76.0,56.0
Male,21.0,CS,97.18,84.02,48.1,54.26,50.17,9.18,75.21,65.69,A,0,67,80.0,88.0,28.0
Male,22.0,Business,57.26,92.07,87.72,95.42,99.15,0.66,56.16,71.83,B,0,55,40.0,96.0,94.0
Female,22.0,CS,75.1,52.91,52.51,75.71,55.07,4.75,88.66,74.13,F,0,59,51.0,77.0,61.0
Female,20.0,CS,84.16,44.39,94.25,79.37,96.03,8.27,77.63,82.91,C,0,64,32.0,43.0,67.0
Female,23.0,Business,76.59,54.52,72.48,61.67,76.85,2.03,64.22,84.77,B,1,67,64.0,84.0,33.0
Male,21.0,CS,59.52,70.87,44.7,64.3,85.29,2.01,56.3,60.26,C,1,47,41.0,97.0,44.0
Female,20.0,Engineering,91.77,60.37,81.57,95.56,,5.35,53.99,59.01,F,0,68,32.0,56.0,89.0
Female,21.0,CS,82.47,73.42,89.41,51.11,62.88,8.57,53.95,84.47,A,1,52,98.0,90.0,81.0
Male,20.0,CS,92.17,94.91,49.76,50.37,96.04,0.73,97.21,57.97,D,0,33,48.0,84.0,76.0
Male,23.0,CS,94.47,77.47,44.37,53.2,82.59,2.19,76.92,75.19,F,1,94,69.0,66.0,57.0
Male,22.0,Engineering,52.83,47.5,85.05,69.73,89.58,8.56,85.55,74.5,A,0,95,41.0,61.0,33.0
Male,23.0,Engineering,92.19,84.18,63.02,58.33,84.12,4.27,51.32,71.23,C,1,85,37.0,100.0,74.0
Female,18.0,Business,82.7,98.02,42.35,92.66,64.06,4.44,99.62,62.81,C,1,73,60.0,74.0,68.0
 FEMALE ,18.0,Engineering,61.39,45.08,40.02,72.9,88.6,,,64.55,C,0,91,91.0,83.0,93.0
Female,21.0,CS,82.4,85.28,90.99,90.31,72.48,2.58,69.01,51.79,A,0,87,84.0,73.0,69.0
Male,23.0,BUSINESS,93.84,66.01,44.01,89.46,96.99,3.09,79.64,93.02,C,0,68,34.0,70.0,45.0
Male,21.0,Business,64.5,80.39,43.11,60.15,52.71,1.36,91.32,90.98,F,0,49,89.0,77.0,93.0
Female,20.0,Engineering,66.49,96.99,84.77,57.56,85.63,1.25,58.58,51.36,F,0,99,57.0,90.0,90.0
Female,18.0,Computer Science,65.77,50.9,54.65,88.45,61.09,7.74,55.62,71.55,D,0,60,74.0,73.0,54.0
Female,22.0,CS,84.61,59.19,,81.81,62.79,7.39,66.97,88.19,A,1,52,60.0,86.0,60.0
Male,23.0,CS,56.69,77.66,89.66,64.16,88.69,7.31,88.51,86.43,F,0,61,69.0,57.0,69.0
Male,23.0,Engineering,50.95,83.6,74.74,97.64,70.26,7.88,74.25,79.88,B,0,86,74.0,67.0,73.0
Male,21.0,Engineering,50.4,48.97,82.86,57.59,90.66,6.55,84.02,94.29,D,1,76,38.0,56.0,100.0
Male,23.0,Business,99.42,,76.04,84.16,78.43,9.72,81.18,67.29,A,1,73,42.0,81.0,60.0
Female,20.0,CS,60.05,49.23,49.38,81.3,,5.01,71.04,77.28,F,1,60,64.0,100.0,91.0
Male,19.0,Business,76.04,84.84,66.68,86.65,72.44,9.89,60.22,50.73,B,0,40,78.0,61.0,48.0
Female,23.0,Business,75.75,41.02,80.61,52.52,74.59,7.16,80.85,92.9,D,0,90,82.0,59.0,72.0
Female,20.0,Engineering,55.79,92.54,51.48,78.52,,8.33,74.43,55.12,A,1,84,79.0,84.0,67.0
Female,19.0,Engineering,59.05,53.59,52.16,86.27,91.77,5.97,91.35,81.48,B,1,47,81.0,100.0,50.0
Male,19.0,Engineering,54.82,58.75,78.58,91.77,65.41,4.3,85.62,58.41,B,1,85,72.0,96.0,38.0
Male,22.0,CS,68.66,55.83,81.08,50.09,65.59,3.04,79.8,87.52,A,0,99,69.0,66.0,46.0
Female,22.0,CS,95.45,71.89,74.75,65.6,99.38,9.27,56.34,53.08,B,1,27,73.0,81.0,89.0
Male,22.0,Business,63.64,49.06,45.3,81.12,66.19,6.99,71.75,72.73,D,1,60,81.0,100.0,83.0
Female,22.0,Business,97.36,42.81,75.7,86.02,98.43,3.22,69.9,99.06,B,1,85,100.0,58.0,53.0
Male,19.0,Engineering,88.59,78.78,49.89,,92.0,2.87,96.37,52.06,A,1,91,81.0,89.0,93.0
Male,21.0,CS,69.95,57.76,85.12,57.33,91.75,4.27,77.99,79.44,D,1,27,56.0,56.0,74.0
Female,22.0,Engineering,76.45,57.26,50.64,66.56,59.39,8.96,89.1,56.66,B,0,41,56.0,57.0,33.0
Male,,Mathematics,81.85,45.12,56.44,89.92,80.25,5.41,86.3,67.07,B,0,82,37.0,77.0,87.0
Male,22.0,Mathematics,89.47,99.06,43.36,50.02,71.44,1.48,50.47,92.78,A,1,78,45.0,79.0,68.0
Male,18.0,CS,50.65,84.93,67.28,85.64,59.21,3.82,84.96,85.61,F,0,61,71.0,82.0,95.0
Male,23.0,Mathematics,83.22,87.04,63.89,77.58,54.13,3.0,64.1,57.92,B,0,68,96.0,65.0,62.0
 MALE ,23.0,Engineering,56.18,61.88,46.14,53.77,,3.97,61.98,52.46,B,0,62,57.0,56.0,88.0
Female,21.0,Business,91.98,98.84,42.32,58.52,85.95,1.51,74.77,58.83,A,1,84,81.0,77.0,92.0
Male,19.0,CS,74.76,81.74,53.7,75.01,55.24,0.83,91.75,82.83,D,1,52,81.0,96.0,65.0
Female,23.0,Mathematics,53.91,87.29,85.39,82.75,93.66,1.06,55.65,83.82,B,0,74,63.0,68.0,75.0
Male,20.0,CS,61.9,90.61,72.58,71.27,52.2,6.12,84.56,60.35,A,1,65,85.0,76.0,54.0
Male,19.0,Engineering,88.18,87.04,91.96,84.96,94.99,0.99,95.58,90.59,F,0,63,72.0,100.0,74.0
Male,21.0,Mathematics,62.93,84.86,94.81,93.14,60.33,0.5,84.99,80.66,C,0,94,73.0,69.0,80.0
Female,20.0,Business,66.48,59.41,95.31,99.36,65.25,1.32,98.85,62.05,B,1,71,51.0,96.0,74.0
Female,20.0,CS,92.85,80.71,50.56,88.19,70.14,3.83,74.31,62.72,B,1,55,100.0,59.0,61.0
Female,18.0,Business,92.02,51.59,72.19,58.0,54.03,8.77,50.38,86.21,A,0,72,48.0,100.0,68.0
Male,19.0,CS,66.19,65.34,,88.17,62.45,0.85,76.98,96.05,A,1,47,81.0,100.0,52.0
Male,21.0,CS,98.47,91.16,78.0,51.61,81.67,,95.39,60.98,A,1,36,54.0,81.0,68.0
Male,23.0, engineering ,77.8,46.12,71.04,89.67,91.77,6.62,75.88,95.13,F,1,73,87.0,83.0,74.0
Female,21.0,Engineering,66.96,,68.08,97.39,88.72,8.13,59.49,54.4,C,0,48,71.0,95.0,70.0
Female,23.0,CS,77.37,67.71,44.92,50.49,75.38,8.16,87.19,61.41,D,0,57,38.0,91.0,64.0
Female,19.0,Business,61.76,68.01,40.75,89.06,87.17,2.3,73.8,84.26,F,1,69,58.0,79.0,93.0
Male,23.0,Business,60.17,73.89,59.83,93.46,94.64,1.59,,60.27,D,1,65,72.0,86.0,33.0
Female,19.0,CS,83.24,43.61,59.76,90.18,50.8,4.13,96.72,70.96,A,0,49,88.0,60.0,93.0
Male,20.0,Engineering,67.22,84.56,84.46,72.56,64.49,1.91,93.18,66.74,B,1,53,77.0,78.0,64.0
Female,22.0,Mathematics,95.14,90.15,84.27,50.57,96.65,8.09,93.72,75.69,A,0,75,85.0,77.0,83.0
Female,22.0,Engineering,62.76,90.87,89.91,76.45,50.28,0.4,73.11,65.31,D,0,68,52.0,77.0,45.0
Female,18.0,Engineering,76.98,77.7,58.13,75.96,92.39,3.38,57.58,90.33,F,1,61,60.0,66.0,61.0
Male,23.0,CS,75.45,79.95,60.44,59.36,76.72,1.01,65.09,56.55,C,1,91,80.0,100.0,45.0
Male,19.0,Engineering,98.16,85.52,83.45,81.71,95.02,4.14,55.99,51.8,B,0,41,49.0,67.0,86.0
Male,18.0,CS,53.05,53.69,71.03,53.98,52.6,5.07,98.24,61.08,F,0,90,44.0,53.0,54.0
Female,22.0,Business,85.98,45.47,43.92,83.64,75.69,5.82,56.49,56.27,B,0,30,48.0,71.0,70.0
Female,18.0,CS,93.53,83.59,84.61,53.55,67.24,4.09,60.3,94.59,B,0,63,73.0,77.0,83.0
Male,18.0,CS,84.12,40.42,54.55,80.48,60.91,3.21,,86.7,A,0,55,83.0,96.0,94.0
Female,18.0,Business,97.26,75.62,80.68,73.66,65.58,4.71,66.33,65.39,C,1,77,74.0,61.0,50.0
Female,20.0,Engineering,60.68,68.44,68.62,95.67,91.8,7.44,74.09,61.39,B,0,67,29.0,100.0,81.0
Male,18.0,Business,55.67,92.12,90.29,96.9,79.46,4.67,67.34,69.62,A,0,54,56.0,52.0,73.0
Female,20.0,CS,52.52,,82.29,61.6,97.74,1.08,64.59,87.22,A,1,100,100.0,94.0,71.0
Female,21.0,Engineering,73.87,70.3,76.7,83.29,99.12,3.8,90.05,96.32,D,0,67,83.0,74.0,79.0
Male,22.0,Engineering,86.31,65.71,91.36,60.13,74.48,4.45,82.91,51.16,A,0,53,64.0,97.0,41.0
Male,22.0,Engineering,64.05,70.43,94.15,72.38,60.31,2.41,84.15,66.87,B,1,30,55.0,74.0,84.0
Male,19.0,CS,59.15,77.56,50.02,77.28,74.89,2.02,95.14,71.48,B,1,59,55.0,83.0,55.0
Female,21.0,CS,59.94,93.75,66.97,60.03,96.27,2.22,87.14,82.0,C,0,35,86.0,74.0,64.0
Female,23.0,CS,67.43,66.44,79.73,81.29,55.97,2.1,91.06,81.26,D,0,84,71.0,70.0,85.0
Male,20.0,CS,89.8,99.29,70.73,84.04,76.78,4.28,59.09,74.72,D,1,58,47.0,85.0,96.0
Male,19.0,CS,68.98,50.28,55.12,73.15,82.19,0.45,93.26,58.96,F,0,43,88.0,84.0,51.0
Female,23.0,CS,85.25,78.26,66.37,98.26,76.39,3.08,83.0,57.83,B,0,38,78.0,89.0,57.0
Male,23.0,Engineering,58.37,42.86,77.88,87.7,76.86,9.25,91.63,95.31,F,1,67,76.0,65.0,71.0
Female,18.0,Business,95.11,72.77,70.0,,94.59,3.29,66.26,77.11,D,0,45,77.0,71.0,58.0
Male,18.0,CS,60.99,47.13,98.66,85.58,94.77,2.8,83.71,70.43,A,0,27,95.0,48.0,79.0
Male,20.0,BUSINESS,67.12,97.36,81.72,57.57,50.5,6.13,74.35,66.85,C,1,43,99.0,79.0,68.0
Male,20.0,Business,75.62,56.64,84.72,89.4,87.49,0.68,76.0,88.7,B,1,89,100.0,98.0,65.0
Male,18.0,Engineering,94.41,92.72,,82.37,67.76,9.47,63.71,80.66,D,0,67,82.0,89.0,59.0
Male,18.0,Business,65.84,69.41,53.56,83.0,58.8,5.85,52.79,85.85,D,0,84,74.0,80.0,62.0
Male,20.0,CS,62.11,,76.77,,91.72,6.43,82.93,87.61,D,0,47,52.0,73.0,80.0
Female,19.0,Business,89.52,57.58,76.6,77.39,73.5,3.57,61.73,64.97,D,1,82,87.0,66.0,56.0
Male,23.0,Mathematics,97.62,71.42,44.66,87.5,65.58,1.96,66.45,92.84,D,1,27,41.0,61.0,43.0
Male,21.0,Computer Science,85.95,75.48,74.24,76.37,94.77,7.9,,82.31,B,1,49,100.0,62.0,73.0
Female,23.0,CS,95.24,58.23,41.91,65.03,92.06,2.72,,59.56,A,1,33,64.0,86.0,81.0
Male,22.0,Engineering,53.0,88.32,46.56,58.55,52.19,2.94,71.24,72.39,A,0,90,89.0,50.0,82.0
Female,20.0,Engineering,79.3,,85.36,59.26,61.68,3.68,72.49,71.41,C,0,44,55.0,73.0,88.0
Male,22.0,Business,67.72,91.53,69.36,62.81,76.58,6.84,94.18,86.1,B,0,90,71.0,58.0,79.0
Female,20.0,Mathematics,62.24,45.38,70.1,99.49,79.93,6.28,86.26,60.12,A,1,80,80.0,96.0,82.0
Female,18.0,Engineering,58.58,53.51,42.5,93.98,58.71,7.62,96.94,76.86,D,0,61,42.0,60.0,53.0
Male,21.0,CS,88.65,82.54,62.69,63.91,91.12,7.25,98.18,89.04,C,0,34,100.0,78.0,37.0
Male,23.0,CS,81.45,85.82,48.8,99.17,98.04,5.19,50.18,84.31,A,0,82,46.0,88.0,43.0
Female,20.0,Business,63.48,91.81,54.14,64.01,75.44,8.99,96.15,93.34,A,0,74,32.0,88.0,55.0
Female,22.0,Engineering,63.26,92.2,43.79,60.49,76.1,1.53,66.12,75.44,A,0,90,61.0,52.0,80.0
Female,18.0,Business,94.36,84.36,82.18,84.63,60.31,7.96,54.02,66.9,F,1,51,91.0,63.0,61.0
Male,23.0,Engineering,95.86,47.56,87.99,60.63,89.31,2.52,99.39,67.83,C,0,57,41.0,100.0,52.0
Male,21.0,CS,60.87,84.76,85.41,55.1,98.23,3.83,85.17,78.34,B,0,100,50.0,88.0,85.0
Male,19.0,Mathematics,75.22,41.12,95.01,57.0,77.74,6.69,59.1,52.14,A,1,48,68.0,81.0,97.0
Female,21.0,Engineering,82.68,80.62,62.89,84.01,64.93,2.32,95.66,50.24,B,1,64,56.0,82.0,72.0
Male,20.0,Engineering,64.84,46.84,53.14,59.61,59.76,0.56,89.83,51.83,F,1,84,93.0,92.0,87.0
Male,22.0,CS,78.46,99.31,52.41,58.37,88.36,4.83,64.94,51.91,D,0,45,73.0,79.0,82.0
Female,19.0,CS,75.65,64.34,54.39,63.88,66.42,7.61,95.06,66.98,A,0,40,74.0,60.0,43.0
Male,18.0,CS,57.48,76.43,59.28,71.36,52.31,7.02,68.39,62.8,A,0,62,94.0,78.0,59.0
Female,18.0,Mathematics,81.26,76.57,48.78,68.6,51.26,,71.01,61.37,A,1,58,91.0,91.0,79.0
Male,20.0,CS,68.81,60.08,57.48,98.98,68.27,7.17,97.84,60.21,A,0,40,94.0,82.0,69.0
Female,22.0,Mathematics,54.13,95.8,95.19,57.47,52.64,8.57,80.53,55.24,D,1,63,62.0,87.0,73.0
Male,22.0,CS,72.65,75.47,99.17,74.24,91.33,6.73,65.72,55.31,B,1,89,95.0,48.0,82.0
Female,19.0,CS,57.81,46.44,72.2,82.51,71.65,3.94,67.34,94.59,A,1,58,59.0,76.0,68.0
Male,20.0,Business,91.22,68.95,72.97,56.25,59.47,5.11,73.96,59.34,A,0,79,62.0,85.0,80.0
Female,20.0,BUSINESS,73.13,56.42,59.86,60.42,63.23,2.22,55.41,81.66,D,0,54,56.0,79.0,55.0
Male,19.0,Business,81.35,90.77,63.98,92.35,74.61,7.64,81.22,58.35,D,0,27,57.0,82.0,56.0
Male,21.0,Mathematics,89.86,59.15,59.74,78.15,63.84,7.23,56.76,65.66,C,1,88,83.0,100.0,65.0
Female,21.0,Engineering,56.53,59.34,78.99,93.21,84.32,4.61,91.64,84.27,D,0,56,64.0,88.0,53.0
Male,18.0,Engineering,58.53,82.84,,54.81,86.69,4.13,85.23,71.92,F,0,84,77.0,89.0,81.0
Female,20.0,Engineering,81.39,60.22,55.03,85.82,75.0,4.65,83.4,72.93,F,0,66,92.0,90.0,74.0
Female,18.0,Engineering,85.65,96.15,63.92,63.02,83.79,9.42,88.62,79.69,A,0,38,44.0,73.0,62.0
Male,22.0,CS,72.3,95.65,82.76,90.08,51.54,8.71,88.66,67.38,F,1,80,99.0,50.0,100.0
Female,19.0,CS,72.38,69.2,56.53,98.26,99.9,5.77,85.13,80.64,C,0,100,70.0,94.0,50.0
Male,20.0, engineering ,50.42,84.12,86.61,60.31,73.6,4.44,57.87,84.94,D,0,91,68.0,99.0,66.0
Male,23.0,Mathematics,51.67,93.27,91.73,52.4,59.37,1.67,89.95,61.76,A,1,49,95.0,95.0,94.0
Female,18.0,Engineering,52.68,,96.54,51.6,50.56,8.32,95.25,90.06,A,1,90,38.0,67.0,60.0
Male,18.0,CS,75.98,75.9,97.36,89.09,87.72,8.04,,64.3,B,1,49,86.0,81.0,63.0
Female,22.0,Computer Science,91.46,57.0,66.37,75.11,65.86,1.73,83.3,62.74,A,0,75,38.0,85.06,58.0
Male,19.0,CS,58.66,78.11,52.95,69.73,74.16,6.41,,95.75,D,0,54,20.46,85.0,62.0
Male,22.0,CS,88.89,61.22,51.56,53.66,71.9,5.57,68.88,56.07,A,1,67,72.0,58.0,75.0
Male,19.0,BUSINESS,90.25,46.99,73.85,96.9,97.57,8.26,52.5,50.52,D,0,64,92.0,70.0,44.0
Female,19.0,Business,98.02,77.17,97.15,50.92,63.0,7.64,76.59,86.18,C,0,76,62.0,99.0,66.0
Female,23.0,CS,66.78,80.83,47.1,81.93,53.6,9.58,93.2,54.05,A,0,86,91.0,63.0,63.0
Female,19.0,CS,95.91,99.43,97.63,74.62,71.97,7.15,90.2,56.74,A,0,77,77.0,40.0,66.0
Male,23.0,Engineering,82.92,73.48,74.78,77.22,62.37,0.96,51.41,50.68,B,1,55,66.0,85.0,83.0
Male,18.0,CS,63.83,52.29,40.2,62.58,73.19,8.1,81.68,87.96,B,1,53,54.0,82.0,61.0
Female,21.0,Business,55.64,76.13,67.42,81.93,77.76,7.12,83.52,88.75,C,0,61,45.0,100.0,49.0
Female,18.0,Business,59.2,92.81,93.26,52.46,80.33,9.45,83.63,57.49,A,1,64,77.0,49.0,56.0
Male,23.0,CS,65.29,54.14,83.15,82.09,61.58,0.96,98.28,67.69,C,0,65,70.0,65.0,100.0
Female,18.0,CS,92.11,49.79,80.28,72.04,51.65,1.43,80.77,57.64,C,1,58,62.0,74.0,100.0
Male,22.0,Business,96.17,42.95,47.37,59.5,76.01,2.76,79.14,73.62,C,0,66,76.0,97.0,66.0
Female,18.0,Engineering,99.4,55.66,41.78,66.55,64.15,5.23,50.27,94.18,A,0,74,96.0,99.0,64.0
Male,18.0,CS,83.64,96.62,43.42,88.18,85.27,5.86,77.79,99.03,F,1,58,66.0,100.0,100.0
Female,21.0,CS,80.66,44.44,94.56,87.57,93.65,2.06,53.1,75.98,A,1,55,75.0,77.0,58.0
Male,23.0,Engineering,83.77,88.19,45.38,95.9,94.76,3.49,81.17,55.99,A,1,77,76.0,86.0,57.0
Male,19.0,CS,59.73,62.89,94.3,79.41,79.62,0.49,75.77,76.36,A,0,84,93.0,58.0,77.0
Female,22.0,Computer Science,52.39,75.38,54.83,97.34,88.72,2.69,86.94,87.9,A,0,54,79.0,82.0,80.0
Male,21.0,CS,96.85,80.37,89.89,99.02,60.42,7.52,54.06,92.37,A,1,67,80.0,57.0,46.0
Male,19.0,CS,51.87,48.49,69.8,97.47,98.15,6.36,55.02,63.25,F,0,51,88.0,66.0,99.0
Male,22.0,CS,86.25,55.3,78.7,62.51,54.7,9.13,55.98,59.56,F,0,63,94.0,100.0,63.0
Female,22.0,Engineering,51.69,73.15,52.83,79.61,71.88,1.9,56.52,95.4,B,1,41,63.0,93.0,76.0
Male,21.0,Engineering,99.2,96.99,91.91,70.19,83.46,8.65,82.52,70.4,B,0,60,71.0,80.0,71.0
Female,19.0,Business,63.85,44.72,91.97,98.97,71.61,3.92,88.19,97.03,F,1,88,52.0,91.0,59.0
Male,21.0,Engineering,59.32,53.6,62.89,83.52,92.98,8.38,55.79,72.88,F,1,68,92.0,31.0,88.0
Male,21.0,Engineering,87.69,79.56,40.09,55.36,65.97,6.37,66.23,89.84,C,0,67,65.0,60.0,52.0
Female,22.0,Engineering,79.7,64.45,85.8,92.72,72.12,4.14,88.19,77.69,C,1,40,55.0,63.0,45.0
Female,20.0,Mathematics,68.8,85.4,78.42,67.78,92.67,0.22,98.93,77.44,C,1,70,79.0,15.0,61.0
Male,21.0,Mathematics,57.35,49.72,92.82,69.2,71.79,9.82,98.6,55.29,C,1,57,88.0,54.0,84.0
Female,21.0,Engineering,52.6,89.73,94.43,69.03,55.9,4.84,95.38,96.55,C,0,62,49.0,62.0,83.0
Female,20.0,Engineering,94.36,56.84,74.13,64.48,87.08,6.85,60.84,53.43,F,0,35,50.0,79.0,79.0
Female,20.0,CS,74.04,66.38,54.98,74.96,68.56,6.37,,70.1,B,1,96,58.0,66.0,45.0
Female,22.0,Engineering,68.58,74.42,91.79,97.76,71.0,5.46,84.87,86.13,D,0,49,84.0,84.0,82.0
Male,20.0,Engineering,89.67,71.51,74.58,93.24,76.64,4.0,56.61,92.85,C,0,60,81.0,58.0,67.0
Female,22.0,CS,54.62,93.92,60.53,77.28,62.12,4.23,83.15,75.48,F,1,77,88.0,59.0,87.0
Male,20.0,Engineering,76.74,73.03,,97.3,84.67,1.22,93.93,60.6,F,0,72,62.0,81.0,92.0
Male,20.0,CS,59.35,75.67,55.18,99.7,98.62,5.34,82.98,69.04,F,0,85,74.0,100.0,74.0
Male,21.0,BUSINESS,52.81,74.38,56.19,93.72,58.15,7.66,,54.82,D,0,67,91.0,72.0,100.0
Female,21.0,Engineering,64.4,74.45,88.92,70.84,82.61,9.01,74.25,57.92,D,0,81,70.0,59.0,48.0
Male,21.0,Engineering,82.62,52.51,90.53,55.48,82.57,5.47,89.69,91.08,A,0,90,56.0,89.0,59.0
Male,18.0,CS,83.21,50.22,52.85,93.1,70.24,7.9,71.96,69.11,A,1,73,75.0,88.0,99.0
Female,20.0,Engineering,81.82,97.41,64.74,87.53,55.89,0.59,58.63,57.53,B,0,56,67.0,66.0,70.0
Male,18.0,Engineering,94.2,83.86,70.27,50.9,,2.41,85.08,93.16,A,0,87,70.0,55.0,88.0
Male,23.0,Engineering,99.69,74.53,98.3,85.14,83.0,0.27,96.72,65.28,C,1,70,85.0,61.0,84.0
Female,23.0,CS,89.89,73.61,75.68,65.44,60.29,2.74,77.07,59.56,A,1,71,76.0,62.0,48.0
Male,19.0,Engineering,94.75,85.24,42.74,96.12,78.3,3.94,89.76,92.23,C,0,80,88.0,91.0,61.0
Female,18.0,CS,59.58,80.96,78.79,92.07,59.98,1.56,65.86,79.52,F,0,91,76.0,57.0,87.0
Male,19.0,Engineering,51.49,57.9,84.82,58.83,56.11,7.81,63.9,81.45,F,0,53,87.0,75.0,75.0
Male,22.0,CS,64.98,65.63,66.49,91.95,80.24,5.82,85.89,90.86,C,0,48,47.0,32.0,59.0
Male,19.0,CS,88.34,75.85,61.92,52.68,,0.67,92.15,64.06,F,0,29,44.0,79.0,71.0
Female,22.0,Engineering,80.37,79.11,56.24,83.27,91.46,4.96,67.53,51.82,D,0,81,74.0,81.0,75.0
Female,21.0,Engineering,72.44,73.22,70.29,86.35,87.63,5.69,65.25,75.47,B,0,47,92.0,67.0,53.0
Female,,CS,71.42,42.97,95.68,88.35,82.05,9.06,70.55,70.43,A,1,84,96.0,37.0,34.0
Female,18.0,Engineering,69.25,73.09,56.94,88.68,96.79,0.39,71.71,50.6,A,1,83,47.0,79.0,92.0
Male,18.0,Computer Science,99.91,40.54,44.11,68.91,98.51,5.39,89.91,75.81,B,0,31,72.0,90.0,89.0
Male,18.0,Mathematics,83.92,49.09,59.32,93.64,98.36,8.97,75.35,75.51,C,0,77,74.0,71.0,94.0
Male,20.0,CS,82.17,83.77,74.72,73.49,76.38,9.41,80.82,57.0,B,0,53,57.0,70.0,64.0
Female,23.0,Business,65.06,70.08,81.6,85.44,67.88,8.42,84.95,50.97,D,1,50,77.0,64.0,50.0
Female,21.0,CS,63.49,79.08,45.17,95.75,55.25,1.96,98.52,66.77,A,0,64,63.0,32.0,58.0
Female,20.0,Business,98.34,43.92,63.49,93.57,63.07,4.28,88.69,55.15,A,1,63,45.0,77.0,56.0
Male,18.0,Engineering,53.63,57.11,46.98,73.58,64.74,1.16,85.29,61.9,F,1,27,81.0,87.0,97.0
Male,23.0,CS,63.22,44.65,81.68,83.29,71.05,6.56,91.4,65.07,F,0,65,42.0,61.0,66.0
Female,,Business,98.67,,87.93,94.28,62.21,6.56,74.16,61.93,A,0,50,67.0,82.0,68.0
Male,21.0,CS,56.44,66.09,46.28,53.08,73.57,6.4,74.37,59.54,B,0,51,37.0,68.0,100.0
Female,21.0,CS,94.07,47.35,85.3,65.5,69.38,9.13,72.49,77.18,B,1,66,94.0,92.0,81.0
Male,23.0, engineering ,51.13,78.15,48.9,92.42,90.91,1.32,52.44,85.63,C,1,81,67.0,57.0,74.0
Male,18.0,Engineering,96.55,84.48,62.65,65.3,59.09,5.91,77.52,89.18,D,0,75,80.0,60.0,58.0
Male,21.0,CS,99.22,57.48,53.57,87.99,92.42,9.76,72.44,66.4,A,0,68,63.0,92.0,54.0
Male,18.0,CS,63.28,64.87,70.26,54.37,77.64,1.8,58.32,96.5,C,1,56,60.0,84.0,75.0
Male,22.0,Business,69.28,60.08,67.94,60.43,83.14,2.95,79.99,63.22,F,0,48,67.0,96.0,77.0
Female,18.0,Business,79.03,93.7,95.82,66.13,66.17,9.75,59.04,82.06,C,0,54,53.0,62.0,80.0
Female,21.0,Business,81.92,86.16,93.97,77.75,87.47,7.29,90.59,79.68,A,0,83,58.0,71.0,76.0
Male,19.0,CS,50.52,91.5,86.04,74.65,67.27,0.01,52.75,60.17,A,0,49,45.0,28.0,30.0
Male,20.0,CS,79.5,55.18,96.03,64.32,80.46,0.23,50.65,83.72,B,1,25,30.0,79.0,74.0
Male,20.0,Business,64.08,91.22,58.37,77.94,77.07,0.67,72.33,82.13,D,1,51,90.05,63.0,65.0
Female,21.0,CS,96.12,51.32,56.2,92.04,76.48,1.75,80.72,78.45,C,0,81,72.0,70.0,62.0
Male,22.0,Business,76.79,44.08,96.72,74.88,54.36,8.19,54.7,83.64,A,0,63,43.0,45.0,86.24
Male,22.0,Engineering,90.92,91.58,85.29,,79.62,8.68,75.88,79.76,A,0,73,55.0,65.0,59.0
Male,20.0,Engineering,87.2,91.7,95.78,84.18,70.09,9.25,59.63,96.67,B,0,48,82.0,87.0,92.0
Female,23.0,Business,85.97,83.07,96.38,87.57,99.28,9.37,93.57,72.02,D,0,40,65.0,79.0,58.0
Male,21.0,Mathematics,76.95,55.41,56.49,68.04,62.86,5.36,96.01,75.89,F,0,57,100.0,77.0,68.0
Male,23.0,CS,74.27,63.36,70.86,96.35,89.76,7.27,53.84,65.09,B,1,50,81.0,73.0,70.0
Female,18.0,Engineering,98.36,82.52,99.33,56.46,69.65,5.88,59.23,93.82,A,0,92,85.0,93.0,64.0
Male,23.0,Business,81.75,87.1,65.25,63.22,71.95,6.66,88.59,82.94,A,0,32,74.0,67.0,59.0
Male,21.0,Engineering,71.37,96.71,93.84,82.99,99.59,8.95,63.87,87.12,D,0,84,87.0,99.0,68.0
Female,21.0,Business,67.97,70.0,65.78,71.76,58.84,4.72,64.05,54.43,D,0,57,82.0,83.0,70.0
Female,21.0,CS,70.57,46.77,70.18,98.72,92.98,9.73,97.65,86.48,F,1,30,49.0,77.0,31.0
Male,23.0,CS,,47.87,98.4,94.28,55.82,7.18,67.49,79.85,A,0,65,64.0,100.0,63.0
Female,21.0,Engineering,75.77,78.8,90.06,98.71,83.37,8.95,88.18,75.49,D,0,29,99.0,77.0,59.0
Female,23.0, engineering ,94.65,78.92,96.02,93.98,,4.71,83.0,83.54,B,1,85,59.0,89.0,99.0
Female,18.0,CS,96.83,40.21,43.56,88.25,91.22,5.26,68.37,98.0,C,1,81,100.0,100.0,49.0
Female,23.0,Mathematics,70.86,94.79,61.53,88.42,77.14,0.62,54.1,83.42,A,1,65,58.0,100.0,42.0
Male,22.0,CS,81.49,64.16,96.27,92.27,52.92,1.16,98.65,89.94,A,1,63,84.0,69.0,73.0
Male,22.0,Mathematics,95.22,71.38,44.75,77.5,75.42,1.87,71.37,81.2,A,1,69,80.0,76.0,55.0
Male,18.0,Engineering,51.78,62.26,93.56,97.61,77.75,3.47,63.39,53.98,D,0,79,86.0,82.0,41.0
Female,18.0,Engineering,64.45,,84.73,86.27,54.8,7.61,73.28,94.41,D,1,76,68.0,77.0,45.0
Male,23.0,Mathematics,97.42,45.82,87.2,52.33,63.86,8.89,93.98,82.54,A,0,42,92.0,69.0,25.0
Female,20.0,Engineering,77.26,70.23,80.32,,95.17,6.9,61.62,84.8,C,1,74,70.0,91.0,80.0
Male,20.0,CS,92.91,91.63,52.89,93.09,85.87,1.76,75.64,53.86,A,0,42,81.0,86.0,66.0
Female,21.0,Business,58.61,65.11,89.49,67.48,52.54,4.46,62.2,56.61,D,1,82,74.0,76.0,58.0
Male,23.0,Business,62.12,95.74,54.99,89.05,82.32,4.99,50.25,83.96,A,1,53,75.0,73.0,81.0
Male,18.0,Business,,55.55,63.53,94.41,76.32,9.78,60.74,98.8,D,0,49,69.0,79.0,70.0
Male,22.0,Business,57.61,50.53,48.74,52.88,90.54,8.29,92.29,72.91,C,1,100,62.0,100.0,58.0
Female,19.0,Computer Science,91.86,76.56,,81.04,75.84,5.21,51.24,69.45,F,1,33,96.0,100.0,86.0
Female,22.0,Business,92.69,69.89,65.39,52.97,95.75,8.55,58.08,52.11,A,0,47,63.0,96.0,77.0
Female,18.0,CS,59.91,46.1,40.81,73.19,97.97,8.57,66.84,69.48,F,0,61,100.0,92.0,41.0
Female,19.0,Mathematics,87.15,41.61,75.31,67.56,93.14,1.28,68.24,74.8,C,1,78,83.0,84.0,63.0
Female,22.0,Engineering,61.29,88.11,63.23,96.26,59.18,9.53,64.58,59.96,D,0,68,66.0,100.0,68.0
Male,19.0,Mathematics,67.95,45.56,98.71,65.49,75.82,8.24,87.31,80.37,F,0,72,78.0,92.0,59.0
Female,19.0,CS,84.33,80.21,58.64,97.97,81.56,0.75,92.08,91.38,F,1,64,89.0,75.0,73.0
Female,23.0,Engineering,71.57,69.48,42.2,54.76,67.32,2.49,97.34,95.62,A,0,92,96.0,77.0,76.0
Male,18.0,CS,86.07,78.62,52.03,90.6,77.22,4.51,67.31,60.55,B,0,77,96.0,100.0,67.0
Female,23.0,Business,98.32,61.63,85.46,98.56,72.0,4.84,54.78,78.46,F,1,50,71.0,36.0,53.0
Male,19.0,Engineering,88.99,81.69,96.78,57.33,90.77,7.45,73.69,78.3,B,0,90,91.0,73.0,50.0
Female,19.0,CS,94.56,83.96,93.74,89.99,97.44,0.67,59.15,89.03,A,0,77,84.0,39.0,77.0
Male,20.0,Business,,58.37,87.32,56.59,71.09,4.13,70.8,83.92,F,1,86,72.0,81.0,90.0
Male,20.0,Business,63.93,90.46,90.95,77.16,84.83,7.69,83.51,70.76,D,0,28,68.0,69.0,73.0
Female,21.0,Engineering,93.37,89.85,63.82,50.87,89.13,5.37,66.92,59.7,B,1,47,60.0,100.0,54.0
Female,18.0,CS,73.51,83.64,40.71,79.95,66.91,8.13,94.49,70.3,A,0,72,23.0,71.0,47.0
Male,22.0,BUSINESS,68.69,95.0,76.62,56.5,84.51,4.51,62.13,76.19,D,1,70,56.0,74.0,52.0
Male,22.0,CS,98.8,67.02,42.86,89.8,66.41,5.99,88.23,80.02,F,1,69,40.0,44.0,68.0
Male,23.0,Business,91.5,91.36,88.7,58.22,90.1,7.64,90.51,70.69,A,0,69,33.0,44.0,88.0
Female,18.0,CS,81.7,90.34,89.1,79.53,78.36,9.31,52.14,87.45,A,1,46,43.0,89.0,61.0
Female,21.0,CS,84.77,78.74,93.15,76.79,82.41,5.32,91.02,56.29,B,0,58,76.0,97.0,76.0
Male,22.0,Engineering,96.55,81.94,69.76,92.37,86.85,5.76,72.4,58.53,A,1,43,81.0,70.0,67.0
Male,22.0,CS,93.19,42.86,89.79,84.9,50.18,2.49,59.42,57.33,D,1,77,55.0,81.0,68.0
Male,18.0,CS,59.58,72.08,41.01,95.85,67.97,6.84,97.33,86.75,B,0,72,92.0,89.0,95.0
Male,22.0,CS,86.67,53.58,77.76,95.07,76.35,4.07,83.44,91.47,F,1,45,98.0,66.0,60.0
Male,23.0,Engineering,50.35,51.39,64.92,72.99,97.95,7.36,87.16,54.09,B,0,90,48.0,82.0,100.0
Male,21.0,CS,62.32,78.0,61.45,64.05,94.96,5.44,69.29,79.3,D,0,77,43.0,99.0,44.0
Male,19.0,Mathematics,91.33,51.14,84.66,72.39,65.01,,85.8,96.72,C,1,61,57.0,93.0,48.0
Male,22.0,Computer Science,71.27,75.6,90.75,95.46,82.87,5.91,84.93,61.77,C,0,69,90.0,62.0,33.0
Female,21.0,CS,83.16,72.41,97.8,78.79,68.66,4.34,87.11,64.25,C,1,71,30.0,77.0,48.0
Female,18.0,CS,97.83,64.79,74.57,97.29,60.0,8.99,60.32,52.32,F,0,58,84.0,59.0,76.0
Male,,Business,54.14,42.98,58.75,85.41,86.09,4.05,58.14,62.56,D,0,77,80.0,54.0,70.0
Female,20.0,CS,65.16,46.37,49.12,63.47,,3.11,91.06,81.94,A,0,79,73.0,83.0,76.0
Female,18.0,Business,89.0,61.34,64.04,57.55,70.66,6.43,69.62,89.3,A,0,57,100.0,94.0,30.0
Female,19.0,Business,55.21,42.68,98.78,87.66,77.89,6.33,97.44,67.23,C,1,48,89.0,79.0,66.0
Female,21.0,CS,58.97,83.12,51.11,99.4,72.65,5.2,69.72,91.11,A,1,60,50.0,56.0,69.0
Male,,Engineering,74.59,84.86,45.13,84.25,87.16,5.7,98.17,65.04,B,0,50,98.0,82.0,47.0
Female,,CS,83.52,98.87,52.1,53.14,77.6,4.41,93.56,75.98,C,0,72,42.0,100.0,65.0
Female,20.0,Engineering,74.43,51.32,74.61,84.99,71.83,9.99,52.92,91.62,D,1,56,32.0,89.0,100.0
Female,23.0,Business,74.93,52.38,90.12,77.86,65.38,0.28,81.98,94.83,B,1,84,47.0,70.0,96.0
Male,18.0,Business,99.03,75.32,85.06,77.73,57.52,3.16,57.15,55.11,D,0,60,84.0,98.0,70.0
Female,23.0,Engineering,67.41,95.23,71.68,75.62,82.76,7.32,69.16,64.99,D,0,62,95.0,74.0,64.0
Male,20.0,Engineering,69.65,41.55,82.61,50.51,57.07,8.44,51.77,75.63,A,0,67,87.0,97.0,70.0
Male,19.0,CS,99.63,72.85,94.44,76.49,52.25,0.55,55.17,66.09,A,1,66,64.0,24.0,50.0
Male,19.0,CS,75.5,42.22,44.45,73.29,79.49,5.8,87.35,69.21,A,0,41,89.0,39.0,87.0
Male,23.0,Business,92.1,42.09,56.13,87.65,80.06,2.51,59.53,66.77,A,0,92,94.0,80.0,70.0
Male,21.0,CS,77.94,76.36,58.58,69.63,61.11,6.83,98.87,93.66,D,1,51,62.0,84.0,93.0
Female,18.0,Engineering,81.82,94.55,88.74,92.41,50.3,1.72,52.81,93.44,F,0,99,34.0,66.0,50.0
Male,22.0,Business,58.0,,46.48,71.15,88.09,6.62,64.65,93.47,C,1,36,73.0,86.0,100.0
Female,22.0,Business,51.07,64.77,53.53,72.21,64.55,,86.71,52.5,D,1,68,66.0,92.0,74.0
Female,21.0,Engineering,76.02,62.33,96.15,97.9,56.8,0.1,67.32,87.75,A,0,56,90.0,78.0,90.0
Male,23.0,CS,59.71,83.7,79.0,83.2,76.84,8.25,72.24,51.09,A,1,52,100.0,57.0,56.0
Female,19.0,CS,86.69,53.95,58.09,52.26,64.46,1.11,76.36,71.02,C,1,72,47.0,100.0,78.0
Female,23.0,Engineering,99.04,74.14,61.47,65.61,51.6,0.55,58.61,96.44,A,1,58,70.0,35.0,48.0
Male,20.0,CS,50.48,,44.23,73.59,73.37,6.56,99.09,74.78,A,1,27,27.0,87.0,97.0
Male,18.0,Engineering,52.27,41.23,85.78,68.22,64.65,6.91,72.61,59.67,B,1,57,42.0,100.0,71.0
Female,21.0,CS,99.32,62.64,53.67,72.61,60.13,1.38,65.58,84.88,A,1,75,80.0,39.0,71.0
Female,23.0,CS,99.12,48.46,88.89,72.37,91.21,5.22,92.31,79.78,A,0,70,96.0,73.0,59.0
Female,21.0,Business,59.9,80.54,60.38,67.96,76.9,5.1,91.18,65.86,D,1,77,62.0,83.0,100.0
Female,21.0,Engineering,96.37,78.7,71.27,69.22,82.95,8.6,87.76,71.67,F,1,64,73.0,99.0,92.0
Female,,CS,69.31,60.12,49.67,58.63,51.81,5.78,80.46,50.58,F,0,70,97.0,84.0,43.0
Female,22.0,Engineering,82.96,71.56,41.75,80.76,75.49,2.61,82.0,64.49,C,1,41,57.0,70.0,73.0
Male,19.0,Engineering,95.02,71.32,,63.23,53.6,3.11,73.85,87.22,A,1,52,74.0,81.0,93.0
Male,19.0,Business,95.67,98.17,59.14,98.63,67.4,7.07,97.38,56.94,C,1,69,83.0,56.0,67.0
Male,20.0,Mathematics,93.02,42.32,57.91,93.25,75.12,8.43,93.73,63.93,A,0,72,64.0,96.0,89.0
Male,21.0,Business,76.22,54.14,69.94,96.15,,3.75,63.76,75.89,A,1,100,67.0,100.0,61.0
Female,23.0,CS,89.83,68.1,84.46,55.76,82.07,0.2,94.6,97.02,D,0,55,89.0,67.0,44.0
Male,23.0,Business,57.99,54.05,82.43,95.3,72.04,2.26,88.18,96.33,B,0,75,66.0,100.0,74.0
Male,18.0,CS,69.76,41.02,59.47,86.41,64.57,5.48,70.28,76.83,F,0,35,87.0,77.0,71.0
Female,23.0,Engineering,84.37,98.59,91.22,56.97,69.54,4.28,99.8,55.52,D,0,75,69.0,82.0,87.0
Female,22.0,CS,92.73,94.04,86.32,82.51,54.22,9.94,65.1,79.43,A,0,42,52.0,50.0,67.0
Male,18.0,Engineering,87.28,64.51,60.44,86.9,53.2,5.0,69.48,60.42,A,0,28,100.0,54.0,65.0
Male,18.0,Mathematics,77.99,70.18,87.27,91.88,94.32,5.57,66.2,96.03,A,1,60,98.0,78.0,74.0
Female,20.0,Engineering,74.66,90.92,50.84,97.52,53.36,6.24,74.48,68.66,F,0,85,60.0,71.0,61.0
Male,23.0,CS,78.74,50.79,73.98,63.55,90.55,1.68,58.32,64.86,A,0,53,90.0,60.0,44.0
Female,23.0,CS,88.46,41.51,98.77,73.94,60.21,2.47,60.52,53.72,C,0,71,57.0,69.0,73.0
Female,23.0,CS,72.15,60.87,62.39,72.77,81.21,3.03,92.85,92.99,F,1,53,90.0,100.0,49.0
Male,21.0,Business,55.57,61.12,93.9,60.77,61.84,9.78,59.71,65.86,D,1,69,72.0,76.0,72.0
Male,21.0,Engineering,61.35,60.32,,68.09,52.46,1.3,55.18,77.74,B,1,58,83.0,57.0,77.0
Male,21.0,Engineering,64.6,91.53,91.17,78.02,75.08,8.3,83.71,79.83,D,0,54,99.0,100.0,92.0
Female,22.0,CS,88.9,53.31,41.55,89.87,59.64,9.64,82.3,84.71,A,0,41,68.0,100.0,73.0
Female,21.0,Engineering,58.96,94.43,55.41,79.22,68.47,8.89,92.23,87.08,F,0,47,76.0,68.0,86.0
Male,18.0,CS,65.39,79.06,40.75,51.51,73.29,3.68,55.57,96.35,D,1,34,45.0,86.0,74.0
Male,20.0,Business,76.27,70.51,58.18,93.8,50.5,8.82,83.33,85.79,D,1,77,82.0,81.0,96.0
Male,23.0,Business,51.77,52.97,65.67,92.58,91.18,6.13,97.46,88.62,F,0,39,79.0,72.0,40.0
Female,22.0,Engineering,67.49,53.59,46.86,60.01,73.11,2.45,95.83,96.84,B,1,27,59.0,97.0,81.0
Female,21.0,Business,71.2,69.66,95.13,52.45,82.43,0.46,70.12,99.25,D,0,50,62.0,83.0,55.0
Male,18.0,CS,55.47,55.32,44.82,96.37,71.97,4.04,76.17,77.52,D,1,100,33.0,74.0,61.0
Female,20.0,Business,67.95,50.68,54.11,74.45,50.77,5.12,88.69,64.09,F,0,87,75.0,42.0,86.0
Male,21.0,Business,96.44,63.34,98.91,71.93,92.13,1.23,52.7,68.0,F,0,56,87.0,97.0,94.0
Female,23.0,CS,61.3,66.51,74.49,90.8,53.95,1.79,59.89,91.5,D,0,51,76.0,78.0,61.0
Male,18.0,Engineering,73.28,96.82,44.26,52.2,92.42,9.52,62.75,72.91,C,1,85,48.0,76.0,70.0
Female,23.0,CS,77.03,51.68,44.77,74.51,79.68,9.21,82.78,67.11,A,0,43,62.0,100.0,93.0
Male,23.0,CS,83.35,69.48,70.26,66.79,85.74,1.15,76.39,67.69,B,1,88,49.0,65.0,62.0
Male,21.0,CS,55.88,53.91,44.07,59.97,,9.01,97.52,83.7,F,0,40,75.0,100.0,75.0
Female,21.0,Business,84.21,42.22,83.35,87.05,86.48,6.0,,83.81,A,0,100,53.0,100.0,59.0
Female,19.0,CS,61.04,42.98,50.5,77.01,56.61,3.02,83.77,77.8,A,1,45,86.0,100.0,66.0
Male,20.0,Engineering,63.35,59.19,97.41,88.61,92.65,5.64,59.07,91.35,B,0,75,100.0,62.0,56.0
Male,20.0,Business,68.33,58.06,65.61,69.11,93.48,4.87,52.9,80.26,B,0,92,64.0,100.0,67.0
Male,18.0,Business,97.65,73.2,50.3,59.75,68.17,7.62,85.94,67.46,A,1,54,77.0,58.0,81.0
Male,18.0,Business,85.52,57.57,53.25,55.81,63.95,5.47,58.88,51.49,D,1,48,89.0,65.0,85.0
Female,20.0,CS,87.11,89.38,96.37,68.62,75.2,0.11,56.28,75.84,A,0,82,75.0,86.0,35.0
Female,19.0,CS,88.2,98.03,62.93,58.33,69.96,,81.62,94.23,A,0,58,58.0,80.0,41.0
Male,22.0,Engineering,66.7,73.13,83.04,61.71,65.89,5.15,86.05,77.63,C,0,97,64.0,55.0,85.0
Female,23.0,Engineering,53.84,67.37,87.54,58.81,79.09,5.09,50.03,97.28,B,0,69,56.0,96.0,66.0
Female,20.0,Mathematics,73.54,44.25,90.41,59.35,67.67,4.28,52.44,70.04,A,0,83,80.0,100.0,96.0
Female,21.0,Engineering,78.91,92.21,70.97,54.07,91.15,9.64,66.14,64.07,F,0,70,83.0,62.0,75.0
Male,23.0,Business,92.77,41.89,68.87,84.98,81.08,7.99,73.69,84.51,A,1,61,50.0,83.0,62.0
Female,22.0, engineering ,80.0,61.9,69.12,84.44,65.01,3.32,99.75,85.79,C,0,96,51.0,78.0,85.0
Female,22.0,CS,67.78,74.84,94.38,76.41,55.5,8.24,62.8,88.47,B,0,49,63.0,72.0,65.0
Male,19.0,Business,95.4,72.05,85.03,60.21,78.71,1.77,90.65,69.54,A,1,31,65.0,50.0,70.0
Female,23.0,CS,70.34,86.22,95.48,97.04,56.77,3.43,61.51,77.06,F,0,51,100.0,95.0,91.0
Male,21.0,Engineering,72.92,93.6,89.39,51.63,90.84,4.63,,56.01,C,1,75,70.0,75.0,55.0
Female,18.0,Mathematics,67.75,82.91,47.76,67.05,52.85,6.18,89.46,87.08,A,0,64,82.0,97.0,53.0
Female,19.0,Engineering,85.36,75.57,48.82,80.71,53.27,0.8,97.32,79.22,B,0,33,62.0,100.0,78.0
Female,21.0,Engineering,80.39,63.15,56.58,50.02,83.65,0.62,73.9,89.84,D,1,40,56.0,86.0,41.0
Male,23.0,Engineering,52.88,99.91,,59.7,87.58,8.82,51.19,74.84,D,0,75,77.0,85.0,87.0
Female,22.0,CS,68.53,74.83,,72.49,72.01,6.63,91.01,94.55,A,0,95,85.0,82.0,83.0
Female,22.0, engineering ,51.5,81.93,47.27,75.93,93.2,3.1,95.93,99.03,A,1,49,76.0,90.0,96.0
Male,20.0,CS,60.8,84.49,44.07,98.22,84.33,6.57,57.08,68.13,B,0,85,84.0,63.0,89.0
Male,23.0,Business,76.2,45.88,51.83,91.8,94.6,1.35,59.36,92.42,A,0,39,100.0,73.0,40.0
Female,22.0,CS,72.83,74.55,45.36,91.36,68.66,4.83,65.23,64.66,A,1,78,97.0,100.0,41.0
Female,18.0,Business,96.98,,45.5,88.67,61.82,5.58,82.43,70.49,A,0,97,56.0,81.0,76.0
Male,19.0,CS,64.57,56.18,91.11,54.1,65.87,8.32,88.48,56.18,A,0,62,55.0,66.0,93.0
Female,23.0,Engineering,62.41,76.31,48.89,64.73,58.77,7.83,91.79,74.81,B,0,60,74.0,86.0,65.0
Male,21.0,BUSINESS,86.45,97.34,95.4,65.5,,6.72,83.72,87.62,A,1,48,86.0,74.0,89.0
Female,22.0,Business,78.3,72.7,50.97,,69.51,8.09,81.14,97.08,A,0,41,48.0,88.0,58.0
Male,20.0,CS,61.57,73.29,88.06,88.74,87.82,2.91,82.44,78.41,A,1,88,60.0,91.0,68.0
Female,18.0,CS,62.77,57.0,42.3,91.5,70.92,1.58,82.9,67.71,B,0,39,65.0,96.0,41.0
Male,18.0,CS,53.05,83.39,99.42,80.62,90.46,9.99,78.03,92.83,F,1,71,78.0,69.0,81.0
Female,20.0,CS,69.54,76.38,50.29,86.39,96.15,1.72,77.8,78.28,C,0,54,78.0,30.0,86.0
Male,21.0,CS,60.12,59.96,82.94,58.81,62.89,9.62,51.3,61.07,C,0,74,38.0,98.0,70.0
Female,19.0,Engineering,86.27,75.18,97.51,69.29,66.57,3.76,67.67,62.78,D,1,47,63.0,100.0,80.0
Female,22.0,CS,87.86,70.71,41.8,87.82,58.69,9.28,58.47,94.2,A,0,56,61.0,81.0,47.0
Female,22.0,Engineering,88.35,63.68,78.58,54.13,76.29,8.07,87.23,94.33,C,0,27,100.0,99.0,100.0
Male,20.0,Business,80.4,46.0,92.73,84.97,87.87,2.09,84.59,98.25,B,0,83,85.0,96.0,65.0
Female,23.0,CS,67.1,50.17,89.29,79.24,69.18,9.84,52.75,99.03,A,1,80,44.0,75.0,58.0
Female,19.0,Engineering,50.08,46.62,82.2,93.56,67.85,4.17,92.92,52.32,C,0,39,75.0,88.0,90.0
Male,22.0,CS,76.43,52.2,82.35,96.07,75.93,3.47,92.93,96.54,B,0,29,93.0,78.0,31.0
Female,19.0,CS,91.68,96.94,44.22,64.98,75.53,9.52,53.78,57.75,F,0,47,60.0,84.0,68.0
Male,19.0, engineering ,,74.44,,51.18,98.49,9.62,85.8,63.52,A,0,55,100.0,47.0,79.0
Male,20.0,Business,87.35,90.86,86.78,,67.89,7.81,84.12,53.28,A,0,48,85.0,73.0,41.0
Female,20.0,Business,60.94,99.7,70.4,53.75,83.5,5.09,64.26,60.6,D,0,57,59.0,76.0,99.0
Female,18.0,CS,62.27,79.72,46.01,56.86,89.9,7.75,59.8,78.45,A,1,70,74.0,90.0,67.0
Male,20.0,Engineering,62.66,49.36,60.51,56.18,63.73,2.3,51.88,86.05,A,0,100,56.0,83.0,80.0
Male,23.0,CS,85.33,62.75,54.11,85.5,98.16,8.39,72.51,83.92,B,1,63,72.0,74.0,60.0
Male,18.0,Engineering,99.45,86.92,53.84,88.28,52.19,3.63,56.01,82.34,A,0,81,92.0,93.0,63.0
Female,19.0,CS,61.16,58.63,70.41,66.76,62.05,5.25,54.43,81.51,A,0,54,80.0,74.0,56.0
Female,20.0,Business,58.54,56.75,70.94,58.58,51.6,6.79,91.87,83.54,C,0,58,59.0,77.0,46.0
Male,22.0,Engineering,81.07,54.82,43.39,72.92,90.15,9.61,78.89,93.54,A,1,86,78.0,44.0,82.0
Female,,CS,72.76,65.06,61.25,50.62,66.28,0.5,65.87,81.0,C,0,50,87.0,95.0,87.0
Female,18.0,Computer Science,53.57,66.64,44.91,63.56,50.07,2.47,59.4,56.36,A,1,27,57.0,83.0,72.0
Female,21.0,CS,85.93,83.77,95.03,57.34,51.86,5.14,72.33,90.56,F,1,57,83.0,88.0,72.0
Male,18.0,Engineering,70.84,73.37,82.81,81.34,84.44,2.18,78.65,98.38,C,1,48,71.0,86.0,62.0
Female,20.0,Engineering,87.3,43.2,81.65,68.81,70.03,3.96,53.69,67.64,F,0,74,57.0,75.0,58.0
Female,23.0,Mathematics,88.25,43.83,73.79,67.87,53.6,8.93,90.49,56.76,D,0,60,90.0,81.0,51.0
Male,19.0,Engineering,84.15,74.95,62.39,74.12,89.52,4.71,88.94,71.85,A,0,87,31.0,80.0,98.0
Male,20.0,Mathematics,50.05,77.1,91.82,51.57,50.55,5.21,87.01,99.61,D,0,94,79.0,55.0,59.0
Female,19.0,Engineering,76.68,41.55,66.32,63.51,65.79,3.02,75.93,57.06,A,1,73,47.0,55.0,64.0
Male,20.0,Engineering,55.88,97.71,93.83,51.08,62.81,0.85,92.94,69.65,A,0,68,49.0,95.0,79.0
Male,21.0,CS,83.9,47.04,99.5,78.46,85.3,3.75,82.79,58.0,D,1,74,57.0,75.0,69.0
Male,19.0,Engineering,76.36,96.87,,58.04,79.06,0.6,75.89,67.37,B,0,59,58.0,86.0,56.0
Male,22.0,Business,78.89,73.31,79.77,80.16,89.11,9.03,54.07,55.65,A,0,51,60.0,70.0,88.0
Male,22.0,Engineering,88.63,71.44,61.2,65.49,71.55,4.95,60.96,90.26,C,1,55,91.0,27.0,24.0
Female,18.0,CS,60.43,56.16,49.24,81.03,52.15,,88.05,81.1,A,1,74,41.0,39.0,68.0
Female,22.0,Engineering,83.9,64.06,95.79,81.73,58.18,6.77,63.12,62.64,B,0,71,100.0,98.0,73.0
Male,23.0,Engineering,51.68,68.82,84.49,97.13,61.42,3.43,52.55,57.55,C,1,78,42.0,90.0,60.0
Male,20.0,Business,93.03,80.56,43.86,85.47,78.13,4.0,59.97,60.02,A,1,62,86.0,67.0,23.0
Male,20.0,CS,62.36,63.75,68.18,86.01,50.77,0.71,59.44,59.38,A,1,27,50.0,100.0,59.0
Male,23.0,CS,87.83,81.2,89.41,94.95,62.95,7.14,82.03,67.48,D,0,80,64.0,81.0,46.0
Female,23.0,CS,59.79,81.41,62.92,94.97,50.89,1.59,98.44,76.93,C,0,71,63.0,78.0,60.0
Female,20.0,Computer Science,72.47,90.61,46.01,67.16,77.7,1.11,59.77,86.5,F,1,33,82.0,97.0,62.0
Male,23.0,Engineering,89.38,49.09,77.53,52.1,96.66,4.67,68.19,73.69,B,1,95,82.0,70.0,81.0
Male,21.0,Business,87.28,72.51,86.95,66.53,67.83,5.39,74.64,82.7,C,0,58,41.0,97.0,81.0
Male,22.0,Engineering,64.14,72.75,75.5,85.17,50.76,5.32,66.8,59.29,C,0,27,77.0,71.0,58.0
Male,23.0,CS,76.31,61.14,53.5,67.91,,,66.22,68.89,C,1,39,44.0,100.0,96.0
Male,19.0,CS,60.69,76.43,77.69,80.83,76.98,1.71,99.5,66.94,D,1,71,55.0,81.0,75.0
Female,18.0,Engineering,69.22,47.59,54.82,90.23,90.16,3.65,76.55,61.22,B,0,85,87.0,85.0,46.0
Male,23.0,CS,84.22,83.31,61.14,59.62,54.98,0.46,55.65,85.72,B,0,57,54.0,45.0,74.0
Male,23.0,CS,90.22,66.8,86.56,71.55,90.54,4.11,86.11,95.5,D,0,63,67.0,100.0,61.0
Female,21.0,Mathematics,69.67,48.17,44.75,55.78,80.85,7.32,50.47,94.33,C,0,100,64.0,100.0,59.0
Male,20.0,Computer Science,70.58,83.06,78.29,58.47,62.09,4.42,50.91,88.72,D,0,88,50.0,74.0,53.0
Female,20.0,CS,89.3,78.3,75.38,58.3,68.94,9.81,90.04,66.7,D,0,71,81.0,58.0,55.0
Female,18.0,CS,65.9,71.99,61.65,85.87,63.13,4.91,83.59,91.89,A,0,63,68.0,81.0,68.0
Female,22.0,BUSINESS,74.19,,67.0,88.21,86.24,6.42,83.42,78.72,D,1,61,62.0,68.0,81.0
Male,18.0,Mathematics,82.96,84.55,61.64,95.52,75.22,3.98,57.87,50.32,A,1,36,67.0,60.0,76.0
Female,23.0,Business,73.04,71.15,62.3,76.91,99.73,3.09,75.51,62.66,A,0,46,59.0,66.0,42.0
Male,23.0,CS,86.26,61.23,56.55,76.03,91.58,6.05,94.22,72.27,B,0,52,82.0,96.0,60.0
Female,18.0,CS,83.27,93.4,41.51,97.96,53.24,7.37,62.02,57.71,B,1,87,60.0,94.0,100.0
Male,21.0, engineering ,64.94,61.4,41.36,88.58,65.8,8.9,61.13,91.08,A,0,56,50.0,83.0,68.0
Female,18.0,CS,,83.78,83.66,67.73,67.66,1.74,77.93,69.71,C,0,94,74.0,85.0,88.0
Female,19.0,Mathematics,68.87,93.81,87.89,73.83,67.76,4.49,61.5,51.18,A,1,83,71.0,78.0,82.0
Female,23.0,Engineering,54.8,71.3,99.32,99.57,97.49,0.49,98.91,57.89,A,1,46,44.0,73.0,67.0
Male,21.0,CS,52.42,53.18,81.82,92.88,83.02,1.0,94.94,80.19,C,1,70,62.0,100.0,80.0
Male,19.0,CS,82.12,,58.16,,58.0,3.36,81.04,54.04,C,0,33,38.0,74.0,76.0
Female,18.0,Business,52.61,47.4,42.66,93.23,81.39,7.29,,54.49,A,0,64,60.0,93.0,48.0
Male,19.0,Business,52.15,81.54,51.25,52.24,75.7,5.29,54.68,78.62,B,1,54,94.0,56.0,87.0
Female,21.0,CS,67.0,56.6,65.73,57.23,88.24,1.36,64.05,57.3,A,1,87,68.0,76.0,43.0
Female,23.0,CS,59.13,67.6,87.65,54.41,57.86,3.74,65.55,89.28,F,1,88,65.0,84.0,92.0
Female,23.0,CS,91.14,64.71,66.76,55.42,63.76,6.82,72.08,73.59,B,0,100,78.0,80.0,74.0
Male,18.0,Engineering,52.74,51.1,78.99,89.08,71.25,6.98,92.51,67.89,D,1,74,60.0,56.0,72.0
Female,18.0,Engineering,58.76,72.51,75.1,89.26,85.34,4.53,50.47,93.74,A,1,61,71.0,83.0,82.0
Female,23.0,Business,87.68,55.65,85.47,59.76,97.87,5.49,50.78,80.44,B,1,54,85.0,65.0,65.0
Male,19.0,Engineering,77.09,65.59,88.39,84.77,,4.57,54.05,80.81,F,1,51,50.0,83.0,73.0
Female,22.0,CS,56.17,,42.21,96.19,51.5,7.67,89.42,64.21,F,0,88,34.0,96.0,93.0
Male,20.0,Mathematics,85.31,90.56,85.57,62.59,67.53,0.6,61.98,53.11,C,0,92,54.0,68.0,85.0
Male,18.0,CS,98.49,54.83,76.46,84.33,86.3,2.14,73.6,57.98,F,0,50,88.0,81.0,51.0
Male,21.0,CS,90.8,96.33,66.38,51.6,96.75,7.01,99.93,74.37,D,0,82,85.0,65.0,98.0
Male,22.0,CS,79.73,90.55,53.09,93.3,56.8,9.07,82.69,92.35,A,0,79,73.0,100.0,74.0
Female,23.0,Business,85.88,98.35,76.14,58.51,51.13,0.59,86.79,90.87,B,1,100,72.0,95.0,68.0
Female,22.0,Engineering,56.69,61.62,47.71,92.96,96.36,1.65,90.9,99.18,A,1,54,86.0,94.0,54.0
Female,21.0,Engineering,59.41,77.42,61.51,70.9,63.99,4.82,,58.22,C,1,78,81.0,79.0,64.0
Female,20.0,Engineering,56.53,95.45,80.26,98.09,62.51,4.31,93.55,98.03,A,0,51,39.0,61.0,36.0
Male,20.0,Engineering,88.01,97.24,78.92,50.13,85.53,0.39,74.11,57.59,A,1,96,68.0,95.0,73.0
Male,18.0,CS,62.31,56.91,64.82,,65.54,2.6,66.55,68.58,B,0,53,97.0,90.0,59.0
Male,23.0,CS,58.0,61.06,79.9,93.58,84.38,4.86,58.08,80.55,B,0,78,71.0,58.0,67.0
Male,21.0,Engineering,97.24,97.26,92.66,83.2,96.32,3.04,98.41,75.95,B,0,58,72.0,77.0,49.0
Female,18.0,CS,52.52,145.0,71.18,71.33,,9.67,91.73,97.49,D,0,27,41.0,100.0,97.0
Male,19.0,CS,88.8,89.35,90.72,64.0,99.28,2.64,92.71,99.17,A,1,49,56.0,48.0,66.0
Male,19.0,Business,63.96,91.25,95.94,54.07,,6.11,85.46,64.17,A,0,76,80.0,50.0,23.0
Male,20.0,Business,73.43,79.38,56.73,54.66,60.6,8.48,91.89,53.74,F,0,57,100.0,67.0,69.0
Male,18.0,Mathematics,93.61,85.64,56.6,97.13,83.05,3.72,87.0,94.16,D,1,27,68.0,43.0,41.0
Female,22.0,CS,77.66,98.36,56.41,84.25,89.03,1.94,97.38,59.35,A,0,72,99.0,64.0,52.0
Male,18.0,CS,70.06,64.28,45.28,77.78,98.28,2.77,61.8,81.08,D,0,37,56.0,86.0,61.0
Male,21.0,Engineering,84.76,41.15,81.35,53.23,85.0,2.29,,61.37,F,0,63,67.0,61.0,71.0
Female,22.0,Mathematics,88.15,65.23,,67.21,95.79,9.23,71.8,98.44,B,1,29,58.0,57.0,63.0
Male,21.0,CS,99.98,87.97,44.8,97.96,62.24,8.51,80.26,72.48,B,0,62,79.0,75.0,96.0
Female,,CS,76.28,68.59,81.81,66.99,94.17,0.53,61.95,82.23,D,0,70,73.0,74.0,46.0
Male,22.0,Engineering,55.52,40.4,87.59,81.0,73.03,7.71,68.26,99.39,A,0,65,77.0,76.0,60.0
Female,18.0,CS,88.18,78.16,49.7,96.43,51.34,3.9,66.19,77.42,D,0,88,80.0,59.0,24.0
Female,20.0,CS,92.76,93.53,50.58,69.36,87.59,5.52,97.86,52.09,C,1,74,94.0,76.0,78.0
Female,18.0,Engineering,50.27,85.3,85.67,91.8,90.6,0.71,57.89,98.23,C,1,93,75.0,67.0,51.0
Female,22.0,Mathematics,53.25,96.66,46.77,73.56,70.83,8.24,68.99,52.92,F,0,46,55.0,33.0,87.0
Female,19.0,CS,51.15,58.01,67.96,76.9,60.44,0.08,87.95,76.08,B,0,52,60.0,99.0,98.0
Female,18.0,Business,78.96,51.14,44.95,56.95,52.49,1.98,71.61,52.28,B,0,69,98.0,97.0,57.0
Male,22.0,Mathematics,84.97,40.41,62.01,66.48,99.95,4.51,75.33,51.11,A,0,65,47.0,77.0,60.0
Female,19.0,CS,76.7,90.9,67.97,94.29,70.28,5.63,89.42,89.62,D,1,62,54.0,95.0,82.0
Female,22.0,CS,94.67,96.76,40.25,62.52,52.53,2.93,79.94,79.86,C,0,53,100.0,90.0,72.0
Male,19.0,CS,54.02,47.1,48.68,79.27,,8.58,56.79,72.32,A,1,33,52.0,97.0,53.0
Female,18.0,Business,59.16,42.74,50.82,50.44,71.89,1.27,74.1,59.1,A,0,41,95.0,79.0,59.0
Male,23.0,CS,91.28,59.16,72.75,,69.18,3.44,88.12,65.86,F,0,54,78.0,60.0,64.0
Male,20.0,CS,66.22,90.17,46.63,54.14,83.73,1.2,82.9,60.64,A,0,48,81.0,76.0,75.0
Male,20.0,CS,64.94,62.74,92.12,71.63,55.68,0.73,96.68,53.79,F,1,27,100.0,57.0,41.0
Female,18.0,Engineering,88.97,41.12,49.82,95.07,82.95,8.52,84.59,62.6,B,1,51,70.0,90.0,80.0
Female,23.0, engineering ,71.87,56.75,99.73,59.07,51.94,5.39,80.57,83.41,D,1,50,88.0,98.0,78.0
Female,21.0,Mathematics,70.72,82.97,73.1,97.34,84.69,5.54,74.85,72.38,D,0,82,96.0,76.0,57.0
Female,20.0,Mathematics,83.55,92.82,73.67,72.12,93.04,3.28,81.84,89.83,A,1,45,100.0,100.0,88.0
Male,19.0,Engineering,62.2,88.1,81.3,61.99,98.91,9.32,75.11,94.69,D,0,68,59.0,64.0,95.0
Male,20.0,Engineering,77.6,66.65,53.39,81.87,84.47,9.03,80.45,71.89,A,0,57,40.0,57.0,100.0
Male,19.0,Engineering,96.34,51.51,92.98,92.02,91.54,3.57,68.99,95.18,D,1,76,65.0,85.0,84.0
Female,18.0,Mathematics,61.65,,80.37,61.0,55.38,9.07,51.87,84.51,F,1,48,73.0,88.0,56.0
 FEMALE ,19.0,Engineering,76.34,48.92,88.55,87.48,54.37,,58.38,92.48,C,0,38,77.0,94.0,55.0
Female,22.0,Engineering,56.41,69.89,56.98,69.84,97.86,6.8,71.81,52.48,B,0,55,92.0,100.0,100.0
Male,19.0,CS,71.57,42.34,85.29,77.06,72.35,8.55,83.84,79.9,B,0,86,48.0,75.0,96.0
Female,23.0,CS,70.16,79.2,90.66,88.87,70.23,7.65,81.32,93.81,F,1,67,81.0,96.0,85.0
Male,21.0,Business,81.21,46.07,86.41,98.02,67.88,8.11,87.88,50.28,B,1,51,65.0,80.0,85.0
Female,23.0,Engineering,76.71,72.67,95.41,70.91,98.7,5.86,57.02,59.3,B,1,61,73.0,55.0,56.0
Female,23.0,Engineering,57.0,44.07,93.28,75.51,81.2,8.59,65.47,52.5,C,1,64,85.0,97.0,73.0
Female,21.0,CS,78.87,57.84,57.23,93.46,53.05,2.66,50.98,60.14,F,1,32,93.0,87.0,95.0
Male,20.0,Engineering,74.96,91.49,65.41,71.49,50.22,2.8,60.99,88.06,B,0,30,81.0,89.0,83.0
Female,23.0,CS,60.02,61.42,69.32,69.13,62.64,0.66,80.23,51.76,A,0,69,37.0,95.0,59.0
Male,20.0,Engineering,,90.76,99.16,76.36,87.08,4.58,96.72,63.2,F,0,45,64.0,88.0,60.0
Male,22.0,Engineering,51.69,58.56,49.25,95.57,91.66,1.37,88.71,70.24,A,1,64,56.0,81.0,73.0
Female,18.0,Engineering,78.02,48.36,57.62,86.45,65.51,4.58,67.35,98.49,F,0,66,88.0,75.0,76.0
Female,21.0,CS,52.17,97.12,69.26,69.83,66.02,4.78,69.55,94.02,F,1,73,94.0,91.0,81.0
Male,21.0,Engineering,98.81,44.57,68.82,85.06,61.32,0.96,90.5,70.05,F,0,51,75.0,70.0,42.0
Female,22.0,CS,51.42,66.04,80.62,83.19,60.82,9.56,74.71,57.56,F,0,77,73.0,72.0,69.0
Female,21.0,CS,72.54,70.0,97.73,56.13,70.8,5.98,81.04,71.72,D,1,75,87.0,77.0,38.0
Female,23.0,CS,92.38,93.66,59.31,96.41,87.85,3.84,77.0,82.51,D,0,27,70.0,89.0,62.0
Male,22.0,CS,74.4,69.93,62.65,53.93,86.85,0.19,73.49,92.84,C,1,60,75.0,70.0,96.0
Male,22.0,Engineering,63.24,90.33,98.92,95.3,66.25,4.71,80.68,64.21,A,0,28,87.0,44.0,71.0
Female,19.0,Mathematics,75.98,69.7,58.58,,94.69,9.33,,89.99,C,0,62,52.0,100.0,93.0
Female,18.0,Business,98.46,,77.98,70.77,51.67,9.05,87.27,84.99,B,1,31,89.0,82.0,69.0
Male,21.0,CS,57.37,,52.24,80.6,65.97,8.82,59.03,80.94,F,0,66,83.0,84.0,77.0
Male,20.0,CS,93.29,63.97,43.69,52.18,70.62,5.46,58.82,80.32,F,0,93,80.0,99.0,72.0
Female,18.0,Engineering,67.31,52.59,57.54,98.25,98.44,9.55,62.71,61.09,A,1,80,88.0,75.0,67.0
Female,21.0,CS,84.29,82.16,83.76,56.28,74.48,9.47,87.79,54.3,D,0,86,54.0,100.0,63.0
Male,21.0,Engineering,58.45,51.79,61.14,78.49,85.24,5.58,97.21,81.81,A,1,27,82.0,46.0,76.0
Female,23.0,CS,61.86,43.64,43.55,56.57,56.47,5.94,77.52,67.91,C,0,84,71.0,82.0,54.0
Female,23.0,Engineering,96.25,56.97,47.27,69.98,95.58,3.6,93.25,77.42,A,0,27,49.0,99.0,88.0
Male,23.0,Engineering,59.22,51.71,41.74,97.23,79.41,2.36,79.83,63.72,A,0,44,36.0,77.0,35.0
Male,19.0,CS,68.0,76.72,45.76,97.45,52.67,0.9,52.0,94.09,A,0,39,45.0,39.0,69.0
Male,22.0,CS,71.94,49.55,73.7,84.54,64.03,0.0,87.3,65.26,F,0,64,97.0,95.0,91.0
Female,18.0,Business,76.7,98.29,67.25,74.66,91.33,9.17,65.95,67.73,A,0,97,75.0,55.0,75.0
Female,22.0,CS,60.06,95.28,98.51,80.63,89.26,4.38,63.75,75.67,C,1,66,66.0,71.0,82.0
Female,22.0,Engineering,90.88,82.32,62.54,67.19,67.18,2.67,92.5,53.11,C,0,53,59.0,71.0,78.0
Female,21.0,CS,91.82,60.22,51.14,95.06,57.77,1.93,84.54,60.36,C,0,45,28.0,77.0,78.0
Female,19.0,Mathematics,70.33,59.46,93.36,91.78,63.03,8.92,72.04,94.2,A,1,66,60.0,78.0,97.0
Female,19.0,Business,75.83,85.01,87.41,50.5,80.47,6.15,57.41,97.26,A,0,74,71.0,72.0,62.0
Male,22.0,CS,,82.4,67.43,97.35,91.89,9.57,70.27,97.44,C,0,67,45.0,57.0,76.0
Female,22.0,Engineering,62.93,63.96,99.94,52.49,50.73,4.74,53.06,86.25,F,0,31,68.0,77.0,78.0
Female,18.0,CS,79.5,91.81,78.79,59.96,60.03,6.61,86.76,65.14,D,0,66,100.0,49.0,53.0
Female,23.0,CS,71.47,82.72,99.58,54.2,,3.96,69.59,90.29,D,0,50,50.0,100.0,66.0
 FEMALE ,20.0,Mathematics,82.01,98.99,97.82,89.54,68.52,5.74,86.51,91.66,D,1,60,46.0,41.0,38.0
Male,20.0,CS,71.73,61.65,63.75,55.0,87.81,0.35,62.16,67.53,F,0,86,75.0,87.0,79.0
Female,19.0,Engineering,92.35,70.93,56.6,88.27,79.44,9.53,65.27,85.14,C,0,81,100.0,100.0,63.0
Male,19.0,Engineering,86.3,92.31,65.85,73.02,77.87,2.23,84.36,78.63,F,0,34,71.0,72.0,71.0
Male,23.0,CS,84.01,71.61,62.33,79.26,93.72,1.8,63.94,90.76,F,1,36,62.0,71.0,82.0
Male,21.0,CS,65.54,96.03,79.17,73.69,94.59,3.22,64.66,51.91,B,0,65,60.0,82.0,65.0
Female,18.0,Business,55.93,55.92,83.49,88.88,50.56,3.22,,60.13,F,0,61,68.0,84.0,62.0
Female,22.0,CS,81.86,53.28,70.48,75.43,79.12,5.59,64.75,92.84,A,1,68,85.0,74.0,63.0
Female,18.0,CS,99.75,51.13,64.47,54.28,82.51,3.96,51.33,67.5,B,0,50,68.0,75.0,42.0
Female,21.0,Engineering,79.81,79.0,86.12,53.83,91.83,5.0,82.98,88.09,A,1,69,57.0,60.0,75.0
Male,22.0,CS,93.13,62.08,91.83,98.98,91.57,9.21,52.67,89.41,D,0,83,39.0,100.0,72.0
Female,22.0,Business,69.33,75.77,92.63,63.62,86.5,7.36,86.47,57.7,A,0,45,88.0,88.0,78.0
Male,22.0,Mathematics,87.49,74.6,81.23,63.81,76.12,8.46,97.46,75.33,A,1,52,100.0,89.0,87.0
Female,23.0,CS,80.73,99.54,89.95,74.0,52.3,7.87,52.83,95.39,C,0,69,38.0,47.0,79.0
Female,21.0,Engineering,85.46,68.39,84.71,98.33,75.52,4.3,50.46,80.07,A,1,48,76.0,73.0,33.0
Male,20.0,Computer Science,72.6,75.74,40.55,82.88,,7.48,69.47,71.23,B,0,27,85.0,74.0,60.0
Male,21.0,CS,64.81,83.7,83.36,56.95,99.37,1.83,55.07,99.17,B,0,65,74.0,63.0,58.0
Male,20.0,Engineering,76.92,61.98,93.76,97.82,92.78,5.31,69.44,90.19,A,1,73,37.0,75.0,74.0
Female,18.0,CS,81.03,78.1,86.04,93.12,96.78,4.79,86.71,99.83,C,0,78,67.0,74.0,60.0
Female,20.0,Engineering,83.45,84.09,50.54,83.31,67.06,2.94,55.47,75.1,C,1,64,59.0,99.0,100.0
Male,22.0,Engineering,96.64,92.59,94.05,,67.62,0.92,78.22,57.23,B,1,38,73.0,92.0,74.0
Female,23.0,CS,54.89,69.06,69.56,90.84,82.05,,61.29,54.49,D,0,79,46.0,95.0,63.0
Male,20.0,Business,73.22,81.32,99.75,97.28,99.17,5.61,55.84,77.75,D,0,40,55.0,67.0,67.0
Female,20.0,Business,67.06,59.93,40.02,88.47,63.36,3.2,53.31,50.73,B,0,59,76.0,84.0,37.0
Male,22.0,Engineering,86.58,51.66,42.15,76.05,85.65,6.89,72.44,53.42,D,1,92,55.0,62.0,65.0
Female,22.0,Mathematics,67.02,87.87,54.26,75.02,89.56,2.62,88.66,75.36,D,0,58,72.0,79.0,73.0
Female,20.0,Engineering,55.74,65.06,70.71,71.25,70.47,1.23,86.04,60.17,B,0,61,58.0,69.0,76.0
Female,22.0,Mathematics,90.91,82.23,86.61,96.83,70.27,1.55,86.37,58.0,B,1,64,35.0,91.0,46.0
Male,,CS,70.75,99.63,51.25,64.9,51.47,4.36,70.2,61.33,B,1,31,75.0,89.0,42.0
Female,20.0,Business,79.29,72.04,52.67,71.87,87.4,7.36,78.02,53.85,F,1,81,64.0,85.0,23.0
Female,20.0,Engineering,80.24,97.21,76.25,81.21,54.98,2.64,91.9,83.6,D,1,84,86.0,66.0,94.0
Female,,CS,71.88,69.66,87.97,87.93,96.59,8.74,52.02,79.24,D,0,71,72.0,98.0,89.0
Male,21.0,CS,68.13,85.39,48.57,59.41,86.56,2.16,89.56,91.29,C,1,93,48.0,69.0,59.0
Female,22.0,Business,83.59,64.31,62.18,71.09,98.73,7.5,83.49,76.11,F,1,72,46.0,78.0,56.0
Female,19.0,Business,69.33,46.1,46.53,64.2,77.37,0.72,74.76,69.09,B,0,67,100.0,86.0,91.0
Female,18.0,Engineering,54.33,53.26,50.65,72.06,87.42,0.76,87.78,90.53,D,1,69,41.0,73.0,48.0
Male,23.0,CS,92.57,95.5,50.35,79.51,70.47,8.94,87.79,93.61,B,0,54,88.0,67.0,93.0
Female,22.0,Engineering,56.51,65.78,86.71,97.16,96.82,0.74,88.43,72.84,B,1,71,90.0,65.0,67.0
Female,23.0,Engineering,88.1,61.27,66.27,96.13,69.36,3.39,93.96,82.19,A,0,59,69.0,54.0,68.0
Male,19.0,CS,92.01,,89.23,92.56,77.76,9.68,66.58,99.15,D,0,71,48.0,73.0,84.0
Male,20.0,CS,88.6,92.48,40.5,78.6,80.84,3.2,82.73,71.56,B,1,53,100.0,79.0,32.0
Male,22.0,CS,57.96,89.72,84.05,68.06,,3.08,84.99,79.29,D,0,74,60.0,80.0,79.0
Female,22.0,CS,82.98,77.06,73.33,93.42,69.06,9.2,54.04,92.01,A,0,81,90.0,70.0,85.0
Male,18.0,CS,79.23,45.11,88.86,79.81,97.19,6.09,62.6,62.86,A,0,54,92.0,69.0,63.0
Female,22.0,Business,63.35,76.22,78.28,55.46,77.72,1.42,79.85,97.73,C,1,66,23.0,46.0,71.0
Female,20.0,CS,94.3,70.6,99.06,76.78,69.98,5.79,75.56,55.66,A,0,35,65.0,74.0,46.0
Female,20.0,Engineering,86.54,61.92,48.16,85.59,74.1,3.23,53.39,94.59,C,0,88,63.0,78.0,32.0
Male,21.0,Mathematics,98.34,44.52,53.45,99.48,97.85,6.15,90.31,51.87,A,0,60,70.0,39.0,56.0
Female,19.0,CS,87.46,80.25,43.13,84.39,98.74,1.53,59.0,77.59,D,1,46,74.0,58.0,76.0
Male,21.0,Business,67.89,72.96,81.64,90.15,53.52,0.4,62.23,67.15,B,0,90,81.0,77.0,47.0
Female,18.0,Engineering,59.79,75.33,67.14,71.46,69.05,6.32,87.86,73.23,A,0,77,74.0,81.0,75.0
Female,18.0,CS,86.56,55.95,64.25,80.11,52.4,0.73,54.22,72.96,D,1,75,97.0,52.0,61.0
Female,22.0, engineering ,77.65,74.27,51.3,97.67,68.23,1.25,65.09,88.13,B,1,33,100.0,48.0,47.0
Female,22.0,Business,84.96,93.51,66.81,78.14,92.69,2.76,96.23,73.06,A,1,68,92.0,68.0,62.0
Male,23.0,Engineering,68.56,79.38,60.53,84.38,60.63,4.94,91.72,64.42,C,1,97,81.0,44.0,82.0
Male,21.0,Engineering,51.84,77.76,61.81,85.25,60.09,0.81,56.34,59.46,B,0,56,73.0,86.0,65.0
Female,21.0,Business,53.06,41.94,84.61,67.3,83.58,1.56,92.57,90.21,B,1,58,68.0,67.0,75.0
Female,23.0,Business,58.55,60.71,97.14,94.65,,6.57,98.11,98.95,A,0,43,77.0,64.0,66.0
Male,,CS,72.87,66.75,47.09,84.16,87.53,1.79,85.72,75.44,C,0,63,29.0,95.0,88.0
Male,20.0,Business,53.0,91.88,80.74,64.89,78.64,9.14,59.21,87.26,D,1,64,90.0,91.0,57.0
Male,18.0,Business,98.01,47.49,90.39,61.93,77.24,0.54,76.81,89.81,D,0,68,53.0,90.0,73.0
Female,20.0,Engineering,91.63,63.53,86.89,92.17,73.38,5.08,,55.55,A,1,86,87.0,70.0,65.0
Male,20.0,CS,96.95,62.98,69.05,91.01,96.05,1.09,73.44,78.21,A,0,75,53.0,59.0,73.0
Male,20.0,Business,92.3,85.72,70.62,61.22,60.43,6.09,77.2,86.06,A,1,55,54.0,67.0,48.0
Male,22.0,Business,56.01,81.24,81.48,67.0,96.11,3.73,75.5,51.3,A,0,34,59.0,66.0,49.0
Male,23.0,Business,88.07,50.28,56.43,71.12,50.22,5.93,79.94,99.87,F,0,67,96.0,45.0,70.0
Female,18.0,CS,99.8,96.22,54.37,56.74,91.32,9.51,98.23,94.73,B,1,70,100.0,58.0,83.0
Male,19.0,CS,62.82,65.37,97.1,53.9,73.87,6.76,69.63,80.98,C,1,58,79.0,58.0,61.0
Female,21.0,CS,61.27,85.58,55.49,91.38,85.14,7.26,79.8,64.73,F,1,27,75.0,87.0,84.0
Female,23.0,CS,63.67,61.36,44.67,55.36,61.09,8.41,73.32,75.32,D,1,76,78.0,77.0,65.0
Female,18.0,CS,67.46,77.33,74.25,71.69,50.96,3.56,97.81,72.25,D,0,63,65.0,66.0,78.0
Male,20.0,CS,77.78,47.8,69.85,72.78,80.42,0.16,63.55,78.31,D,0,59,79.0,85.0,89.0
Female,,Engineering,90.59,41.76,92.08,69.24,79.12,2.74,86.14,65.44,D,0,60,59.0,75.0,37.0
Female,23.0,CS,55.67,45.17,41.88,62.48,64.76,0.42,88.55,85.82,B,0,87,41.0,59.0,36.0
Male,23.0,Engineering,72.42,57.45,53.56,75.64,54.04,4.17,93.9,77.68,F,0,73,70.0,94.0,63.0
Male,22.0,Engineering,79.79,73.6,70.74,62.73,53.94,7.25,62.34,98.12,D,0,63,86.0,67.0,59.0
Male,22.0,Engineering,92.15,59.49,76.64,82.46,79.71,7.64,71.78,51.13,D,1,36,72.0,93.0,40.0
Female,19.0,Engineering,68.75,65.37,50.83,71.98,82.65,4.03,67.07,89.77,A,1,87,97.0,84.0,100.0
Female,23.0,CS,54.63,42.85,66.68,70.11,86.87,3.06,89.79,62.66,C,1,56,76.0,82.0,57.0
Male,18.0,Engineering,95.03,90.82,63.18,96.57,60.68,6.62,69.37,91.85,F,0,29,62.0,97.0,65.0
Male,21.0,CS,92.91,51.64,73.92,78.56,71.44,4.33,81.09,68.91,A,1,85,57.0,84.0,57.0
Male,22.0,Engineering,96.83,45.49,84.25,59.42,92.41,0.8,91.85,85.09,F,0,65,69.0,84.0,35.0
Male,18.0,Engineering,68.11,43.17,48.47,65.61,83.36,9.39,82.23,66.69,C,0,27,96.0,88.0,65.0
Male,18.0,Engineering,65.1,79.48,64.39,69.85,73.1,2.24,99.29,95.1,D,0,87,98.0,95.0,93.0
 MALE ,22.0,CS,51.15,87.57,61.68,70.62,67.42,1.14,60.2,92.46,B,1,91,68.0,78.0,46.0
Male,23.0,Engineering,95.85,88.56,40.74,53.83,99.81,9.84,89.66,91.8,F,1,57,75.0,67.0,93.0
Male,23.0,Business,76.11,55.07,68.68,60.74,66.27,1.28,66.3,54.35,D,0,55,78.0,87.0,58.0
Female,18.0,Engineering,73.13,76.67,76.96,66.03,66.18,,69.67,76.68,B,1,45,74.0,83.0,37.0
Male,21.0,Mathematics,80.6,48.16,49.31,83.37,60.38,0.19,73.41,93.67,C,1,74,89.0,93.0,42.0
Female,21.0,CS,73.51,78.23,47.9,73.42,61.85,1.89,71.16,52.57,C,0,30,39.0,36.0,41.0
Female,21.0,CS,50.04,99.01,56.81,94.73,74.89,6.32,85.74,58.51,D,1,32,65.0,74.0,89.0
Male,19.0,Mathematics,54.85,62.21,49.15,63.38,57.97,1.57,74.87,84.34,C,1,69,77.0,87.0,52.0
Female,23.0,Business,74.22,42.28,78.31,86.33,50.33,3.66,54.46,95.2,A,0,43,69.0,90.0,86.0
Female,19.0,CS,,75.27,65.03,97.37,90.62,7.48,58.87,95.69,C,0,34,86.0,97.0,64.0
Female,22.0,CS,74.44,49.35,81.54,75.92,71.76,5.98,96.02,58.48,D,0,27,87.0,91.0,71.0
Male,19.0,Business,65.67,58.69,98.7,92.56,54.23,9.21,50.57,81.43,C,0,85,66.0,86.0,88.0
Female,19.0,Business,62.5,60.04,,91.76,85.2,3.86,80.66,80.94,A,1,70,90.0,73.0,27.0
Female,21.0,Engineering,96.42,77.82,45.36,77.96,74.56,4.25,65.02,65.17,A,0,40,40.0,66.0,45.0
Female,21.0,Engineering,76.24,76.37,87.67,62.68,60.31,8.88,96.67,65.06,F,0,77,74.0,74.0,82.0
Male,18.0,Business,82.14,55.41,51.64,52.28,82.56,5.12,86.3,99.66,A,1,48,70.0,64.0,40.0
Female,21.0,Engineering,70.72,86.05,58.2,96.74,58.28,5.59,69.98,80.32,B,0,64,61.0,99.0,67.0
Male,23.0,Business,69.59,82.65,79.92,76.07,99.51,,71.86,89.59,D,0,44,30.0,100.0,48.0
Male,23.0,Computer Science,59.83,80.31,88.83,58.87,60.32,6.05,87.69,77.69,A,1,83,39.0,94.0,66.0
Male,19.0,Math,94.05,42.53,97.85,87.42,85.98,7.97,71.6,75.47,B,1,60,92.0,52.0,82.0
Male,21.0,CS,66.14,55.79,62.24,97.62,66.96,0.22,81.12,66.94,F,0,66,89.0,56.0,91.0
Female,20.0,Engineering,58.65,65.12,84.51,58.18,56.58,5.64,82.78,86.37,D,1,27,93.0,54.0,78.0
Female,23.0,BUSINESS,82.24,44.06,59.04,69.83,98.23,8.06,88.79,68.05,D,0,83,55.0,82.0,73.0
Female,21.0,CS,80.39,69.42,93.55,91.29,95.8,7.89,64.69,68.06,A,0,80,54.0,97.0,62.0
Male,18.0,CS,79.61,54.15,77.75,86.4,67.28,7.42,93.94,82.04,A,1,74,77.0,75.0,88.0
Female,20.0,CS,82.2,49.42,66.79,59.15,86.46,0.76,95.45,92.04,F,0,84,86.0,66.0,67.0
 FEMALE ,18.0,Engineering,67.91,89.16,,73.02,61.1,4.11,81.97,82.99,C,0,37,92.0,77.0,64.0
Male,23.0,Business,82.14,80.45,77.42,99.65,56.0,0.85,92.42,66.29,F,0,51,83.0,81.0,99.0
Male,18.0,Engineering,95.87,40.31,81.85,96.34,,5.48,71.14,68.36,D,0,43,60.0,74.0,75.0
Male,20.0,CS,57.29,69.78,53.13,83.52,81.24,1.54,96.46,75.46,F,1,84,54.0,73.0,71.0
Female,19.0,Business,82.94,47.54,78.67,96.19,94.93,1.15,80.91,90.65,B,0,56,51.0,83.0,66.0
Female,23.0,Engineering,81.95,51.92,83.86,88.36,95.2,4.16,89.86,90.17,B,0,66,80.0,73.0,76.0
Female,23.0,Business,76.71,70.52,68.62,81.25,87.17,3.21,86.97,56.91,A,1,79,48.0,100.0,93.0
Female,,Engineering,89.24,52.27,70.57,96.54,71.47,4.75,78.52,89.67,B,1,60,24.0,61.0,66.0
Female,20.0,CS,63.36,69.06,94.73,52.97,86.85,4.56,85.54,95.33,F,1,67,77.0,78.0,31.0
Male,21.0,Mathematics,92.23,59.55,99.11,52.02,98.68,5.5,91.98,68.56,D,1,54,23.0,82.0,48.0
Female,21.0,Engineering,90.95,66.34,78.9,67.56,51.16,9.88,53.82,71.84,C,1,78,92.0,73.0,93.0
Female,20.0,Engineering,59.47,94.65,47.81,81.38,69.42,8.98,79.12,55.31,F,0,81,49.0,61.0,72.0
Male,21.0,Engineering,82.8,75.51,71.41,90.2,99.7,4.74,83.09,63.72,A,0,74,86.0,81.0,89.0
Male,22.0,Mathematics,74.85,97.56,90.87,75.47,71.98,6.66,62.29,58.06,C,0,56,88.0,49.0,97.0
Male,18.0,CS,62.53,63.32,67.84,79.41,50.42,5.91,68.15,75.04,D,1,71,66.0,76.0,39.0
Male,22.0,CS,97.61,94.39,87.07,55.07,71.46,0.24,86.24,97.38,C,0,59,44.0,92.0,75.0
Female,20.0,Business,83.11,55.39,98.83,59.65,96.52,5.69,79.06,95.44,F,1,67,44.0,100.0,91.0
 MALE ,18.0,CS,87.24,61.13,56.81,65.28,91.92,0.23,89.98,79.88,A,0,87,55.0,100.0,72.0
Female,20.0,Business,76.1,82.51,41.18,65.95,88.97,5.65,,79.19,C,0,53,54.0,51.0,61.0
Male,20.0,CS,77.41,42.57,97.38,76.75,57.33,0.58,92.96,73.92,B,0,27,59.0,59.0,64.0
Female,18.0,Engineering,74.95,66.75,63.54,,68.06,6.71,91.17,77.23,A,1,80,56.0,100.0,60.0
Male,19.0,Engineering,82.14,,68.25,95.39,83.77,6.48,73.87,89.84,A,0,80,65.0,87.0,58.0
Male,23.0,Engineering,96.19,40.61,60.93,70.2,,6.41,93.5,99.66,B,0,72,59.0,100.0,53.0
Male,23.0,Computer Science,50.41,63.55,96.83,55.53,87.93,0.85,97.01,53.56,A,0,77,79.0,79.0,97.0
Female,22.0,Engineering,93.15,82.24,76.09,73.23,82.98,1.39,76.86,72.74,C,0,59,93.0,59.0,42.0
Male,18.0,Engineering,69.06,49.44,85.98,62.67,71.48,7.5,92.74,64.37,A,1,48,71.0,60.0,90.0
Male,18.0,Business,56.75,46.04,61.1,56.57,71.49,1.27,74.97,66.75,C,1,76,59.0,100.0,66.0
Male,21.0,CS,68.71,40.1,99.1,64.63,92.01,7.95,78.88,97.22,A,0,72,52.0,94.0,85.0
Male,23.0,Engineering,94.77,61.98,65.71,81.65,98.26,7.44,74.98,62.76,A,1,78,39.0,94.0,37.0
Male,20.0,CS,93.59,42.43,91.12,58.12,87.08,9.2,77.95,55.41,B,0,81,44.0,78.0,90.0
Male,18.0,CS,51.56,55.43,88.43,70.27,81.38,1.45,84.27,69.14,D,1,81,50.0,100.0,56.0
Male,22.0,CS,69.5,50.7,65.03,57.51,69.52,7.31,92.43,60.73,D,1,63,45.0,86.0,66.0
Female,18.0,Business,60.52,47.52,76.11,78.22,97.96,3.96,92.2,95.3,D,0,68,100.0,70.0,82.0
Male,19.0,CS,58.55,67.54,75.24,97.96,80.08,8.87,59.96,93.08,A,1,46,39.0,48.0,66.0
Male,23.0,Engineering,75.74,97.88,97.85,97.48,65.45,4.33,72.11,87.19,A,1,55,73.0,90.0,66.0
Female,23.0,Engineering,72.94,51.47,,74.36,70.2,4.34,83.11,79.62,F,0,86,89.0,90.0,93.0
Male,20.0,Business,91.71,44.82,,83.39,62.31,8.37,79.61,85.24,A,1,64,85.0,73.0,75.0
Male,23.0,Business,95.85,65.35,43.27,80.11,80.97,7.77,95.88,92.72,B,0,41,84.0,63.0,85.0
Male,21.0,Engineering,83.61,87.87,53.84,80.95,88.36,0.92,76.95,60.3,B,1,54,77.0,71.0,57.0
Male,23.0,Engineering,66.13,83.25,57.98,87.71,64.3,5.54,92.04,74.25,B,0,75,67.0,77.0,51.0
Male,19.0,Business,79.35,62.35,93.49,87.12,72.65,,84.08,65.87,D,0,64,63.0,40.0,78.0
Female,23.0,CS,87.88,72.17,69.68,97.82,88.15,5.72,69.8,93.12,D,0,33,32.0,82.0,59.0
Female,21.0,Engineering,91.32,82.88,63.82,64.19,68.27,3.7,51.93,70.82,F,1,63,41.0,91.0,100.0
Male,20.0,Business,63.59,73.48,83.49,60.79,78.47,4.54,69.81,84.59,C,0,62,88.0,78.0,100.0
Male,20.0,Mathematics,60.36,80.65,86.53,57.52,66.81,0.2,70.47,94.78,A,1,58,83.0,62.0,67.0
Female,22.0,Engineering,54.52,63.85,94.33,59.77,52.21,5.6,91.35,76.9,A,1,99,64.0,70.0,83.0
Male,22.0,Engineering,74.51,56.19,42.42,74.63,94.43,1.15,68.09,50.35,B,1,72,50.0,71.0,81.0
Female,19.0,CS,77.49,62.75,42.6,71.94,80.28,0.21,72.47,90.68,C,0,75,67.0,96.0,47.0
Female,19.0,Mathematics,88.73,48.45,77.41,73.31,95.99,9.75,54.72,68.8,A,0,100,100.0,100.0,54.0
Female,23.0,Engineering,90.98,,98.95,86.64,77.91,9.88,86.27,91.55,F,0,54,83.0,83.0,100.0
Male,18.0,CS,77.27,43.89,69.75,54.86,76.03,0.63,87.88,64.15,B,1,59,69.0,63.0,88.0
Female,22.0,Mathematics,83.08,76.48,83.43,96.91,86.76,4.9,55.18,62.17,C,0,48,62.0,56.0,53.0
Male,18.0,Engineering,55.65,54.12,77.63,95.32,93.27,7.05,76.02,99.59,D,0,61,62.0,64.0,69.0
Male,19.0,Engineering,57.51,64.59,55.15,51.14,53.65,6.41,71.46,80.88,B,0,27,35.0,77.0,77.0
Female,22.0,Engineering,79.65,62.17,82.91,65.91,86.06,8.34,84.47,87.86,A,0,36,82.0,63.0,72.0
Female,19.0,CS,55.73,84.87,43.69,70.35,63.82,0.74,64.08,76.47,C,0,90,65.0,67.0,37.0
Female,19.0,Mathematics,69.94,50.88,62.8,77.47,78.82,9.89,62.08,68.01,A,0,45,67.0,70.0,80.0
Male,23.0,CS,95.48,53.46,60.91,69.05,61.19,9.38,81.0,99.0,D,1,68,76.0,74.0,99.0
Male,21.0,CS,74.13,92.36,49.13,86.04,84.79,3.62,76.51,58.63,B,0,69,85.0,71.0,51.0
Female,18.0,CS,60.96,90.02,60.54,98.52,96.67,3.13,52.39,53.21,F,0,100,81.0,58.0,63.0
Male,20.0,Business,56.74,86.49,51.21,54.56,89.11,7.66,58.1,57.89,B,1,74,93.0,83.0,77.0
Male,23.0,Engineering,81.41,65.98,88.08,66.57,67.31,8.46,61.77,94.94,B,1,33,66.0,52.0,83.0
Male,20.0,Engineering,57.78,93.06,71.93,50.65,98.51,9.46,68.2,83.07,D,1,69,45.0,51.0,38.0
Female,18.0,CS,71.36,84.49,90.35,94.79,50.19,5.39,98.71,58.7,D,0,77,65.0,95.0,52.0
Female,18.0,Business,55.47,50.64,93.91,69.73,89.61,2.97,56.98,60.99,A,0,56,67.0,56.0,57.0
Female,,CS,64.68,49.13,57.63,60.23,56.38,7.08,54.74,82.51,D,1,89,98.0,61.0,88.0
Female,22.0,Mathematics,93.59,95.67,85.65,84.57,56.94,7.61,90.63,66.74,B,1,43,84.0,85.0,45.0
Female,21.0,CS,94.38,70.18,64.64,90.45,57.33,7.12,89.75,78.39,F,0,63,87.0,64.0,37.0
Male,19.0,CS,85.91,54.36,68.71,51.99,78.11,0.42,52.47,59.25,C,1,69,66.0,77.0,40.0
Female,18.0,Business,85.91,87.07,76.45,90.86,53.41,6.36,72.39,85.21,D,0,29,47.0,87.0,65.0
Male,23.0,CS,83.28,50.75,80.19,82.8,92.54,9.84,68.83,69.55,A,1,77,89.0,75.0,78.0
Male,23.0,Business,95.45,89.2,63.69,77.23,92.98,5.1,98.58,72.6,A,0,61,100.0,60.0,63.0
Male,23.0,Business,71.08,59.75,91.89,62.02,84.04,5.65,90.49,56.87,C,1,74,38.0,63.0,54.0
Male,21.0,Engineering,86.33,50.79,95.34,55.21,52.44,5.97,89.5,62.61,A,1,80,59.0,88.0,53.0
Female,21.0,CS,57.63,64.13,44.21,93.05,97.24,9.94,75.52,69.48,A,0,70,65.0,95.0,56.0
 FEMALE ,19.0,Business,65.57,95.42,55.77,65.15,78.83,7.06,77.46,55.22,A,0,90,57.0,79.0,71.0
Male,21.0,Business,99.06,84.37,,53.53,64.87,1.86,75.46,72.72,A,0,98,86.0,83.0,75.0
Male,18.0,Engineering,68.86,59.04,83.57,51.05,94.68,6.98,78.92,98.03,B,1,78,94.0,71.0,84.0
Female,21.0,Business,97.88,72.93,64.59,68.9,76.41,7.14,74.39,52.04,F,0,37,35.0,91.0,100.0
Female,23.0,CS,76.05,59.47,48.93,54.14,87.51,5.52,91.92,97.98,D,0,68,82.0,72.0,64.0
Female,20.0,CS,65.9,93.05,98.73,59.54,84.69,1.06,72.88,94.97,C,1,84,78.0,55.0,57.0
Female,18.0,CS,93.78,99.23,80.29,82.11,53.17,4.51,73.47,93.73,A,0,50,81.0,74.0,61.0
Male,22.0,CS,84.29,52.6,40.02,69.55,61.05,7.5,69.39,94.54,A,1,83,95.0,63.0,66.0
Male,22.0,CS,64.02,97.16,78.85,96.29,52.79,3.0,99.27,63.43,D,1,27,61.0,99.0,65.0
Female,19.0,CS,52.39,59.61,77.83,54.18,65.47,6.96,96.67,85.82,A,0,59,56.0,58.0,51.0
Female,19.0,Engineering,81.5,80.27,85.86,62.94,59.71,3.98,60.51,52.97,D,1,81,56.0,91.0,71.0
Female,,Business,93.83,73.81,67.49,75.02,55.41,1.21,72.26,98.35,F,1,60,49.0,74.0,34.0
Female,19.0,Mathematics,54.45,98.46,84.47,,50.3,6.37,77.95,58.82,F,0,66,68.0,100.0,94.0
Male,21.0,CS,60.97,59.99,93.74,,52.57,7.96,66.44,76.5,F,1,79,98.0,82.0,66.0
Female,20.0,CS,70.12,64.62,58.69,81.86,89.42,0.08,52.56,59.53,A,1,70,90.0,81.0,62.0
Female,18.0,Engineering,79.97,92.89,50.97,93.58,53.25,4.92,75.34,81.6,D,1,38,58.0,58.0,55.0
Female,20.0,Engineering,71.32,68.16,59.27,87.69,61.63,4.51,91.07,97.79,B,1,50,99.0,47.0,29.0
Female,21.0,CS,79.11,96.5,97.13,60.05,97.13,9.35,89.79,64.75,A,0,53,97.0,69.0,96.0
Male,19.0,Engineering,91.18,67.11,61.88,89.34,73.46,1.22,52.08,51.36,C,1,69,77.0,92.0,71.0
Male,18.0,Engineering,57.18,67.42,77.17,63.51,52.03,0.85,97.84,50.72,F,0,50,58.0,82.0,57.0
Male,19.0,Engineering,80.03,95.88,98.07,58.33,77.12,3.05,70.14,78.64,D,0,67,86.0,87.0,96.0
Female,23.0,CS,56.86,61.24,73.35,93.78,91.33,6.21,61.71,71.98,C,1,49,100.0,57.0,68.0
Male,20.0,Engineering,98.46,55.21,52.47,64.18,92.35,3.0,79.21,57.37,D,1,51,100.0,89.0,67.0
Female,19.0,CS,77.94,95.01,45.94,86.85,72.54,8.43,77.32,79.68,F,0,29,73.0,85.0,57.0
Female,21.0,Mathematics,94.65,91.23,62.39,57.13,68.67,0.35,66.3,89.54,F,0,83,55.0,66.0,89.0
Female,20.0,Business,86.16,74.47,95.1,79.75,80.28,8.04,72.95,71.12,B,0,91,99.0,82.0,74.0
Male,18.0,CS,81.97,69.36,81.37,83.54,88.89,8.31,64.09,79.82,A,0,91,77.0,86.0,100.0
Female,22.0,Computer Science,54.5,92.54,84.18,81.84,57.03,5.32,97.78,57.57,F,0,77,100.0,74.0,59.0
Male,22.0,CS,55.89,61.12,43.75,86.97,77.86,7.47,68.43,95.94,A,1,58,69.0,79.0,81.0
Male,21.0,CS,,48.54,42.21,88.22,75.0,1.95,86.6,68.79,B,0,27,63.0,60.0,88.0
Female,23.0,Engineering,68.98,43.27,80.62,70.04,92.02,1.19,74.49,64.2,A,0,63,72.0,73.0,81.0
Male,19.0,Engineering,87.88,55.48,89.05,94.9,86.19,3.85,59.08,54.92,A,0,41,67.0,94.0,100.0
Male,19.0,CS,84.72,83.21,72.37,56.14,51.64,3.28,67.07,56.45,B,1,46,38.0,71.0,74.0
Male,22.0,Engineering,95.25,91.98,43.94,89.26,96.94,1.27,64.25,51.39,A,0,69,61.0,86.0,47.0
Female,,Business,81.31,82.91,56.73,80.05,53.36,6.91,92.28,64.41,A,0,86,57.0,75.0,65.0
Female,22.0,Business,88.19,70.42,83.98,63.76,56.89,9.56,81.47,65.92,A,1,84,80.0,69.0,68.0
Female,22.0,BUSINESS,61.8,49.09,97.69,56.88,64.66,3.59,66.41,71.7,F,0,28,67.0,67.0,50.0
Male,18.0,CS,93.99,73.23,46.72,68.17,76.78,7.57,79.73,59.04,C,1,100,56.0,75.0,94.0
Female,18.0,CS,77.64,93.39,50.65,89.8,97.79,8.21,70.08,73.26,C,1,88,100.0,60.0,53.0
Female,21.0,Engineering,51.93,91.94,59.78,76.73,82.42,8.14,98.04,73.13,D,1,81,99.0,78.0,62.0
Female,21.0,CS,97.1,91.61,98.68,78.78,79.75,6.77,80.84,55.04,F,0,100,45.0,81.0,55.0
Male,21.0,CS,83.1,62.22,58.78,94.41,78.5,1.08,84.99,94.21,B,1,100,100.0,45.0,56.0
Male,19.0,Engineering,71.22,58.19,47.32,83.7,97.13,5.5,63.68,62.53,B,1,78,78.0,100.0,65.0
Male,20.0,CS,96.38,75.83,47.81,76.33,77.74,6.53,51.99,92.9,C,0,41,54.0,78.0,91.0
Female,18.0,Engineering,96.92,61.17,69.98,81.09,60.62,5.31,94.85,69.43,D,1,41,79.0,89.0,87.0
Male,19.0,Business,65.96,88.24,58.41,61.69,87.97,1.61,63.58,59.65,A,0,72,72.0,95.0,55.0
Female,20.0,Business,52.71,69.3,63.94,53.5,63.78,2.67,55.14,72.35,C,1,68,84.0,86.0,69.0
Male,22.0,Engineering,51.26,45.12,65.28,67.61,56.38,7.85,68.77,54.04,B,1,40,100.0,88.0,67.0
Female,21.0,Business,74.9,80.96,99.88,64.96,90.52,4.18,66.06,69.43,B,0,54,100.0,100.0,75.0
Female,23.0,Business,54.85,46.75,50.03,75.92,61.62,2.29,54.85,88.27,F,0,86,68.0,51.0,41.0
Female,19.0,Engineering,82.81,77.25,91.54,79.08,78.31,8.45,90.57,95.06,C,1,100,61.0,89.0,65.0
Female,23.0,Business,52.83,93.87,58.81,61.63,72.38,7.99,98.83,86.86,A,0,75,63.0,93.0,70.0
Female,21.0,Mathematics,54.98,40.58,52.91,88.63,79.68,6.42,58.1,68.04,A,0,77,78.0,81.0,96.0
Female,23.0,Engineering,81.93,99.02,90.75,66.16,87.76,5.97,81.7,68.88,F,0,76,59.0,70.0,85.0
Male,18.0,Business,58.52,88.49,84.99,93.95,74.68,4.07,64.66,94.49,C,0,47,95.0,94.0,97.0
Female,21.0,Mathematics,67.48,67.58,50.01,57.07,86.05,9.39,71.84,62.9,A,1,86,58.0,89.0,74.0
Female,19.0,Engineering,76.11,80.37,71.57,87.33,66.06,4.83,53.65,60.91,C,0,74,72.0,70.0,77.0
Female,23.0,Engineering,98.21,82.75,92.65,62.89,98.15,1.72,88.92,72.71,F,0,35,53.0,81.0,73.0
Male,23.0,Engineering,56.71,51.34,49.65,89.25,71.48,5.33,73.04,62.42,A,0,55,86.0,56.0,64.0
Male,20.0,Business,51.92,59.25,88.98,56.15,60.25,6.47,69.72,75.27,D,0,63,57.0,100.0,62.0
Female,19.0,Business,56.93,89.47,67.07,,83.69,4.53,92.81,77.43,C,1,59,65.0,80.0,76.0
Female,22.0,CS,93.24,98.07,45.35,91.53,92.61,7.56,53.1,88.57,F,0,70,72.0,48.0,93.0
Female,21.0,Business,73.93,69.17,66.62,58.02,73.49,9.22,94.18,63.96,B,1,40,54.0,85.0,80.0
Male,22.0,Business,71.92,91.09,85.52,75.7,89.7,7.57,95.39,99.9,F,0,60,87.0,65.0,73.0
Male,18.0, engineering ,82.83,49.09,52.56,57.05,87.5,4.09,93.44,90.4,C,1,39,74.0,78.0,84.0
Female,21.0,Engineering,56.2,74.92,81.28,61.66,78.51,4.81,57.05,92.38,D,0,31,79.0,81.0,48.0
Female,22.0,CS,93.74,63.66,41.9,65.44,83.46,5.02,85.55,94.42,B,1,80,77.0,83.0,71.0
Male,20.0,CS,70.98,44.17,77.69,93.53,54.75,8.15,73.76,66.83,D,1,35,80.0,60.0,40.0
Male,23.0,Mathematics,90.38,53.93,61.42,97.94,59.48,5.43,99.3,77.34,B,1,86,76.0,71.0,67.0
Female,20.0,CS,56.9,60.01,73.81,50.98,,7.42,56.67,65.99,A,1,88,66.0,40.0,47.0
Female,23.0,CS,54.75,47.55,84.81,68.18,74.38,9.88,56.61,68.1,A,0,79,45.0,82.0,42.0
Female,19.0,CS,78.06,72.47,43.63,65.48,64.39,0.27,64.05,50.37,B,0,80,100.0,53.0,65.0
Female,21.0,Engineering,59.36,68.79,91.68,84.27,65.48,5.2,98.66,84.21,A,0,59,89.0,78.0,71.0
Male,23.0,Math,69.61,87.55,40.52,61.01,84.01,3.07,89.39,70.76,B,0,56,52.0,65.0,50.0
Female,22.0,CS,63.55,91.26,85.77,70.24,81.05,0.36,84.1,96.52,C,0,99,78.0,86.0,70.0
Female,19.0,Business,,90.15,99.49,67.03,75.08,1.77,62.05,92.74,F,0,88,60.0,77.0,53.0
Female,18.0,CS,95.21,93.57,68.76,59.67,72.44,6.2,62.69,81.52,D,0,59,83.0,54.0,66.0
Female,21.0,Engineering,60.26,97.93,95.77,79.07,68.77,5.13,82.07,79.23,B,0,80,57.0,69.0,36.0
Female,18.0,CS,72.95,43.13,70.16,88.64,77.77,3.15,82.86,74.81,A,1,34,77.0,80.0,45.0
Male,23.0,CS,82.01,78.89,45.39,74.56,51.16,9.24,73.41,57.13,F,0,61,99.0,100.0,76.0
Male,18.0,Business,74.3,41.08,81.64,91.69,94.63,8.55,67.6,76.47,B,0,36,23.0,64.0,80.0
Female,20.0,Business,72.99,41.48,53.3,60.73,66.94,5.8,57.89,68.57,D,1,89,66.0,97.0,36.0
Male,23.0,CS,83.14,71.68,48.88,91.61,67.61,6.03,91.66,89.82,A,1,88,40.0,76.0,78.0
Male,18.0,CS,51.4,66.52,74.18,85.27,50.2,4.8,55.19,76.61,C,1,69,74.0,66.0,73.0
Female,19.0,CS,75.61,83.6,57.81,55.76,87.15,2.43,55.5,85.22,A,1,38,66.0,88.0,63.0
Female,21.0,CS,80.37,58.28,78.57,97.74,98.9,7.36,60.64,50.64,B,1,59,68.0,61.0,59.0
Male,,Engineering,68.6,65.64,85.4,92.16,62.18,9.17,60.63,75.8,B,1,60,82.0,54.0,91.0
Female,19.0,Business,83.0,74.2,94.5,80.94,55.12,2.45,88.25,63.36,B,0,76,91.0,95.0,58.0
Male,18.0,CS,65.22,70.89,95.06,55.83,52.17,6.25,94.66,61.71,B,1,31,76.0,69.0,79.0
Male,20.0,Engineering,87.5,73.38,93.28,53.43,52.71,1.72,81.69,91.98,A,1,55,73.0,100.0,74.0
Female,22.0,CS,61.61,92.27,82.46,,62.46,0.06,92.55,96.69,A,0,90,80.0,100.0,93.0
Female,19.0,Mathematics,82.7,40.84,68.47,78.82,91.16,2.89,54.89,65.42,A,0,73,68.0,64.0,64.0
Male,22.0,CS,95.71,42.39,88.82,67.37,79.07,3.84,79.42,73.41,D,0,49,90.0,76.0,55.0
Male,20.0,Business,63.35,99.88,63.02,88.28,68.05,5.48,88.25,78.05,C,1,64,90.0,79.0,69.0
Male,23.0,Engineering,99.58,69.83,71.6,82.13,98.08,2.34,53.62,55.38,A,0,72,61.0,77.0,88.0
Male,,CS,88.73,76.78,46.82,77.04,69.2,2.98,93.24,63.23,A,0,40,78.0,100.0,76.0
Female,18.0,Engineering,94.28,59.29,64.26,78.39,70.06,3.1,98.11,87.23,A,1,91,59.0,84.0,92.0
Female,21.0,Mathematics,54.61,59.38,49.57,86.14,58.36,2.31,61.52,96.0,A,1,100,42.0,68.0,72.0
Female,22.0,Engineering,83.93,50.42,79.55,77.27,72.14,6.68,50.75,75.79,F,0,87,84.0,53.0,66.0
Male,21.0,Engineering,52.96,95.89,71.49,55.73,63.09,9.56,71.39,73.21,F,0,65,69.0,84.0,83.0
Male,21.0,Mathematics,81.59,93.16,49.14,96.16,56.6,0.07,90.45,74.04,C,0,44,74.0,92.0,78.0
Male,19.0,Business,96.72,63.39,73.35,59.63,82.59,9.58,76.25,92.28,A,0,81,73.0,42.0,79.0
Male,18.0,Business,79.35,69.46,44.07,65.96,73.54,8.58,93.69,70.83,D,0,51,81.0,76.0,41.0
Male,21.0,CS,54.3,44.14,40.28,86.35,84.35,0.26,54.4,55.06,A,1,35,69.0,66.0,63.0
Female,23.0,CS,81.88,43.89,91.74,89.69,62.11,3.42,66.52,71.18,D,1,52,57.0,61.0,100.0
Female,18.0,Mathematics,95.82,48.4,81.58,81.18,80.04,3.86,86.81,91.77,B,1,66,64.0,47.0,75.0
Male,20.0,Engineering,86.27,53.55,42.46,97.29,81.06,3.08,63.24,73.77,B,0,58,60.0,74.0,68.0
Female,19.0,Engineering,64.99,50.82,51.22,59.09,82.57,0.02,90.15,58.08,A,0,100,67.0,98.0,75.0
Female,21.0,Business,99.74,87.75,81.06,75.14,64.38,5.45,84.5,96.44,F,1,45,100.0,61.0,78.0
Female,23.0,CS,75.67,76.21,72.67,51.02,79.39,2.49,84.8,90.62,D,1,66,73.0,73.0,54.0
Female,23.0,CS,75.36,73.22,90.22,97.48,96.43,9.7,63.58,55.32,A,1,83,88.0,61.0,46.0
Female,19.0,Engineering,61.43,57.17,57.92,75.84,51.29,9.6,72.52,84.09,B,0,53,88.0,58.0,52.0
Female,21.0,CS,50.27,93.15,95.15,57.45,55.58,9.65,96.05,65.01,D,1,44,38.0,92.0,41.0
Male,19.0,Business,89.12,44.78,72.91,66.82,77.65,9.81,57.59,79.39,A,0,66,76.0,100.0,82.0
Female,20.0,Engineering,52.68,71.86,99.72,56.48,66.18,9.29,66.28,66.12,F,0,67,73.0,48.0,81.0
Female,22.0,CS,73.56,80.21,68.14,68.64,89.29,7.42,95.72,75.99,B,0,45,90.0,84.0,86.0
Female,23.0,Engineering,63.54,95.75,44.38,99.74,91.38,1.43,80.37,95.18,D,0,74,62.0,80.0,77.0
Male,19.0,CS,67.48,45.88,65.28,96.98,69.35,3.27,63.03,86.86,B,0,68,38.0,44.0,49.0
Male,18.0,Engineering,56.16,57.03,76.64,65.35,53.24,5.11,50.8,77.19,C,1,27,75.0,52.0,75.0
Male,21.0,CS,78.82,68.74,48.73,80.02,84.97,9.14,77.59,62.75,C,0,92,69.0,100.0,47.0
Female,20.0,CS,62.92,60.49,52.8,57.12,96.72,1.69,77.99,82.81,C,0,96,48.0,74.0,56.0
Male,20.0,CS,58.39,81.77,70.93,89.42,70.03,9.73,76.79,58.84,A,1,61,30.0,96.0,68.0
Female,18.0,Engineering,77.73,90.48,47.57,63.48,81.12,,52.38,85.3,A,0,88,67.0,71.0,68.0
Male,23.0,Engineering,59.6,47.32,89.16,71.19,83.39,3.25,88.97,74.56,D,1,57,58.0,68.0,71.0
Female,20.0,Engineering,74.6,42.68,98.38,58.08,61.12,7.17,56.52,64.79,B,0,81,75.0,72.0,85.0
Male,19.0,Business,71.46,,44.09,87.45,54.38,6.67,69.0,53.07,A,0,50,75.0,95.0,43.0
Female,23.0,Business,50.55,41.41,61.6,65.44,90.1,5.08,99.1,64.93,C,0,54,52.0,55.0,50.0
Female,20.0,Engineering,83.47,75.09,44.24,79.34,63.55,5.85,88.17,68.41,A,0,63,84.0,98.0,67.0
Male,20.0,CS,58.02,81.29,52.03,53.73,73.84,4.37,95.04,55.35,F,0,60,67.0,71.0,58.0
Male,19.0,Business,72.4,87.27,94.18,72.84,95.18,9.4,80.95,94.32,D,0,51,100.0,55.0,73.0
Male,21.0,Engineering,75.98,67.72,72.48,89.84,92.72,6.88,89.58,66.75,F,0,42,54.0,79.0,61.0
Male,19.0,Business,65.54,68.47,99.01,63.5,94.89,3.83,95.16,59.52,A,1,27,85.0,96.0,92.0
Male,20.0,Business,68.35,40.25,57.84,86.18,70.0,8.08,86.16,90.19,C,0,95,76.0,45.0,33.0
Female,23.0,Computer Science,50.24,94.28,60.58,92.33,63.05,5.77,64.89,89.03,A,0,95,73.0,75.0,88.0
Female,19.0,Business,80.94,68.95,91.61,89.4,78.27,1.03,97.09,55.59,A,0,100,84.0,78.0,67.0
Female,18.0,Business,86.21,53.7,89.07,61.58,70.65,4.42,82.44,73.75,C,1,50,70.0,74.0,59.0
Male,18.0,Mathematics,83.98,59.28,59.7,58.97,82.54,1.59,54.78,89.18,D,0,81,63.0,98.0,100.0
Female,18.0,CS,62.94,46.91,92.44,69.19,,3.94,66.18,51.16,A,1,71,67.0,89.0,89.0
Male,22.0,Business,50.71,72.79,50.89,95.06,98.89,2.98,56.09,58.35,B,0,76,79.0,57.0,71.0
Male,21.0,CS,98.67,48.76,77.39,80.0,81.56,1.42,56.22,85.86,B,0,55,78.0,89.0,83.0
Female,21.0,Engineering,99.39,56.68,93.13,90.27,75.58,0.8,63.7,60.48,A,0,55,61.0,94.0,27.0
Female,20.0,Engineering,,79.54,93.26,50.3,76.72,9.83,99.81,57.32,A,0,70,79.0,86.0,78.0
Male,18.0,Engineering,76.2,70.39,97.49,81.19,73.55,5.77,77.83,71.64,B,0,63,63.0,62.0,81.0
Male,18.0,Engineering,80.64,,92.72,75.09,65.91,8.14,82.83,52.78,D,1,48,100.0,95.0,53.0
Male,18.0,CS,69.27,40.67,94.11,83.03,90.1,7.22,90.59,71.04,A,0,38,69.0,88.0,79.0
Female,18.0,CS,69.07,,71.02,91.72,62.74,5.87,67.62,98.65,D,0,78,36.0,70.0,98.0
Male,20.0,Engineering,64.47,89.75,66.0,63.87,81.77,9.85,64.54,90.09,C,1,69,64.0,76.0,63.0
Male,22.0,Mathematics,52.44,58.95,57.68,64.1,68.44,4.67,91.84,73.02,A,0,55,55.0,83.0,64.0
Female,18.0,Engineering,61.24,60.71,72.94,77.9,50.53,3.2,65.34,58.08,A,0,76,38.0,96.0,79.0
Female,20.0,CS,88.85,75.93,76.74,64.86,86.45,3.3,54.77,54.85,B,1,54,91.0,87.0,72.0
Male,18.0,CS,92.4,40.64,71.01,53.57,89.38,5.25,54.06,94.48,A,0,47,88.0,57.0,40.0
Male,,Mathematics,59.18,59.45,88.21,92.04,82.99,7.1,84.92,84.45,B,0,62,98.0,87.0,90.0
Male,21.0,Business,75.23,82.37,40.78,75.9,81.48,2.98,99.0,70.49,B,0,95,73.0,82.0,41.0
Male,18.0,Business,73.38,92.04,47.72,60.59,83.84,5.85,54.69,90.75,F,1,66,83.0,90.0,45.0
Female,23.0,CS,99.45,93.38,61.03,80.3,89.58,6.07,96.29,81.19,A,1,65,76.0,42.0,87.0
Female,21.0,Engineering,62.14,91.19,87.15,59.48,74.98,7.38,59.6,55.42,C,0,60,56.0,71.0,65.0
Female,19.0,Business,64.98,93.12,91.76,85.73,68.04,2.78,54.15,53.47,F,1,73,100.0,77.0,65.0
Male,20.0,Mathematics,74.37,58.52,86.52,59.89,50.91,5.01,80.38,63.99,D,0,66,67.0,100.0,58.0
Female,22.0,CS,63.18,81.51,53.84,56.4,71.98,9.56,80.86,96.16,A,1,96,100.0,86.0,47.0
Male,20.0,CS,96.86,58.5,57.63,83.79,65.58,6.45,91.61,90.09,D,1,92,38.0,58.0,67.0
Female,20.0,CS,82.21,72.5,49.24,61.51,94.22,6.06,90.33,89.19,F,1,36,72.0,99.0,44.0
Male,19.0,Engineering,62.88,51.67,92.37,87.18,81.44,0.86,57.34,67.9,A,0,46,70.0,91.0,92.0
Male,21.0,CS,72.83,81.95,69.31,51.58,74.41,3.65,96.57,78.25,A,1,68,61.0,100.0,59.0
Male,22.0,CS,68.77,52.96,49.19,85.78,82.81,3.69,86.41,62.71,B,0,51,89.0,39.0,60.0
Female,20.0,CS,95.86,83.56,97.61,74.97,82.69,2.4,50.47,81.57,C,0,45,100.0,69.0,94.0
Male,20.0,CS,67.47,73.25,78.35,51.84,96.36,6.95,95.31,52.75,A,0,90,77.0,58.0,80.0
Female,19.0,Business,56.29,89.96,88.97,72.75,51.66,5.64,73.0,85.43,B,0,56,100.0,77.0,78.0
Female,19.0,CS,85.09,83.25,91.52,92.93,78.19,9.45,85.75,75.62,A,0,50,66.0,64.0,42.0
Female,18.0,Business,70.36,86.61,48.33,81.08,81.7,6.83,89.38,64.53,D,0,100,63.0,64.0,47.0
Male,21.0,Engineering,80.59,90.08,99.51,51.09,64.77,9.05,99.5,92.41,D,0,57,77.0,66.0,52.0
Male,18.0,CS,76.92,80.21,42.79,98.31,91.49,3.78,64.64,63.89,C,1,40,80.0,65.0,79.0
Male,23.0,Mathematics,54.0,88.68,69.75,99.8,64.04,7.98,66.62,86.59,C,0,50,56.0,72.0,37.0
Female,21.0,Engineering,89.79,91.09,80.26,70.34,55.96,8.72,59.67,87.68,C,0,47,43.0,81.0,87.0
Female,20.0,Engineering,52.98,42.58,95.7,71.5,98.73,6.86,65.07,98.63,B,0,34,90.0,100.0,69.0
Female,22.0,Business,55.46,67.05,62.15,62.97,89.1,5.29,58.09,76.12,D,1,38,59.0,90.0,77.0
Male,22.0,Business,56.49,63.49,99.47,77.78,69.22,2.46,62.19,63.13,A,0,41,41.0,47.0,61.0
Male,20.0,CS,54.7,86.55,99.05,55.92,69.27,3.96,77.59,89.96,A,1,65,80.0,48.0,61.0
Male,21.0,CS,57.72,88.87,52.78,70.54,63.78,6.15,82.54,75.12,B,1,98,52.0,100.0,54.0
Male,,Mathematics,65.12,59.35,48.92,60.22,58.22,4.81,64.74,97.17,D,0,76,100.0,84.0,74.0
Male,23.0,Mathematics,71.61,94.23,88.53,93.71,93.32,9.46,89.76,52.51,D,1,94,64.0,55.0,58.0
Female,18.0,CS,65.11,72.72,90.36,99.26,94.76,3.67,85.1,73.22,A,0,78,69.0,100.0,75.0
Female,22.0,Engineering,94.78,76.85,42.98,63.59,56.39,5.56,87.93,53.26,D,1,56,81.0,48.0,62.0
Female,19.0,Engineering,85.49,88.25,63.28,81.7,95.95,9.52,87.58,69.34,C,1,95,61.0,62.0,55.0
Female,19.0,Mathematics,97.26,95.44,50.88,66.25,50.67,2.91,86.49,55.66,B,0,87,59.0,66.0,67.0
Female,20.0,CS,64.38,44.67,78.6,76.24,53.95,0.88,72.48,98.99,A,1,85,58.0,75.0,50.0
Male,18.0,Engineering,71.76,52.54,56.44,60.25,96.9,,65.25,99.86,A,1,76,52.0,80.0,40.0
Male,22.0,Mathematics,90.61,90.33,67.54,84.42,70.07,5.93,73.22,56.38,A,1,47,89.0,94.0,62.0
Male,23.0,Engineering,91.2,48.23,91.55,89.37,84.67,7.38,58.35,87.27,A,1,70,73.0,61.0,87.0
Female,21.0,CS,54.89,71.24,,99.25,70.96,4.73,54.05,81.1,D,0,54,60.0,65.0,78.0
Male,23.0,Mathematics,85.28,80.01,61.47,69.93,58.55,6.7,84.01,98.47,B,1,100,31.0,89.0,53.0
Male,20.0,CS,85.59,79.98,49.62,90.17,61.12,6.16,91.89,78.16,D,1,51,76.0,97.0,79.0
Female,21.0,Engineering,82.91,87.62,69.11,71.98,61.48,6.98,52.76,75.68,C,1,80,46.0,71.0,50.0
Female,20.0,Business,72.35,75.18,68.2,90.82,78.85,1.48,70.08,73.48,C,0,77,62.0,87.0,69.0
Female,20.0,CS,93.95,96.71,68.59,50.22,54.63,9.83,72.87,64.73,A,0,68,70.0,64.0,64.0
Male,22.0,CS,96.38,87.31,41.46,65.23,61.69,9.31,61.19,97.94,A,0,31,76.0,100.0,56.0
Female,22.0,CS,57.51,81.4,84.53,61.51,65.46,9.27,96.04,66.04,B,1,67,87.0,88.0,44.0
Male,19.0,Engineering,64.38,75.52,51.92,59.48,92.49,4.4,61.36,74.73,F,0,84,92.0,71.0,47.0
Female,23.0,CS,91.51,56.94,62.14,53.02,77.43,8.52,,69.06,C,1,60,79.0,89.0,70.0
Male,18.0,Business,96.67,91.2,62.02,,98.23,2.69,98.31,50.88,A,0,64,65.0,100.0,86.0
Male,22.0,Business,75.54,45.42,59.01,96.09,90.53,8.92,63.42,78.94,D,1,61,75.0,39.0,42.0
Female,22.0, engineering ,93.85,67.74,97.31,98.48,50.41,5.7,53.48,59.21,C,0,98,29.0,75.0,60.0
Female,21.0,Business,71.71,92.35,42.84,51.45,74.44,6.64,94.77,79.89,A,0,47,25.0,60.0,32.0
Male,22.0,Engineering,83.53,62.59,97.59,89.33,58.54,7.84,64.61,56.39,D,1,76,63.0,85.0,52.0
Male,23.0,Engineering,88.28,99.05,47.11,77.1,88.36,4.65,62.38,75.68,D,1,94,47.0,91.0,95.0
Male,23.0,Mathematics,55.78,92.01,83.05,91.81,55.89,5.07,75.58,67.84,A,1,61,54.0,50.0,78.0
Male,22.0,Engineering,58.12,44.6,58.91,52.48,88.5,7.18,54.53,65.48,F,0,91,56.0,98.0,37.0
Male,,Computer Science,78.73,52.46,83.05,,69.27,3.67,73.04,51.16,D,1,59,43.0,83.0,61.0
Male,22.0,CS,82.66,,76.8,61.86,60.59,2.95,53.59,76.6,A,0,34,29.0,84.0,55.0
Female,,CS,63.73,58.3,62.37,64.16,67.82,8.28,60.49,93.52,F,1,33,60.0,49.0,47.0
Male,19.0,Mathematics,54.94,61.46,91.85,79.71,51.63,7.79,78.51,62.35,F,0,51,77.0,48.0,75.0
Female,18.0,Business,65.79,90.39,60.67,68.95,88.63,0.84,69.51,90.57,A,1,78,79.0,90.0,42.0
Male,19.0,CS,96.11,99.15,40.7,74.75,98.96,4.37,,79.58,A,0,54,63.0,74.0,82.0
Male,22.0, engineering ,75.55,79.82,79.83,80.54,58.33,6.99,75.84,80.02,C,0,80,99.0,56.0,61.0
Female,19.0,Engineering,52.06,84.88,82.44,54.93,97.84,3.77,99.35,94.59,F,1,78,63.0,74.0,85.0
Male,18.0,Engineering,70.86,84.34,91.64,60.27,96.32,1.27,72.3,71.88,B,1,28,43.0,89.0,82.0
Female,23.0,Engineering,52.47,80.94,73.65,61.67,91.37,3.26,84.02,72.91,A,1,64,82.0,97.0,82.0
Male,23.0,Business,65.42,81.63,81.26,71.63,65.91,0.48,83.8,79.88,D,0,52,48.0,85.0,76.0
Female,20.0,Business,71.09,69.08,53.69,61.12,,8.9,99.0,54.37,A,0,72,76.0,78.0,65.0
Male,19.0, engineering ,71.25,44.96,42.42,99.04,53.66,1.83,72.98,84.94,C,0,64,76.0,99.0,80.0
Female,20.0,Mathematics,58.46,53.8,65.75,92.37,77.26,6.77,96.87,65.59,F,1,69,100.0,100.0,99.0
Female,19.0,Engineering,94.84,68.08,55.5,76.66,54.7,5.13,75.34,85.18,F,0,57,37.0,51.0,74.0
Female,23.0,Business,71.21,48.9,98.36,53.33,94.93,7.19,90.26,99.42,F,1,81,86.0,87.0,33.0
Male,18.0,Engineering,82.95,93.96,63.17,97.45,57.82,1.74,69.57,84.84,A,0,67,100.0,91.0,74.0
Female,22.0,Engineering,90.61,67.83,49.63,64.47,91.34,9.6,81.77,88.05,F,1,43,52.0,60.0,51.0
Male,20.0,Engineering,98.67,49.65,51.73,81.66,83.08,1.54,72.49,98.51,C,1,68,75.0,59.0,76.0
Male,21.0,Business,64.85,47.44,92.83,96.02,94.79,6.56,90.09,87.97,B,0,61,65.0,95.0,41.0
Female,20.0,Mathematics,57.04,78.29,82.14,95.92,,7.51,52.74,64.44,A,0,75,76.0,63.0,60.0
Female,23.0,CS,60.85,54.63,76.72,93.99,72.62,3.17,70.43,60.15,D,0,41,55.0,76.0,92.0
Female,20.0,Mathematics,94.4,46.64,75.63,91.13,80.23,4.95,55.78,81.77,B,1,72,85.0,67.0,69.0
Female,19.0,Business,86.88,48.46,83.35,56.15,63.12,,81.53,95.48,F,0,86,85.0,100.0,41.0
Female,22.0,CS,82.92,86.43,,59.15,63.7,7.21,74.62,77.5,A,1,93,81.0,65.0,42.0
Female,19.0,Engineering,97.01,78.31,60.91,77.84,67.13,2.95,57.85,90.79,C,1,44,53.0,76.0,95.0
Male,23.0,Mathematics,62.64,48.09,47.69,81.82,77.38,3.44,71.71,58.46,D,0,30,61.0,74.0,75.0
Female,21.0,CS,57.08,64.45,49.08,83.6,91.33,2.15,55.52,97.01,B,0,73,74.0,100.0,58.0
Female,23.0,Engineering,68.1,42.56,64.82,86.09,79.18,9.49,74.11,51.59,D,0,58,64.0,81.0,89.0
Male,21.0,Business,81.25,80.64,91.11,97.22,91.2,4.49,84.03,79.64,B,1,67,45.0,80.0,51.0
Female,22.0,Engineering,86.46,71.67,55.84,81.31,90.76,2.53,96.38,60.55,A,1,57,68.0,52.0,48.0
Male,23.0,Mathematics,91.77,85.16,44.94,74.36,67.65,5.8,74.93,85.79,B,0,62,59.0,53.0,40.0
Male,20.0,Mathematics,73.09,86.13,79.3,67.25,98.36,2.87,76.53,85.47,F,0,68,47.0,79.0,97.0
Female,20.0,Engineering,85.89,97.82,88.81,81.64,94.99,7.17,78.88,76.81,A,0,27,83.0,83.0,70.0
Female,22.0,Engineering,56.57,90.54,48.56,80.88,63.3,9.06,86.8,52.59,B,1,32,27.0,60.0,84.0
Female,22.0,Business,61.59,43.38,98.8,82.7,94.39,8.5,72.28,72.37,D,1,81,97.0,95.0,51.0
Female,22.0,Engineering,63.11,47.75,58.07,67.24,94.05,7.77,88.95,57.76,B,0,75,77.0,95.0,93.0
Male,23.0,Engineering,67.49,73.39,42.69,65.38,64.11,1.54,82.99,52.77,A,0,85,78.0,98.0,85.0
Male,,CS,72.09,81.12,51.76,70.76,,1.99,58.37,99.93,F,0,42,72.0,90.0,72.0
Male,18.0,Engineering,64.16,82.11,58.22,55.12,67.32,8.51,68.95,90.85,C,1,70,84.0,60.0,81.0
 MALE ,21.0,CS,64.28,95.53,40.15,53.92,51.35,4.7,95.52,67.83,D,0,85,67.0,84.0,78.0
Female,22.0,CS,91.27,79.16,69.22,68.59,74.68,6.5,60.76,73.47,C,1,62,52.0,73.0,48.0
Male,22.0,CS,71.77,49.84,93.74,69.4,70.09,8.93,66.59,80.3,F,1,40,87.0,85.0,77.0
Male,22.0,CS,89.65,83.44,85.48,52.27,95.46,0.45,74.12,94.62,C,0,98,41.0,100.0,62.0
Male,20.0,Business,56.13,91.21,42.16,89.71,63.94,7.84,98.07,75.29,A,0,42,64.0,82.0,51.0
Female,20.0,CS,68.92,68.98,41.84,83.72,92.14,0.33,51.59,62.11,F,0,71,57.0,77.0,75.0
Male,21.0,Engineering,55.28,94.15,56.06,53.64,90.97,8.41,56.17,63.12,A,1,99,35.0,78.0,58.0
Male,20.0, engineering ,77.61,93.19,92.94,60.95,74.23,1.1,75.44,98.89,F,0,70,69.0,67.0,38.0
Female,19.0,Business,78.93,79.39,40.45,87.05,99.91,5.18,66.08,89.25,D,1,68,59.0,83.0,94.0
Male,20.0,CS,75.83,70.44,42.49,73.09,52.32,9.02,55.11,83.53,C,0,52,83.0,87.0,81.0
Male,22.0,CS,85.99,93.12,50.32,63.85,95.95,5.48,77.65,80.1,F,0,58,44.0,98.0,57.0
Male,19.0,Business,79.99,52.41,41.91,51.45,51.65,8.09,90.39,67.32,F,1,93,44.0,86.0,74.0
Male,22.0,Business,72.92,43.34,61.51,52.33,52.28,2.02,96.92,67.1,A,1,41,72.0,73.0,49.0
Female,19.0,Engineering,71.33,57.99,75.69,62.79,56.52,8.52,75.76,72.87,C,0,90,41.0,95.0,62.0
Female,18.0,Business,89.76,80.04,98.34,85.03,55.62,7.53,64.53,69.06,F,1,43,65.0,69.0,85.0
Female,20.0,CS,51.71,41.85,74.97,71.59,93.45,7.05,78.77,88.24,F,1,86,61.0,57.0,81.0
Male,22.0,Mathematics,62.51,52.36,89.21,93.24,57.29,9.51,99.44,97.49,F,1,57,85.0,60.0,57.0
Female,22.0,Computer Science,88.55,80.25,65.4,78.55,93.85,6.89,73.92,54.85,B,1,100,76.0,66.0,64.0
Male,21.0,CS,93.1,,68.0,57.05,75.22,0.73,86.41,72.08,A,0,60,92.0,77.0,41.0
Male,19.0,Business,70.99,85.99,87.01,75.06,73.49,4.78,74.72,52.1,D,1,58,67.0,95.0,56.0
Male,18.0,CS,61.56,98.28,75.23,90.79,65.72,3.83,75.93,81.28,A,0,100,55.0,63.0,85.0
Female,20.0,Engineering,73.74,91.27,70.78,66.55,79.95,9.72,74.81,66.26,C,0,27,48.0,100.0,73.0
Female,23.0,Engineering,83.76,45.1,53.18,95.33,76.83,8.71,76.19,66.81,B,1,50,50.0,91.0,72.0
Female,23.0,CS,80.03,76.58,99.66,70.92,99.68,1.48,75.37,57.66,F,0,66,81.0,64.0,53.0
Male,20.0,Engineering,77.94,41.92,97.0,89.39,50.54,0.27,99.59,67.23,A,0,47,84.0,98.0,47.0
Female,23.0,CS,88.57,84.04,90.97,78.88,83.78,7.01,52.05,68.05,D,1,65,69.0,87.0,83.0
Female,21.0,Business,60.87,61.57,46.0,52.57,53.3,1.59,79.36,69.48,F,1,100,81.0,70.0,72.0
Female,18.0,Business,52.23,51.94,59.02,50.16,77.76,6.29,71.6,85.12,A,1,27,89.0,76.0,100.0
Female,19.0,Business,86.69,49.23,92.18,67.23,,0.38,51.39,98.72,B,0,53,72.0,92.0,55.0
Female,23.0,Engineering,51.0,42.89,91.52,77.51,56.73,6.61,94.21,73.28,A,0,71,52.0,61.0,42.0
Female,23.0,CS,95.92,56.71,70.45,64.94,83.57,9.02,51.58,81.37,D,1,29,78.0,94.0,65.0
Female,22.0,CS,78.8,68.16,59.94,81.09,53.57,4.08,90.5,77.5,D,1,82,61.0,78.0,62.0
Female,18.0,Engineering,70.46,54.87,95.02,70.87,77.06,6.46,51.12,60.98,A,1,27,72.0,66.0,81.0
 FEMALE ,23.0,Mathematics,64.26,,90.62,60.25,69.38,1.71,97.07,93.45,B,0,44,27.0,99.0,73.0
Male,18.0,Engineering,54.83,83.9,73.08,60.37,87.5,5.43,53.3,72.21,B,0,66,90.0,98.0,66.0
Female,18.0,CS,60.9,73.99,43.9,88.87,56.48,1.46,95.32,87.27,F,1,67,100.0,82.0,77.0
Female,19.0,Business,52.03,88.19,81.22,60.46,71.68,3.5,80.01,60.77,D,1,44,96.0,89.0,48.0
Male,21.0,CS,74.42,76.92,94.91,88.55,71.28,7.36,88.98,93.09,B,1,89,100.0,70.0,71.0
Female,23.0,CS,58.44,62.31,60.22,59.0,89.56,1.65,78.26,76.52,A,0,41,75.0,66.0,50.0
Male,20.0,Computer Science,89.84,44.9,47.59,68.58,97.08,3.23,51.26,99.75,F,0,83,66.0,72.0,77.0
Male,23.0,Computer Science,92.69,,99.88,95.04,69.47,8.13,63.84,73.86,C,0,71,84.0,100.0,66.0
Female,21.0,Engineering,91.53,40.67,47.03,80.9,56.8,5.21,96.2,67.72,B,1,58,99.0,88.0,73.0
Male,18.0,CS,83.54,96.11,54.6,92.46,75.41,5.63,50.91,59.27,D,0,30,95.0,80.0,76.0
Male,23.0,Business,,49.53,51.39,51.78,76.41,3.41,75.48,84.42,B,1,84,45.0,82.0,53.0
Female,22.0,CS,66.11,48.23,79.24,63.76,54.95,8.47,57.92,66.96,C,0,51,63.0,67.0,67.0
Male,18.0,Engineering,50.17,78.08,80.12,85.84,95.44,1.95,89.01,87.07,A,1,82,59.0,59.0,95.0
Male,19.0,CS,66.71,90.89,44.38,86.52,60.96,2.85,91.71,76.79,F,0,84,69.0,99.0,37.0
Female,22.0, engineering ,61.47,94.17,83.65,66.05,76.5,7.74,90.34,71.53,D,1,80,96.0,66.0,75.0
Female,19.0,Engineering,81.07,96.9,93.67,68.26,83.45,6.67,62.74,91.13,B,0,94,99.0,75.0,47.0
Female,22.0,Business,77.76,97.94,,74.96,61.31,0.93,50.3,52.28,D,0,61,63.0,63.0,36.0
Male,23.0,Mathematics,72.13,95.07,90.66,51.28,52.59,6.03,90.01,81.31,F,0,43,42.0,80.0,89.0
Female,23.0,Engineering,61.18,83.77,44.92,53.67,95.52,8.42,60.12,58.62,A,1,55,62.0,82.0,83.0
Female,,Business,67.61,82.21,53.94,56.24,66.65,1.12,82.43,86.14,A,0,66,56.0,38.0,87.0
Female,19.0,Engineering,88.88,80.49,75.11,53.15,60.43,8.49,97.34,71.55,A,0,65,87.0,89.0,56.0
Female,22.0,CS,93.82,67.2,40.47,99.03,99.27,0.04,74.93,99.15,D,0,60,97.0,85.0,58.0
Male,18.0,Business,83.32,81.43,72.22,93.92,,6.78,94.66,51.26,A,1,54,89.0,67.0,86.0
Female,23.0,Engineering,54.81,72.5,,59.23,98.44,2.24,98.42,60.58,D,0,59,41.0,100.0,52.0
Female,23.0,Engineering,68.79,99.07,69.23,57.28,99.32,0.78,86.69,52.93,A,0,27,74.0,79.0,73.0
Male,21.0,Engineering,66.53,53.57,75.29,88.17,62.18,8.14,71.88,56.75,A,1,31,54.0,77.0,82.0
Male,20.0,Engineering,,81.95,65.18,88.38,89.23,9.11,50.67,78.87,B,1,98,61.0,97.0,62.0
Female,21.0,Engineering,83.42,62.56,58.49,80.88,80.16,7.53,55.68,66.49,A,1,82,63.0,66.0,82.0
Female,23.0,Business,77.55,62.57,61.34,80.31,83.43,9.5,86.15,85.07,B,0,52,31.0,81.0,47.0
Male,19.0,Mathematics,65.39,74.3,95.77,69.73,74.79,0.34,95.25,50.45,C,1,47,49.0,92.0,75.0
Male,21.0,CS,99.04,58.16,40.05,72.23,66.88,9.59,75.4,65.77,C,1,51,65.0,80.0,79.0
Male,20.0,Engineering,83.45,51.2,62.99,69.73,65.67,6.34,99.52,67.32,F,0,65,90.0,86.0,71.0
Female,19.0,CS,66.92,65.05,87.7,62.26,96.3,0.71,56.68,89.4,D,1,61,100.0,77.0,68.0
Female,20.0,CS,98.18,73.17,47.21,54.44,76.73,5.44,87.24,97.08,A,0,77,66.0,98.0,55.0
Male,19.0,CS,93.91,62.24,63.01,66.05,81.69,9.31,56.37,77.8,D,1,64,55.0,74.0,78.0
Female,22.0,CS,87.87,50.45,77.39,73.73,57.62,4.44,89.3,68.5,B,1,92,89.0,100.0,64.0
Female,19.0,Engineering,57.33,45.19,72.3,53.58,96.97,2.56,90.7,64.52,A,0,98,61.0,94.0,33.0
Female,19.0,CS,94.23,67.13,97.56,55.53,94.97,5.37,56.68,80.66,A,0,57,100.0,100.0,86.0
Female,18.0,CS,61.17,43.55,58.06,82.84,71.42,9.26,94.78,91.42,B,1,50,60.0,81.0,51.0
Male,22.0,CS,94.01,49.38,72.55,87.75,57.01,1.25,68.34,54.61,A,1,87,79.0,98.0,84.0
Female,18.0,CS,54.3,65.69,79.71,77.61,69.67,4.58,97.34,69.32,B,0,57,90.0,99.0,51.0
Male,22.0,Business,65.19,53.99,42.4,85.02,94.54,4.82,58.06,56.7,A,0,93,59.0,53.0,76.0
Female,22.0,Engineering,76.08,93.34,55.75,60.79,98.25,0.27,52.13,83.08,C,0,60,88.0,98.0,97.0
Female,23.0,Engineering,82.92,69.13,72.78,96.15,69.55,6.76,65.06,92.58,C,1,98,58.0,62.0,57.0
Female,21.0,Engineering,69.3,64.6,90.9,80.46,83.01,1.23,68.97,54.89,F,1,57,66.0,78.0,93.0
Male,20.0,Engineering,69.14,81.2,64.83,70.73,93.0,3.29,66.94,55.86,D,1,60,54.0,90.0,63.0
Male,19.0,Business,50.78,86.99,47.64,60.61,,4.15,73.21,54.38,A,0,27,72.0,74.0,66.0
Male,20.0,Engineering,63.61,69.54,,56.31,62.19,9.23,84.15,50.98,D,0,66,89.0,90.0,88.0
Male,20.0,BUSINESS,53.57,79.78,84.11,84.83,83.22,0.28,69.15,73.86,B,0,68,77.0,80.0,90.0
Male,21.0,Engineering,95.33,69.03,41.71,90.83,61.08,0.23,64.74,52.51,F,0,82,64.0,53.0,63.0
Female,19.0,Mathematics,70.71,95.03,56.35,78.52,70.13,2.4,87.99,90.19,D,0,54,54.0,77.0,76.0
Male,22.0,Business,64.26,60.95,70.57,54.86,66.69,2.04,73.81,96.25,B,0,62,87.0,85.0,69.0
Male,21.0,Mathematics,56.6,45.9,73.18,75.84,66.44,7.08,88.08,55.74,D,1,54,48.0,80.0,82.0
Female,21.0,Engineering,51.18,97.37,77.94,76.42,50.08,9.96,50.05,72.9,A,1,79,51.0,62.0,71.0
Female,19.0,CS,84.46,57.55,90.23,91.98,63.61,6.57,52.03,81.15,A,1,74,52.0,75.0,90.0
Male,18.0,CS,71.68,48.01,41.66,65.08,68.8,7.44,91.43,71.09,C,0,67,100.0,72.0,94.0
Male,20.0,Business,75.51,75.99,57.43,66.7,98.12,8.29,53.9,59.95,B,0,100,85.0,78.0,70.0
Female,19.0,Mathematics,92.2,99.83,73.2,94.47,62.12,4.92,55.63,88.6,B,0,76,91.0,67.0,84.0
Female,18.0,Engineering,98.91,49.38,96.1,51.94,66.2,1.88,79.73,67.54,A,0,58,58.0,57.0,81.0
 MALE ,23.0,CS,60.31,46.12,79.4,75.49,65.83,2.96,84.98,61.79,B,0,74,90.0,65.0,60.0
Female,21.0,CS,96.8,96.07,61.7,81.83,68.05,5.76,82.44,81.15,C,1,51,85.0,65.0,71.0
Male,21.0,Engineering,65.89,82.06,57.4,56.09,52.7,6.25,50.97,88.64,A,0,51,86.0,96.0,97.0
Male,22.0,CS,99.93,75.57,87.73,73.0,58.46,8.39,82.99,87.31,B,1,63,51.0,62.0,81.0
Male,20.0,BUSINESS,57.17,48.73,54.48,60.26,58.2,4.02,64.38,85.7,B,0,53,65.0,58.0,54.0
Male,23.0,Mathematics,69.63,69.85,88.24,82.47,97.58,7.79,52.35,73.0,B,0,63,44.0,75.0,77.0
Male,18.0,CS,71.55,80.71,91.89,89.44,85.02,6.06,95.55,90.69,A,1,48,81.0,86.0,90.0
Male,21.0,Engineering,96.55,43.14,75.86,,97.48,2.94,97.35,86.81,B,0,80,86.0,63.0,36.0
Male,23.0,CS,98.59,74.91,62.13,52.5,79.88,6.82,96.95,72.87,A,0,87,79.0,49.0,83.0
Male,22.0,Engineering,56.14,64.72,58.65,57.21,94.67,5.64,83.39,71.55,D,0,82,85.0,85.0,65.0
Male,18.0,Computer Science,99.98,76.74,45.63,76.0,77.43,1.89,56.12,73.74,C,0,30,72.0,65.0,60.0
Female,23.0,Engineering,61.27,74.22,81.59,81.52,62.89,5.25,93.03,67.26,A,0,92,56.0,100.0,71.0
Female,23.0,CS,67.88,87.05,89.79,94.77,71.34,4.52,75.39,62.81,C,1,54,89.0,51.0,42.0
Male,22.0,Mathematics,79.41,40.13,59.4,94.91,57.83,5.19,74.02,52.33,B,1,47,50.0,56.0,62.0
Male,18.0,CS,94.66,74.87,42.95,51.54,92.89,4.12,90.23,78.11,C,0,67,100.0,59.0,88.0
Male,21.0,CS,80.51,83.72,62.39,56.27,92.08,0.91,88.02,57.35,B,0,72,68.0,98.0,61.0
Female,21.0,CS,68.03,74.19,90.39,60.82,89.27,7.8,78.88,79.46,D,0,38,100.0,58.0,90.0
Male,22.0,CS,77.12,76.56,88.09,61.67,50.78,2.24,75.12,85.48,A,1,52,83.0,67.0,78.0
Male,23.0,Engineering,96.24,55.44,95.33,72.18,97.2,9.0,90.89,72.29,B,0,27,74.0,83.0,71.0
Male,20.0,Engineering,82.29,50.76,99.74,56.53,76.01,4.7,93.63,95.09,A,1,42,39.0,90.0,63.0
Female,20.0,CS,85.4,41.73,74.73,96.14,90.47,9.75,67.66,77.58,D,1,65,73.0,75.0,86.0
Female,18.0,Engineering,52.88,75.67,84.16,93.88,,9.36,90.75,81.21,C,0,89,84.0,100.0,68.0
Male,21.0,CS,74.84,49.18,68.13,,90.31,6.13,73.74,78.83,C,1,61,33.0,92.0,56.0
Male,19.0,CS,50.4,89.5,95.87,74.05,90.33,5.27,53.21,72.98,D,0,70,80.0,90.0,69.0
Female,22.0,CS,74.69,65.68,65.63,52.22,76.33,2.55,67.33,84.14,C,1,89,67.0,71.0,95.0
Male,19.0,Engineering,93.78,85.57,42.84,79.68,60.6,4.66,65.3,73.38,F,0,75,56.0,63.0,50.0
Male,18.0,CS,60.7,50.37,79.58,,96.27,9.13,67.18,91.76,A,0,64,48.0,100.0,88.0
Male,20.0,Engineering,62.81,53.12,64.91,56.19,50.28,3.9,72.24,90.54,A,1,62,88.0,74.0,25.0
Male,19.0,CS,75.31,99.77,46.31,72.09,77.98,6.22,52.6,87.58,B,1,81,87.0,54.0,74.0
Female,20.0,CS,93.51,40.14,77.87,71.3,62.34,1.23,82.04,90.59,B,0,76,97.0,46.0,64.0
Male,21.0,CS,88.97,64.34,62.7,87.14,69.48,5.19,74.73,96.74,A,0,64,66.0,84.0,80.0
Female,23.0,Mathematics,93.94,58.54,72.38,59.81,81.6,3.12,,63.13,B,1,55,100.0,83.0,96.0
Female,23.0,Engineering,55.11,77.92,41.1,77.36,75.58,5.67,99.91,70.81,C,0,97,33.0,59.0,50.0
Female,21.0,Business,83.45,56.26,90.07,53.14,92.16,5.71,71.13,58.61,D,1,86,80.0,28.0,82.0
Female,19.0,Business,82.07,97.02,91.23,56.66,54.12,7.39,64.11,87.5,B,1,39,65.0,39.0,26.0
Male,20.0,CS,87.62,48.51,69.52,60.35,94.68,6.48,55.26,74.93,B,1,60,27.0,97.0,34.0
Male,20.0,Business,53.49,89.87,63.99,67.95,63.0,6.66,92.76,84.34,C,0,63,78.0,88.0,83.0
Female,20.0,Engineering,91.03,44.75,67.93,69.05,76.34,3.85,91.71,98.5,D,0,27,58.0,59.0,94.0
Male,22.0,CS,65.23,42.15,79.26,56.5,52.15,7.55,58.82,92.9,B,0,50,78.0,51.0,37.0
Female,23.0,Engineering,74.86,63.55,91.38,60.21,89.7,1.92,99.52,70.78,B,0,47,73.0,100.0,80.0
Male,20.0,Engineering,99.02,48.86,66.05,65.11,56.66,9.72,51.02,88.89,D,0,60,77.0,91.0,53.0
Female,18.0,Business,74.03,66.86,40.14,94.31,78.78,5.84,86.22,76.01,C,1,60,38.0,82.0,70.0
Female,20.0,CS,62.21,65.23,46.25,86.44,91.83,7.28,71.64,80.74,C,0,84,49.0,74.0,61.0
Male,21.0,Engineering,86.83,70.57,62.96,82.53,83.13,5.57,77.02,77.73,B,1,43,100.0,70.0,100.0
Male,22.0,Business,99.01,93.66,92.49,72.64,60.39,6.44,57.57,58.6,A,0,73,87.0,79.0,45.0
Male,19.0,Business,75.2,72.22,58.0,99.29,69.6,9.61,63.7,57.26,F,1,27,70.0,56.0,68.0
Female,23.0,CS,88.19,59.97,80.75,94.1,66.78,4.62,50.11,56.57,C,1,72,81.0,83.0,75.0
Female,20.0,Business,93.19,90.44,,99.44,64.07,7.34,58.6,76.07,C,0,37,82.0,72.0,36.0
Female,19.0,Mathematics,81.34,94.01,75.38,95.03,94.08,7.2,76.69,89.04,A,0,61,75.0,73.0,72.0
Female,19.0,CS,76.16,96.69,49.15,80.17,71.44,2.81,56.19,72.41,F,0,61,67.0,90.0,53.0
Male,23.0,CS,78.53,54.79,78.82,50.64,51.29,5.13,90.75,76.63,C,0,82,59.0,85.0,61.0
Female,21.0,Business,,78.46,68.11,87.32,,4.07,64.51,54.9,B,1,83,48.0,35.0,83.0
Female,22.0,CS,59.68,69.23,68.8,58.72,,7.24,69.08,65.4,C,0,70,72.0,95.0,97.0
Male,22.0,Business,76.07,77.82,41.17,68.51,70.71,8.98,74.59,84.21,D,1,67,36.0,87.0,69.0
Male,18.0,CS,57.31,88.46,83.33,84.71,74.19,2.68,50.49,95.37,A,0,78,100.0,83.0,76.0
Female,21.0,Engineering,67.63,97.27,99.73,87.37,85.13,3.78,67.16,64.1,F,0,64,53.0,100.0,71.0
Male,18.0,Business,69.48,57.78,59.4,76.98,70.33,0.28,,53.33,A,0,28,93.0,47.0,82.0
Female,20.0,Mathematics,54.21,98.49,43.8,67.72,91.95,4.89,52.84,59.37,F,0,59,75.0,68.0,36.0
Female,18.0,CS,96.67,44.46,92.39,84.68,77.85,6.61,83.42,69.84,C,1,27,77.0,100.0,53.0
Female,20.0,Computer Science,63.25,45.12,79.46,83.88,99.03,5.84,76.03,52.74,A,1,87,40.0,91.0,81.0
Male,21.0,Computer Science,96.57,70.25,70.67,59.94,56.3,9.15,93.48,79.53,A,0,72,100.0,100.0,74.0
Female,18.0,Engineering,84.5,54.84,72.74,83.78,98.59,3.25,84.2,58.01,D,1,73,100.0,74.0,53.0
Female,22.0,CS,57.21,42.59,81.76,57.97,71.61,0.1,63.07,68.64,D,0,51,23.0,94.0,41.0
Male,19.0,Mathematics,79.94,74.99,86.04,59.91,83.95,8.28,61.97,69.96,B,1,31,60.0,84.0,64.0
Female,23.0,Engineering,69.25,97.09,96.37,65.31,67.99,0.44,53.08,89.96,B,0,29,29.0,50.0,64.0
Male,18.0,Mathematics,72.58,57.76,96.57,85.15,78.98,1.85,,77.03,A,0,73,73.0,65.0,68.0
Male,21.0,CS,85.84,93.06,53.09,59.75,80.31,8.72,96.36,87.19,D,0,86,44.0,89.0,33.0
Female,22.0,Business,58.51,46.1,90.71,82.36,94.96,2.29,50.87,87.48,F,0,33,39.0,70.0,79.0
Male,21.0,CS,98.81,53.82,78.17,52.37,96.37,4.25,74.19,81.08,A,0,27,100.0,87.0,81.0
Male,21.0,Engineering,56.76,43.61,52.13,83.1,56.59,2.3,56.49,88.96,C,1,84,36.0,98.0,69.0
Female,20.0,Business,89.28,96.68,52.42,60.45,50.9,3.9,88.57,58.99,B,1,50,81.0,46.0,71.0
Female,21.0,Business,94.85,93.17,65.62,56.02,57.73,7.47,91.35,56.86,A,0,65,62.0,61.0,85.0
Female,,Engineering,92.12,77.5,44.62,93.04,72.38,7.64,99.89,94.58,D,1,75,76.0,78.0,34.0
Male,21.0,CS,54.9,80.01,78.43,73.7,81.49,1.33,72.23,63.6,D,0,66,77.0,76.0,54.0
Female,22.0,Mathematics,98.52,79.07,78.3,69.8,80.75,6.87,66.37,89.12,D,0,63,32.0,88.0,100.0
Female,19.0,CS,94.65,54.49,98.3,98.89,79.63,9.38,70.24,60.03,C,1,57,64.0,86.0,58.0
Female,22.0,Engineering,99.14,59.28,62.59,99.01,,3.57,58.73,78.89,A,0,78,69.0,39.0,88.0
Male,22.0,Engineering,83.05,60.14,87.84,77.69,56.73,9.75,72.8,96.51,A,0,76,75.0,70.0,88.0
Female,20.0,Engineering,99.94,47.31,73.44,,84.47,5.51,84.43,60.1,A,0,58,87.0,68.0,60.0
Male,19.0,Mathematics,90.21,82.92,59.32,84.95,85.23,7.76,90.58,72.71,D,1,85,75.0,82.0,84.0
Female,23.0,Business,67.9,40.52,45.74,74.04,55.21,6.88,52.18,65.74,A,0,86,76.0,66.0,73.0
Female,18.0,Engineering,59.95,46.81,90.0,83.1,69.81,9.38,,57.01,A,1,62,79.0,83.0,79.0
Male,21.0,CS,63.42,79.24,41.14,97.1,67.99,9.62,89.75,55.65,C,0,62,49.0,82.0,71.0
Male,21.0,CS,99.32,42.53,98.19,96.02,64.75,2.22,90.94,53.13,A,0,65,76.0,100.0,76.0
Male,21.0,CS,95.37,59.72,76.91,,81.29,2.87,61.05,85.08,B,0,61,57.0,52.0,43.0
Female,20.0,CS,80.48,53.69,73.5,80.42,66.85,9.92,96.14,55.97,A,0,54,31.0,67.0,35.0
Male,21.0,Engineering,88.3,78.09,58.54,73.7,72.79,0.7,69.57,84.78,D,1,56,69.0,93.0,39.0
Male,19.0,CS,89.38,54.43,45.1,57.95,71.4,6.18,90.21,52.9,C,0,80,74.0,72.0,77.0
Female,20.0,CS,58.19,90.73,52.72,92.82,54.33,7.75,76.49,81.93,B,0,77,50.0,50.0,76.0
Female,18.0,Engineering,77.99,98.61,40.38,95.38,67.3,8.78,52.68,69.87,D,0,37,63.0,61.0,71.0
Male,23.0,CS,86.3,50.91,62.19,62.03,72.91,6.83,66.34,79.75,D,0,46,63.0,96.0,90.0
Female,21.0,Engineering,51.24,54.06,96.34,88.76,58.99,0.11,78.89,69.98,A,1,27,68.0,75.0,63.0
Female,20.0,Engineering,54.3,77.36,40.96,81.38,78.66,6.64,84.6,53.33,A,0,73,65.0,74.0,36.0
Female,22.0,Engineering,59.95,49.86,89.19,79.42,99.19,9.09,76.66,55.96,D,0,83,67.0,100.0,70.0
Male,18.0,Business,74.3,42.18,40.33,66.62,92.91,3.72,74.64,73.96,F,0,89,56.0,71.0,70.0
Female,22.0, engineering ,62.05,53.85,90.49,60.22,68.28,4.7,76.64,70.06,A,1,54,92.0,76.0,86.0
Male,19.0,CS,67.63,48.48,69.62,99.42,74.21,1.9,52.08,69.22,F,1,79,79.0,79.0,66.0
Female,18.0,CS,76.31,90.19,77.44,51.28,64.68,0.4,,89.06,A,1,92,58.0,62.0,58.0
Female,18.0,CS,74.41,46.73,46.11,52.25,91.61,1.95,69.85,59.35,B,1,100,68.0,97.0,73.0
Male,20.0,Engineering,82.53,95.41,77.92,71.41,61.31,9.6,52.06,84.48,B,0,81,23.0,78.0,40.0
Female,23.0,Engineering,95.31,81.44,44.55,84.55,95.95,5.67,93.12,70.51,B,0,89,70.0,70.0,32.0
Female,22.0,CS,69.95,43.99,88.32,52.33,61.42,6.77,61.09,87.03,F,0,84,33.0,100.0,49.0
Male,18.0,CS,59.96,51.27,78.99,66.73,73.48,4.24,68.62,61.77,A,1,44,54.0,60.0,75.0
Male,19.0,Engineering,58.55,95.99,53.62,80.94,74.58,2.16,73.26,84.55,B,0,83,52.0,93.0,64.0
Female,19.0,BUSINESS,99.66,67.69,56.67,65.14,66.04,9.86,64.78,76.78,B,0,57,87.0,96.0,67.0
Male,22.0,Business,68.47,93.3,62.46,77.57,79.06,2.15,89.17,94.02,B,1,83,76.0,85.0,86.0
Female,22.0,Mathematics,57.06,50.52,85.46,68.37,73.67,1.48,80.39,69.51,F,0,52,78.0,66.0,73.0
Male,22.0,Mathematics,87.38,70.4,52.17,66.61,77.24,5.14,51.5,99.33,F,0,100,84.0,77.0,100.0
Male,21.0,CS,76.4,97.3,71.78,72.42,75.03,7.97,,94.4,D,0,85,52.0,78.0,72.0
Male,21.0,Business,76.7,92.84,42.31,83.63,90.16,1.72,67.69,71.43,C,1,72,46.0,83.0,87.0
Male,21.0,CS,79.18,66.44,81.6,63.45,88.57,2.88,63.12,71.34,D,1,72,54.0,79.0,58.0
Male,19.0,Business,95.14,59.18,,71.97,59.24,4.11,59.46,69.48,F,1,63,83.0,60.0,75.0
Male,21.0,Mathematics,59.68,84.54,43.11,79.49,96.83,3.69,76.89,70.4,B,1,58,95.0,79.0,63.0
Female,19.0,CS,56.47,79.23,57.57,63.44,87.33,8.89,50.67,69.4,C,1,35,85.0,93.0,75.0
Female,20.0,Engineering,84.11,59.79,76.98,75.69,57.07,4.9,92.49,97.11,D,1,94,52.0,90.0,53.0
Male,18.0,Engineering,84.7,78.4,40.96,69.3,94.75,1.88,73.38,58.24,D,0,51,85.0,76.0,37.0
Female,18.0,CS,80.12,59.67,88.91,62.4,57.71,5.65,51.78,80.69,C,0,54,95.0,96.0,96.0
Female,22.0,Mathematics,80.16,97.27,63.63,84.87,79.72,9.65,73.97,55.09,F,1,50,47.0,70.0,81.0
Male,22.0,Engineering,79.6,50.01,91.49,89.72,98.74,6.55,93.71,98.74,C,0,74,53.0,62.0,80.0
Male,18.0, engineering ,86.49,83.32,86.47,90.86,59.51,5.47,63.79,98.33,D,1,76,49.0,67.0,49.0
Female,22.0,CS,89.07,40.72,88.1,68.53,97.47,1.18,66.35,79.81,F,1,54,56.0,90.0,75.0
Male,20.0,Engineering,62.95,75.0,78.52,88.6,72.63,5.52,50.71,78.05,A,1,56,76.0,75.0,84.0
Male,,Business,86.4,84.4,52.64,66.95,96.27,,70.51,62.03,D,0,56,78.0,100.0,76.0
Male,20.0,CS,50.14,92.43,47.51,95.9,65.05,2.78,64.0,94.67,A,0,43,98.0,100.0,77.0
Female,23.0,CS,69.0,78.68,73.16,91.11,62.91,1.23,94.75,71.93,A,0,54,100.0,97.0,76.0
Male,23.0,CS,75.56,90.53,72.41,73.81,92.07,4.84,51.53,75.32,B,1,27,49.0,44.0,59.0
Female,18.0,Engineering,83.58,62.44,80.93,89.53,76.91,3.99,62.29,88.3,F,0,95,71.0,56.0,74.0
Male,21.0,CS,74.11,85.18,51.45,73.85,82.02,0.97,54.92,57.73,B,1,69,100.0,76.0,78.0
Male,20.0,CS,97.2,92.19,85.28,92.52,98.54,5.35,71.34,76.11,C,0,81,49.0,66.0,46.0
Male,23.0,CS,70.88,50.96,68.62,98.78,95.03,1.48,84.86,86.95,B,1,82,54.0,98.0,87.0
Female,20.0,Mathematics,74.38,73.08,43.42,97.36,92.39,0.17,53.62,70.85,A,1,84,62.0,86.0,62.0
Female,19.0,Business,92.3,92.72,89.62,89.39,77.79,9.59,56.75,81.7,A,1,88,47.0,59.0,66.0
Male,22.0,Business,81.64,49.31,89.25,74.33,74.31,9.58,83.51,50.19,A,1,61,73.0,69.0,78.0
Male,18.0,CS,52.15,93.06,86.81,61.38,67.31,9.85,51.04,55.14,B,1,49,96.0,75.0,72.0
Female,18.0,Mathematics,87.48,49.3,,59.46,60.33,6.5,81.02,78.85,A,0,73,23.0,100.0,49.0
Female,23.0,Engineering,66.81,71.48,66.91,89.57,55.98,7.16,50.07,91.64,A,0,46,60.0,84.0,40.0
Female,19.0,Engineering,98.06,50.1,41.91,78.2,61.47,9.38,74.68,50.31,D,1,92,80.0,73.0,63.0
Male,,Business,67.73,42.65,83.08,66.23,85.49,0.21,81.28,94.45,A,0,43,79.0,85.0,83.0
Female,18.0,CS,74.12,84.61,47.53,84.86,99.57,8.07,57.4,60.78,F,0,79,49.0,100.0,42.0
Male,22.0,Business,62.16,62.96,96.53,68.41,92.27,0.07,55.32,85.6,C,1,53,55.0,85.0,67.0
Female,23.0,CS,87.64,57.5,40.99,93.07,92.54,3.66,67.32,60.63,A,1,76,82.0,87.0,96.0
Male,20.0,Engineering,92.77,71.87,58.67,81.09,65.96,1.02,61.88,77.67,B,0,62,88.0,65.0,79.0
Male,19.0,CS,86.63,52.45,54.88,51.47,71.47,3.7,54.85,78.16,B,0,66,100.0,71.0,50.0
Female,18.0,CS,79.22,93.45,43.39,76.8,76.52,2.39,70.39,79.65,B,1,63,100.0,72.0,79.0
Male,18.0,Business,52.48,63.04,48.66,84.78,61.26,6.06,91.2,85.82,F,0,32,93.0,62.0,95.0
Male,18.0,Business,85.16,56.19,88.86,96.52,58.19,5.25,95.29,90.77,B,0,54,45.0,57.0,40.0
Female,22.0,CS,91.3,87.01,81.71,67.4,82.47,2.63,62.92,77.58,B,0,30,69.0,60.0,31.0
Male,18.0,CS,67.5,84.12,57.41,70.37,57.82,4.13,63.06,80.6,B,0,64,62.0,87.0,58.0
Female,23.0,Engineering,95.24,68.52,64.39,96.47,50.41,9.45,85.22,55.49,D,0,59,56.0,75.0,71.0
Female,18.0,Engineering,59.46,66.4,78.69,97.44,80.41,2.35,75.51,66.54,B,0,72,42.0,76.0,68.0
Female,23.0,CS,89.97,41.32,98.0,74.46,87.33,3.43,62.91,63.33,B,0,68,89.0,68.0,87.0
Male,20.0,Business,80.2,96.8,97.98,50.25,52.31,7.57,85.89,65.65,D,0,87,60.0,85.0,82.0
Male,21.0,CS,86.9,77.17,97.32,97.99,97.76,6.45,68.43,91.3,F,1,62,49.0,83.0,63.0
Male,18.0,Engineering,84.62,64.05,54.77,57.17,80.37,1.56,88.95,80.09,B,0,59,57.0,65.0,95.0
Female,22.0,Computer Science,72.22,47.75,73.96,54.14,66.44,9.54,71.83,83.97,D,0,69,82.0,59.0,75.0
Female,20.0,Computer Science,98.31,56.87,94.23,90.26,76.2,9.61,85.85,72.73,B,1,76,81.0,84.0,70.0
Male,23.0,Engineering,66.33,50.37,81.25,64.9,66.64,1.12,87.66,55.42,D,0,27,39.0,82.0,35.0
Female,18.0,Mathematics,74.72,,57.52,52.44,63.63,5.06,66.64,75.07,A,0,93,50.0,82.0,65.0
Male,21.0,CS,92.25,85.26,86.51,78.85,97.91,0.67,84.14,56.32,D,0,82,81.0,70.0,97.0
Male,20.0,CS,84.17,74.54,65.61,97.8,98.1,5.49,91.36,81.26,C,0,60,74.0,79.0,70.0
Male,23.0,CS,80.62,45.6,68.39,,91.64,5.21,62.92,68.64,F,0,79,60.0,87.0,91.0
Male,22.0,Mathematics,85.59,96.83,93.16,51.09,51.32,2.88,51.81,53.06,B,1,84,100.0,100.0,72.0
Female,19.0,Mathematics,95.59,41.8,45.81,55.08,56.17,3.98,69.68,99.74,F,0,68,84.0,97.0,68.0
Female,18.0,Engineering,62.64,46.17,61.66,65.45,,9.95,65.59,93.85,F,1,39,85.0,79.0,83.0
Female,23.0,Engineering,78.39,45.3,68.79,82.6,60.03,3.65,59.15,65.02,A,0,90,61.0,78.0,65.0
Female,23.0,Engineering,84.43,90.69,58.13,70.73,65.09,9.54,89.05,74.11,C,0,49,65.0,85.0,66.0
Male,21.0,Business,62.85,65.97,69.63,88.13,74.04,9.24,68.23,96.86,A,1,36,94.0,73.0,79.0
Female,20.0, engineering ,87.18,82.08,42.0,95.63,54.71,5.01,87.21,91.25,C,1,71,100.0,41.0,66.0
Male,18.0,CS,82.74,56.79,59.95,51.01,80.04,1.66,72.14,77.52,D,0,71,70.0,87.0,84.0
Male,21.0,Engineering,75.46,55.25,93.32,90.65,,3.68,71.49,62.75,F,0,78,76.0,70.0,79.0
Female,23.0,Engineering,75.72,42.2,40.41,73.49,96.98,7.78,68.88,72.56,B,0,74,62.0,89.0,70.0
Male,21.0,CS,81.4,40.95,58.65,64.67,70.39,8.55,67.27,75.59,B,1,59,28.0,99.0,33.0
Female,19.0,Engineering,63.61,69.29,59.3,68.15,99.29,2.7,87.21,64.69,A,1,31,44.0,65.0,89.0
Male,20.0,CS,93.07,96.79,90.34,56.23,85.49,5.25,65.72,77.79,F,0,57,94.0,65.0,57.0
Male,19.0,CS,60.59,77.96,62.81,65.83,71.49,9.18,84.19,87.38,F,0,95,60.0,98.0,65.0
Female,22.0,CS,87.59,42.18,80.58,97.0,81.23,6.25,89.03,50.49,C,1,81,58.0,69.0,91.0
Male,18.0,CS,86.54,73.05,90.38,,93.36,9.89,56.78,80.61,B,0,73,69.0,67.0,58.0
Female,19.0,CS,97.66,72.3,44.08,87.79,76.43,6.74,78.44,96.89,A,0,52,79.0,79.0,75.0
Female,21.0,Engineering,94.76,87.23,68.64,52.03,71.14,5.73,95.12,74.89,A,0,60,38.0,68.0,65.0
Female,23.0,Business,65.58,97.06,73.84,77.69,87.94,6.88,75.33,90.39,F,1,94,100.0,73.0,74.0
Female,23.0,Engineering,91.33,42.06,63.44,91.82,88.38,7.41,57.7,80.42,C,1,68,64.0,68.0,90.0
Male,19.0,CS,78.75,,95.73,97.63,51.72,1.26,80.86,77.14,B,1,42,48.0,76.0,48.0
Male,18.0,CS,53.04,64.99,55.98,,98.07,1.69,61.86,93.63,D,0,71,53.0,94.0,76.0
Male,19.0,Engineering,76.86,90.04,40.8,72.02,65.25,9.9,95.89,90.12,A,1,72,81.0,100.0,78.0
 FEMALE ,23.0,CS,,75.01,65.32,78.6,87.1,4.04,59.58,98.91,F,1,100,69.0,57.0,84.0
Female,22.0,Engineering,60.45,70.13,47.17,63.6,64.74,5.25,94.46,59.93,F,0,76,97.0,99.0,75.0
Male,18.0,CS,50.85,83.93,91.7,64.97,84.66,0.96,53.06,84.09,B,1,62,46.0,98.0,65.0
Male,22.0,Engineering,82.69,68.95,94.11,93.95,81.91,5.96,52.94,97.28,A,1,57,23.0,100.0,77.0
Male,22.0,Mathematics,98.58,52.94,64.29,90.15,93.83,2.07,98.88,52.59,B,0,27,72.0,95.0,77.0
Male,18.0,Business,95.13,60.07,52.14,51.94,76.31,4.8,69.79,73.21,C,0,67,75.0,55.0,66.0
Female,19.0,Mathematics,54.53,71.0,81.01,96.34,88.06,3.29,66.89,90.07,A,0,93,100.0,93.0,53.0
Male,21.0,Engineering,94.22,75.21,63.52,85.65,79.2,5.08,92.49,89.39,F,0,36,86.0,97.0,84.0
Male,21.0,Business,83.74,88.31,98.16,,92.96,5.31,76.15,87.6,B,0,67,89.0,94.0,81.0
Male,23.0,Engineering,79.06,80.9,81.4,94.02,87.05,6.59,79.92,87.68,F,1,45,52.0,82.0,87.0
Male,20.0,Business,54.87,56.46,42.85,59.68,75.08,4.11,76.43,68.83,B,1,59,52.0,74.0,71.0
Male,22.0,Business,69.89,95.9,70.11,74.33,50.53,9.62,66.56,76.6,A,0,68,81.0,69.0,40.0
Male,18.0,Engineering,55.18,44.1,56.59,88.25,53.41,7.73,55.84,86.18,C,1,28,59.0,100.0,78.0
Female,20.0,Mathematics,67.96,63.05,48.61,61.16,58.49,0.49,84.95,86.3,A,1,55,59.0,79.0,81.0
 MALE ,21.0,Mathematics,91.15,54.24,89.28,76.76,71.91,4.78,51.65,89.48,C,1,59,67.0,69.0,62.0
Female,21.0,Engineering,64.9,61.8,93.26,68.21,95.85,5.88,73.53,58.42,A,0,96,58.0,73.0,57.0
Male,22.0,Mathematics,97.12,94.26,49.06,63.27,99.01,1.13,81.56,64.56,A,0,35,100.0,50.0,62.0
Female,23.0,CS,95.69,41.81,98.39,87.25,,5.9,98.92,80.89,B,1,85,80.0,78.0,49.0
Male,18.0,CS,72.7,49.92,93.96,99.93,77.19,9.18,63.31,98.91,B,0,56,100.0,63.0,78.0
Female,18.0,CS,50.69,67.89,87.63,94.35,58.37,5.65,57.5,77.28,C,1,53,86.0,75.0,53.0
Male,20.0,Engineering,63.62,95.9,80.5,98.88,96.28,0.72,56.47,71.3,D,0,82,68.0,87.0,93.0
Male,18.0,CS,95.55,70.77,84.76,93.95,95.6,8.18,95.35,84.47,F,0,73,89.0,100.0,75.0
Male,19.0,Business,,89.37,66.71,74.12,89.23,8.64,91.83,81.81,C,0,78,70.0,89.0,100.0
Female,19.0,Business,98.21,68.66,87.49,76.75,82.4,,53.74,52.33,B,0,81,69.0,88.0,76.0
Female,19.0,CS,63.01,67.48,73.53,81.9,73.05,3.74,86.64,65.07,D,0,56,67.0,52.0,70.0
Male,19.0,Mathematics,84.66,60.15,60.74,76.62,63.5,6.01,79.56,91.25,A,1,86,88.0,79.0,70.0
Male,19.0, engineering ,80.64,88.38,43.77,54.21,93.89,8.0,69.24,76.59,A,1,73,77.0,91.0,60.0
Male,20.0,CS,58.97,94.19,81.94,69.64,85.05,2.56,59.04,73.48,F,0,54,33.0,82.0,56.0
Male,19.0,Engineering,89.68,94.96,85.74,87.21,76.65,7.03,90.48,71.22,B,0,62,75.0,87.0,54.0
Male,21.0,Engineering,63.61,44.51,68.08,97.35,90.24,6.09,95.67,55.81,C,1,67,63.0,73.0,66.0
Female,21.0, engineering ,68.29,48.0,68.78,93.05,56.45,6.17,78.68,83.43,A,0,45,76.0,41.0,75.0
Male,18.0,Engineering,75.15,63.71,75.15,84.32,51.39,2.23,77.68,79.69,C,0,68,70.0,83.0,61.0
Female,18.0,Business,83.74,75.25,96.13,68.14,99.61,6.12,69.78,55.3,A,0,55,73.0,88.0,77.0
Female,18.0,Business,88.29,93.72,75.41,63.81,94.06,6.18,50.46,56.72,D,0,69,74.0,100.0,59.0
Male,21.0,CS,76.1,89.83,58.2,54.63,91.56,0.15,81.61,87.44,F,1,86,64.0,90.0,72.0
Male,18.0,Engineering,66.83,98.87,46.75,86.66,57.68,8.8,58.74,74.42,F,0,75,78.0,81.0,52.0
Female,21.0,Business,93.45,61.38,79.57,76.63,64.41,7.68,70.16,97.68,F,0,72,96.0,94.0,84.0
Female,20.0,CS,59.28,46.26,72.59,69.35,84.79,9.45,83.7,53.87,A,0,71,54.0,66.0,74.0
Female,20.0,Business,79.82,93.88,94.97,85.24,88.79,6.22,80.31,51.92,B,0,67,75.0,70.0,64.0
Male,21.0,Business,97.55,88.19,74.05,86.64,75.66,6.87,60.06,80.32,D,0,100,72.0,51.0,43.0
Female,18.0,Mathematics,61.27,96.4,57.35,68.32,90.87,0.62,60.88,94.59,D,0,68,92.0,95.0,97.0
Female,21.0,Engineering,74.56,90.67,59.14,83.57,68.61,0.16,68.63,56.74,F,0,48,55.0,50.0,100.0
Male,19.0,CS,85.6,65.26,77.92,59.51,98.45,8.68,78.41,66.88,F,1,43,100.0,89.0,86.0
Male,19.0,CS,94.26,77.58,,78.69,92.37,6.48,74.79,90.74,B,0,63,98.0,92.0,79.0
Male,23.0,CS,57.96,60.63,56.8,57.86,69.45,9.33,97.8,67.89,A,0,75,54.0,53.0,63.0
Male,20.0,Mathematics,82.44,72.01,,62.35,97.32,4.93,67.36,90.72,D,1,56,64.0,90.0,30.0
Female,20.0,Business,51.61,79.6,,83.38,85.9,1.19,90.12,58.25,D,1,52,95.0,71.0,83.0
Male,20.0,CS,53.07,60.9,49.27,64.25,53.47,0.87,58.03,80.66,D,1,57,88.0,54.0,71.0
Female,18.0,CS,69.86,96.74,64.3,82.61,79.94,7.79,70.75,93.62,F,0,61,69.0,70.0,88.0
Female,22.0,Business,61.26,65.18,46.01,74.44,77.82,7.35,82.87,52.64,A,1,45,70.0,71.0,100.0
Male,21.0,CS,55.03,71.79,57.68,97.16,63.21,,75.94,61.64,F,0,100,51.0,47.0,70.0
Male,21.0,BUSINESS,80.49,78.9,75.92,52.45,87.34,5.27,96.46,64.88,A,0,45,64.0,73.0,97.0
Female,18.0,CS,76.3,80.6,47.23,92.09,50.79,1.79,,92.24,F,1,68,76.0,96.0,70.0
Female,21.0,CS,52.04,53.54,78.84,63.79,61.87,3.99,97.34,82.5,C,0,45,46.0,88.0,55.0
Male,18.0,Engineering,63.92,49.0,78.22,54.04,53.72,3.41,62.03,69.74,C,0,65,100.0,73.0,83.0
Male,22.0,CS,58.03,99.12,58.44,89.12,84.54,9.44,65.03,55.26,D,0,53,74.0,80.0,71.0
Female,22.0,Business,70.3,90.19,61.32,56.11,50.87,2.07,50.88,67.91,B,0,47,72.0,87.0,67.0
Male,23.0,CS,99.08,97.58,68.56,60.14,78.91,4.61,78.65,86.93,B,0,90,63.0,60.0,59.0
Male,19.0,CS,75.42,74.73,95.33,86.4,53.15,8.42,75.25,71.58,A,1,57,70.0,67.0,77.0
Female,18.0,Computer Science,75.7,71.72,60.23,96.1,95.17,6.94,85.63,64.28,A,0,53,79.0,77.0,90.0
Female,18.0,Engineering,67.31,64.35,49.31,89.89,56.01,4.98,91.41,51.78,F,1,74,36.0,70.0,77.0
Female,22.0,Computer Science,87.83,99.25,44.35,77.66,69.66,7.05,94.8,75.7,F,0,44,23.0,74.0,51.0
Female,,Business,82.19,79.29,64.64,81.66,62.95,5.15,85.68,67.44,A,0,74,23.0,64.0,93.0
Female,20.0,Engineering,,74.09,72.46,83.51,84.95,1.6,91.69,95.67,D,0,62,38.0,53.0,81.0
Female,23.0,CS,93.73,57.91,85.76,70.47,53.3,3.13,60.64,86.5,C,0,58,67.0,50.0,81.0
Female,23.0,Business,66.58,71.8,66.52,87.11,94.66,9.43,76.54,64.58,C,1,54,48.0,100.0,81.0
Male,21.0,CS,98.58,43.1,45.72,92.61,71.38,8.87,98.54,62.23,B,0,82,66.0,81.0,56.0
Female,20.0,Business,76.12,94.41,81.5,60.58,90.65,1.97,57.98,58.67,B,1,53,62.0,63.0,90.0
Female,19.0, engineering ,71.32,71.33,69.43,71.06,55.22,1.23,72.93,66.18,C,0,54,69.0,83.0,80.0
Male,20.0,Engineering,88.86,43.67,53.61,96.52,83.47,2.51,74.09,80.31,A,0,49,94.0,74.0,63.0
Male,23.0,BUSINESS,72.53,83.72,89.83,84.51,60.97,4.09,89.35,76.47,B,1,65,68.0,98.0,49.0
Female,20.0,CS,61.47,56.68,85.85,66.57,63.7,9.72,67.08,51.22,F,0,77,57.0,64.0,74.0
Male,21.0,Engineering,89.35,73.02,82.49,82.9,69.43,0.95,83.32,62.52,A,0,61,89.0,80.0,85.0
Male,20.0,CS,54.76,93.06,70.91,61.11,99.6,6.42,73.86,85.09,D,1,94,46.0,66.0,80.0
Female,21.0,Engineering,67.56,92.06,40.1,55.66,76.32,5.27,80.66,67.69,C,1,27,56.0,68.0,68.0
Female,20.0,Engineering,91.12,80.32,67.92,57.72,75.91,6.14,66.3,74.29,D,0,80,54.0,81.0,40.0
Male,23.0,Engineering,99.29,64.51,55.5,95.94,60.71,3.88,93.97,81.64,A,0,42,96.0,54.0,50.0
Male,20.0,Business,76.09,57.53,80.81,92.6,52.54,0.84,78.8,93.05,A,0,64,44.0,83.0,42.0
 MALE ,, engineering ,58.54,99.24,60.14,60.6,71.46,6.17,54.85,78.12,D,0,75,38.0,69.0,63.0
Male,21.0,CS,77.55,84.57,49.74,94.7,70.38,2.5,75.67,77.36,A,0,86,93.0,99.0,77.0
Female,22.0,CS,70.4,93.34,53.34,84.01,61.69,9.7,63.94,81.19,F,1,100,40.0,84.0,44.0
Female,19.0,Engineering,94.17,51.17,66.49,95.76,87.11,3.55,57.71,83.45,A,0,61,55.0,37.0,66.0
Male,18.0,Engineering,87.15,54.45,94.9,66.54,85.62,6.43,51.41,80.66,C,1,54,66.0,80.0,46.0
Female,22.0,Engineering,76.34,55.93,81.8,90.83,69.57,4.49,76.33,64.79,A,1,52,87.0,66.0,81.0
Male,23.0,CS,90.65,92.96,86.88,76.69,,8.06,68.23,52.36,A,0,73,84.0,46.0,64.0
Female,20.0,CS,80.96,66.18,50.84,68.02,81.16,0.57,93.42,93.1,B,0,85,55.0,40.0,65.0
Male,21.0,CS,93.28,57.75,41.61,62.81,83.55,7.78,81.82,55.68,F,0,60,69.0,82.0,46.0
Male,21.0,CS,62.92,96.28,88.47,69.2,87.18,7.27,60.19,68.38,A,1,67,91.0,66.0,67.0
Female,23.0,CS,98.97,83.36,99.36,62.99,50.33,3.51,73.02,58.28,A,1,76,50.0,100.0,76.0
Female,19.0,CS,80.43,98.83,63.16,74.32,85.81,0.13,94.38,98.03,C,1,43,69.0,86.0,93.0
Male,21.0,Business,97.83,68.92,82.53,87.65,,1.46,90.1,62.19,B,0,79,84.0,46.0,36.0
Male,20.0,Mathematics,82.84,59.94,68.28,53.41,73.37,7.24,66.38,75.75,F,1,88,51.0,93.0,53.0
Female,20.0, engineering ,76.83,76.25,43.76,92.04,58.07,1.59,89.82,98.23,C,0,75,64.0,82.0,82.0
Female,22.0,CS,63.25,71.42,74.55,84.43,59.55,2.66,60.77,52.36,A,1,68,54.0,72.0,44.0
Male,23.0,Mathematics,99.22,94.39,43.91,95.76,85.21,1.6,69.21,99.14,F,0,74,77.0,63.0,59.0
Male,18.0,Business,67.98,45.67,52.88,68.97,89.67,8.58,81.73,73.07,A,0,45,49.0,85.0,74.0
Male,23.0,Mathematics,99.86,,73.59,,76.86,4.87,80.53,61.65,A,0,51,78.0,72.0,73.0
Male,18.0,CS,89.29,46.3,60.37,52.34,65.24,5.34,76.55,81.39,B,0,66,51.0,75.0,61.0
Female,19.0,Business,97.5,82.71,82.45,50.15,56.79,7.65,71.04,80.1,C,0,64,74.0,99.0,100.0
Male,23.0,Engineering,86.3,76.92,41.51,85.95,55.54,2.53,56.35,99.76,A,0,65,62.0,64.0,25.0
Female,23.0,Engineering,62.16,57.8,51.98,82.29,81.99,0.99,60.89,91.71,D,0,27,36.0,84.0,58.0
Male,22.0,Engineering,84.68,56.91,47.37,72.65,80.76,3.58,70.18,53.49,B,1,53,76.0,52.0,79.0
Female,18.0,Engineering,64.47,62.23,74.26,66.98,72.29,5.48,94.93,60.91,A,1,87,97.0,66.0,51.0
Female,19.0,CS,63.63,77.89,50.46,74.98,65.35,0.67,86.49,78.27,B,0,51,64.0,79.0,74.0
Female,21.0,Engineering,99.66,52.81,60.12,55.05,79.69,1.76,83.55,72.92,A,0,74,91.0,97.0,63.0
Male,23.0,Business,51.2,72.63,88.82,92.87,71.32,3.24,93.45,80.44,A,0,82,74.0,56.0,91.0
Female,18.0,Business,66.41,66.63,72.23,60.53,95.23,8.74,90.96,53.28,A,1,76,47.0,84.0,59.0
Male,23.0,Engineering,60.75,78.32,47.68,86.79,98.59,1.28,81.04,80.85,B,0,96,60.0,90.0,73.0
Female,19.0,CS,75.62,74.23,73.84,91.85,58.23,8.87,70.37,64.65,B,1,29,71.0,77.0,64.0
Female,21.0,Engineering,82.41,70.96,65.56,82.74,88.78,9.75,82.32,53.87,A,0,32,34.0,42.0,56.0
Female,23.0,CS,93.7,80.36,87.94,75.6,80.57,1.95,67.37,84.76,D,0,100,44.0,75.0,65.0
Female,22.0,Engineering,92.15,83.16,,85.03,81.38,6.75,92.33,67.06,A,0,64,97.0,86.0,67.0
Male,22.0,Engineering,51.45,63.52,50.94,82.57,60.07,1.03,60.57,65.47,F,0,67,65.0,56.0,79.0
Female,20.0,CS,97.35,84.09,79.74,70.5,52.74,9.36,93.99,64.59,B,0,37,76.0,79.0,64.0
 FEMALE ,18.0, engineering ,50.02,55.49,51.5,85.36,79.67,7.19,91.09,67.85,D,0,63,82.0,74.0,97.0
Male,20.0,Business,62.42,68.39,51.89,79.75,90.09,1.98,60.29,61.2,A,1,51,93.0,94.0,83.0
Female,23.0,CS,50.4,78.82,61.45,76.31,,9.84,57.48,67.7,D,0,78,48.0,55.0,62.0
Female,23.0,CS,94.73,63.43,89.4,50.81,61.04,4.39,79.28,68.34,B,0,40,75.0,43.0,49.0
Male,20.0,Business,75.44,67.9,72.7,54.87,64.22,5.14,60.04,94.75,B,1,90,58.0,48.0,59.0
Male,21.0,CS,95.82,78.3,72.42,64.99,68.61,1.39,73.86,73.36,C,0,79,43.0,97.0,59.0
Female,21.0,CS,,53.82,63.84,80.4,82.57,3.1,84.08,76.8,C,0,60,64.0,99.0,67.0
Male,18.0,Mathematics,80.58,59.01,62.23,77.67,67.72,5.03,57.39,56.93,D,0,65,97.0,48.0,75.0
Male,23.0,Business,79.34,76.19,51.08,85.87,96.77,7.25,82.21,88.16,C,0,81,57.0,65.0,86.0
Female,18.0,CS,69.73,91.49,71.36,79.28,84.83,4.21,63.89,80.74,D,0,72,68.0,100.0,88.0
Female,22.0,Engineering,70.46,44.02,70.09,58.07,75.45,9.97,74.5,57.87,A,0,89,99.0,38.0,49.0
Female,20.0,CS,58.12,89.87,55.96,65.87,97.75,6.03,78.52,95.61,C,0,51,94.0,66.0,60.0
Male,18.0,Computer Science,79.71,84.92,89.78,53.52,87.48,7.93,76.09,98.92,A,0,56,76.0,74.0,65.0
Male,18.0,Mathematics,92.67,66.13,68.99,60.8,54.61,1.56,50.29,63.05,B,0,96,55.0,47.0,81.0
Male,22.0, engineering ,92.62,67.1,79.09,53.04,82.54,2.29,93.82,79.58,A,1,69,39.0,53.0,80.0
Female,22.0,CS,,60.26,94.32,,66.42,3.47,53.62,74.53,A,0,51,43.0,92.0,93.0
Female,20.0,CS,74.7,63.71,83.28,84.79,94.52,9.24,51.21,86.04,A,0,86,54.0,74.0,54.0
Female,22.0,CS,73.67,51.68,47.69,63.78,86.42,3.31,80.49,65.11,F,1,52,78.0,66.0,57.0
Female,23.0,CS,63.29,92.74,68.97,65.81,99.85,7.94,59.51,87.68,B,1,75,41.0,81.0,61.0
Female,20.0,Engineering,71.55,47.57,59.01,90.8,,0.84,54.75,79.09,F,0,48,78.0,51.0,39.0
Male,18.0,CS,97.73,42.49,45.63,76.36,88.81,8.55,67.41,52.76,C,0,31,66.0,64.0,88.0
Female,18.0,CS,56.13,93.53,69.01,77.5,70.94,5.08,72.18,69.15,B,0,27,61.0,62.0,69.0
Male,20.0,CS,57.24,56.29,93.77,91.16,65.81,4.58,56.7,97.97,A,1,60,100.0,68.0,90.0
Male,23.0,Engineering,70.35,76.18,66.22,71.63,,2.17,82.01,92.94,F,1,66,100.0,82.0,78.0
Female,19.0,Engineering,62.21,96.45,44.4,79.55,98.59,7.28,79.05,66.97,D,1,91,38.0,99.0,66.0
Female,21.0,CS,78.82,43.61,51.43,65.58,86.65,8.38,83.41,77.99,C,1,58,85.0,60.0,53.0
Male,23.0,Engineering,56.1,99.78,81.96,68.78,55.23,0.08,69.12,79.01,D,1,75,63.0,84.0,73.0
Female,20.0,Business,99.86,63.56,84.31,93.77,74.47,5.23,68.8,74.04,D,0,100,42.0,91.0,53.0
Male,22.0,Engineering,63.02,41.98,51.02,51.42,81.67,8.5,89.03,85.75,C,0,78,41.0,73.0,82.0
Female,18.0,CS,84.85,95.97,51.4,58.32,92.4,9.02,83.78,98.86,D,0,82,90.0,64.0,71.0
Female,23.0,Engineering,77.63,62.68,72.98,99.19,90.81,8.84,80.6,74.39,F,1,49,73.0,68.0,57.0
Female,21.0,CS,52.71,68.27,63.75,58.86,55.38,8.17,69.3,65.94,B,1,66,89.0,70.0,49.0
Female,22.0,Business,86.76,77.91,66.3,66.76,62.45,0.38,56.96,70.4,A,0,69,56.0,76.0,68.0
Female,18.0,Mathematics,50.08,40.99,95.71,96.71,59.53,0.92,59.55,71.35,B,1,58,99.0,92.0,41.0
Male,21.0,Engineering,89.85,70.77,58.6,80.28,57.95,9.83,81.68,55.12,D,0,97,48.0,64.0,98.0
Female,23.0,Engineering,82.67,44.46,83.79,52.34,74.07,1.65,87.43,56.93,C,0,54,56.0,74.0,67.0
Female,20.0,CS,57.64,56.57,93.33,59.38,91.24,1.42,53.0,95.16,C,0,32,100.0,87.0,58.0
Female,21.0,Engineering,77.95,,95.82,92.07,60.02,0.41,80.32,96.71,F,0,57,63.0,86.0,83.0
Female,20.0,Engineering,68.3,41.51,63.34,59.0,76.45,3.86,83.94,91.21,C,1,82,37.0,47.0,58.0
Male,21.0,CS,83.78,96.06,49.43,,75.77,7.29,62.06,74.56,A,0,68,95.0,58.0,66.0
Male,22.0,Business,90.37,77.12,,94.67,67.14,8.34,78.13,57.92,A,0,64,60.0,81.0,29.0
Female,18.0,Engineering,74.15,90.35,84.82,57.96,92.58,,97.41,60.9,A,1,77,98.0,66.0,75.0
Female,18.0,Business,59.99,47.01,73.27,81.93,88.08,1.65,97.06,79.46,A,0,62,72.0,39.0,60.0
Male,18.0,Business,64.93,93.92,46.05,89.06,87.71,1.69,87.17,79.56,C,0,54,65.0,88.0,34.0
Male,21.0,CS,73.19,67.14,63.09,64.33,96.96,2.94,95.74,57.73,D,1,41,56.0,77.0,83.0
Male,22.0,Engineering,81.37,69.76,60.33,63.29,86.44,9.0,92.37,92.71,C,0,28,40.0,67.0,52.0
Female,21.0,CS,66.02,48.77,74.72,89.61,56.23,9.22,86.04,74.19,C,0,54,58.0,41.0,68.0
Female,21.0,Engineering,57.71,91.1,72.39,60.13,87.16,1.29,59.34,64.56,A,1,67,77.0,51.0,30.0
Male,22.0,CS,89.3,50.32,79.3,99.28,90.02,6.43,96.47,60.95,A,0,71,88.0,82.0,79.0
Female,18.0,Engineering,70.66,53.47,44.32,62.42,75.98,9.98,67.12,70.85,C,1,73,50.0,81.0,76.0
Female,22.0,Engineering,56.67,73.2,80.82,70.7,78.94,4.23,66.63,94.47,B,0,36,91.0,67.0,60.0
Female,18.0,CS,87.73,71.46,48.87,85.83,91.31,8.67,61.24,71.72,A,1,72,88.0,54.0,59.0
Male,20.0,Business,86.72,75.01,54.22,85.67,,2.51,79.52,73.53,C,1,54,57.0,48.0,46.0
Female,20.0,Business,80.29,64.47,45.09,87.43,64.96,8.66,66.61,61.78,F,0,74,73.0,39.0,81.0
Male,22.0,CS,83.78,47.03,60.55,92.88,58.28,8.68,76.85,64.42,D,0,80,57.0,57.0,61.0
Female,21.0,CS,68.4,82.96,41.49,71.61,53.18,7.89,61.28,89.33,A,1,60,41.0,70.0,99.0
Female,19.0,Business,57.91,55.41,72.22,67.48,84.79,4.36,68.98,65.12,A,1,75,73.0,75.0,50.0
Male,21.0,Engineering,80.57,65.24,91.99,52.16,59.27,6.2,86.58,82.95,F,0,77,63.0,80.0,72.0
Male,23.0,CS,88.77,85.24,42.11,70.35,64.05,7.64,88.38,86.5,B,0,41,94.0,59.0,84.0
Male,23.0,Engineering,92.91,67.48,76.81,62.95,50.07,5.35,88.89,95.32,D,0,70,90.0,67.0,100.0
Male,18.0,CS,60.09,61.11,42.92,70.08,,0.01,72.18,72.41,F,0,69,62.0,100.0,77.0
Male,21.0,Engineering,92.87,96.55,49.37,57.54,55.75,4.01,71.6,67.21,C,0,68,74.0,87.0,65.0
Male,23.0,CS,53.6,80.3,58.41,90.6,52.66,8.84,63.35,56.44,F,0,67,63.0,77.0,58.0
Male,22.0,CS,63.54,42.51,93.15,63.05,53.67,0.42,60.75,61.31,B,1,30,100.0,63.0,68.0
Female,22.0,CS,78.95,66.4,82.91,98.23,61.28,4.44,62.52,75.39,A,0,56,66.0,59.0,85.0
Female,23.0,CS,93.8,62.71,64.15,58.61,70.16,3.9,52.45,82.06,A,0,67,81.0,52.0,87.0
Male,21.0, engineering ,84.84,69.47,61.2,88.59,90.59,4.33,54.83,72.58,C,1,56,81.0,97.0,73.0
Female,21.0,Business,83.01,44.41,86.47,77.59,56.78,7.67,82.03,73.51,A,0,31,47.0,100.0,78.0
Male,22.0,Business,86.72,94.46,50.62,77.42,69.27,,86.46,87.77,A,1,58,93.0,76.0,77.0
Female,19.0,Business,75.52,62.41,99.36,93.88,71.16,0.07,57.83,89.07,B,1,71,78.0,75.0,69.0
Female,23.0,Business,52.01,67.63,71.15,62.36,57.6,4.83,96.94,98.46,B,1,76,100.0,69.0,74.0
Female,21.0,Engineering,89.28,58.82,91.14,99.97,87.96,2.45,80.48,78.84,A,1,51,53.0,86.0,61.0
Female,21.0,CS,68.97,93.41,53.57,87.4,99.91,8.47,93.35,87.75,D,0,68,63.0,33.0,55.0
Female,19.0,Engineering,,86.48,47.0,98.16,67.04,1.26,79.51,95.54,F,0,53,50.0,93.0,55.0
Male,20.0, engineering ,98.69,60.63,65.99,78.26,94.26,1.52,70.77,66.25,C,0,69,90.0,76.0,73.0
Female,20.0,Engineering,69.96,77.29,40.26,66.02,86.56,1.74,69.03,54.84,D,1,66,35.0,84.0,77.0
Female,18.0,Engineering,74.45,42.65,59.48,90.67,73.39,6.18,90.63,73.84,F,0,57,94.0,95.0,98.0
Male,22.0,CS,91.13,99.15,51.13,97.86,86.64,2.13,95.35,83.63,F,0,27,64.0,37.0,53.0
Female,19.0,Engineering,81.53,97.22,49.1,50.57,97.15,0.1,68.28,70.39,A,0,78,44.0,75.0,76.0
Female,21.0, engineering ,99.14,75.32,75.2,73.35,77.1,3.87,94.02,64.5,D,1,48,82.0,89.0,57.0
Male,18.0,Business,74.5,89.62,44.29,55.73,83.73,1.47,68.47,74.3,B,0,41,95.0,90.0,75.0
Female,,CS,57.83,65.33,66.14,78.38,58.73,2.87,87.38,84.59,D,1,61,74.0,100.0,80.0
Male,22.0,Mathematics,59.18,83.4,55.86,80.91,62.39,3.18,90.5,51.26,A,1,53,94.0,100.0,85.0
Male,19.0,Engineering,50.1,80.52,49.32,81.65,88.2,,53.92,75.94,A,0,27,69.0,80.0,81.0
Female,18.0,Engineering,55.7,81.09,43.78,72.16,72.31,5.33,57.18,78.08,F,0,51,100.0,68.0,67.0
Female,23.0,CS,59.44,45.99,97.02,69.06,64.89,3.0,66.16,58.81,D,0,77,47.0,59.0,62.0
Female,20.0,Engineering,61.88,93.08,47.73,69.36,96.28,9.75,87.28,86.0,A,0,65,57.0,84.0,35.0
Female,21.0,CS,86.11,56.59,,66.2,86.23,4.51,86.15,70.41,B,0,94,74.0,45.0,94.0
Female,22.0,Engineering,56.46,45.83,68.94,66.33,69.64,9.71,81.22,58.92,D,1,45,65.0,60.0,72.0
Male,,CS,73.06,41.87,79.35,96.87,64.34,4.12,76.76,62.25,F,0,46,78.0,70.0,60.0
Male,20.0,Mathematics,95.54,89.36,76.63,70.88,77.57,6.47,62.79,56.79,A,0,87,32.0,77.0,86.0
Female,20.0,Engineering,70.78,97.2,81.09,65.19,64.43,6.61,,78.78,B,0,57,83.0,86.0,95.0
Male,21.0,Business,83.7,60.11,44.12,96.31,87.39,0.36,72.55,94.34,F,1,49,40.0,67.0,66.0
Female,23.0,Engineering,93.92,87.14,58.59,81.32,89.64,9.05,55.98,52.05,C,0,70,86.0,84.0,85.0
Female,22.0,Mathematics,89.45,76.91,57.1,92.81,71.81,7.16,55.29,78.89,B,0,71,64.0,95.0,62.0
Male,20.0,CS,69.44,89.8,91.35,63.33,90.52,3.23,78.7,74.65,A,0,68,26.0,81.0,57.0
Female,20.0,CS,68.35,50.43,86.86,88.03,64.29,6.65,82.75,65.01,D,0,54,100.0,65.0,83.0
 MALE ,23.0,CS,88.81,44.43,93.63,67.03,95.46,6.97,96.27,73.96,C,1,94,78.0,88.0,72.0
Female,21.0,Engineering,91.71,75.86,86.59,99.57,81.63,4.31,93.46,76.25,A,0,80,100.0,75.0,89.0
Female,18.0,CS,68.65,78.28,86.23,92.35,63.66,6.92,95.59,54.61,A,1,79,61.0,75.0,88.0
Male,23.0,Engineering,61.65,54.02,69.95,73.14,87.64,1.85,62.88,99.12,B,0,40,67.0,83.0,67.0
Female,19.0,Business,99.57,82.3,61.86,61.7,97.53,5.15,96.05,59.1,A,0,67,84.0,47.0,82.0
Female,21.0,Engineering,50.85,77.18,56.76,69.66,67.47,,85.16,54.79,C,0,57,84.0,90.0,66.0
Female,20.0,Engineering,85.33,43.63,76.53,65.95,59.11,6.22,90.34,95.57,C,0,62,61.0,80.0,40.0
Male,18.0,Engineering,70.8,42.86,46.74,98.12,52.47,7.23,64.77,97.01,D,1,66,98.0,63.0,43.0
 FEMALE ,,CS,50.73,61.85,60.22,66.46,89.5,6.92,89.01,58.73,A,0,79,80.0,57.0,43.0
Female,22.0,Business,98.82,64.83,84.62,77.24,61.68,0.71,90.24,86.7,C,0,78,57.0,63.0,92.0
Male,23.0,Engineering,58.48,55.91,54.82,67.56,56.78,8.39,99.39,93.35,F,1,88,54.0,100.0,61.0
Male,18.0,CS,84.17,87.6,99.06,99.7,78.64,4.72,96.16,97.91,A,0,50,75.0,52.0,70.0
Female,22.0,CS,65.42,61.59,76.29,61.41,96.32,9.3,84.28,96.39,A,1,92,66.0,81.0,66.0
Male,23.0,Engineering,84.46,58.24,40.72,94.65,89.76,6.84,55.18,73.32,F,1,58,44.0,71.0,65.0
Male,20.0,Engineering,91.2,69.0,86.81,,81.5,3.5,65.67,70.92,C,0,52,78.0,63.0,79.0
Male,19.0,CS,72.89,86.29,49.5,56.64,95.05,3.53,79.54,92.74,B,1,67,61.0,92.0,48.0
Male,19.0,CS,53.79,73.89,43.2,75.03,52.0,4.16,94.04,91.69,A,1,66,72.0,55.0,76.0
 FEMALE ,22.0,CS,85.46,77.74,81.0,78.75,97.98,5.13,99.8,95.34,D,1,80,49.0,83.0,69.0
Female,20.0,Business,78.34,83.48,64.92,95.04,81.93,4.98,97.24,77.6,F,0,59,44.0,69.0,61.0
Female,18.0,CS,74.88,92.1,42.92,55.62,99.39,4.11,50.56,57.1,D,0,86,86.0,44.0,60.0
Female,19.0,CS,91.1,55.01,60.9,69.27,69.68,8.93,65.93,62.77,A,1,65,76.0,68.0,82.0
Male,18.0,Engineering,74.8,63.18,40.98,93.79,64.53,1.88,87.39,53.11,C,1,70,100.0,68.0,57.0
Female,19.0,Business,84.35,84.27,79.57,51.46,71.36,0.07,85.38,92.55,B,0,27,43.0,77.0,47.0
Female,23.0,CS,52.16,60.28,51.63,92.57,97.19,2.43,83.06,63.89,A,0,63,96.0,64.0,96.0
Female,22.0,BUSINESS,67.8,44.94,80.99,55.4,83.64,4.59,89.6,54.28,B,1,40,71.0,45.0,47.0
Female,23.0,Business,72.58,46.49,97.52,99.42,52.51,7.39,56.13,85.17,C,1,66,54.0,100.0,87.0
Male,18.0,CS,52.23,80.69,50.46,52.58,52.09,7.29,61.92,53.99,B,1,40,73.0,61.0,66.0
Male,18.0,CS,83.47,-8.0,70.11,71.56,76.79,0.85,86.43,63.77,D,1,76,85.0,63.0,63.0
Male,20.0,Engineering,75.55,56.63,,92.3,78.04,4.65,66.96,95.11,A,1,58,75.0,95.0,65.0
Female,22.0,Computer Science,87.06,69.16,67.7,66.44,91.77,6.43,53.48,73.58,D,0,57,29.0,98.0,84.0
Female,22.0,CS,71.04,79.21,54.99,89.98,51.3,0.4,94.6,63.7,D,0,54,87.0,80.0,91.0
Male,23.0,Business,81.04,95.29,84.5,57.76,56.78,6.26,76.3,74.97,F,1,73,41.0,37.0,61.0
Male,22.0,Engineering,67.46,53.02,79.92,82.42,82.28,7.97,98.23,99.63,A,0,53,73.0,48.0,87.0
Male,20.0,Business,58.97,55.84,96.9,56.6,96.71,6.85,92.96,80.5,F,0,59,84.0,45.0,82.0
Male,19.0,Engineering,91.52,77.09,58.89,96.4,71.9,7.23,96.67,67.12,D,1,78,23.0,66.0,58.0
Female,20.0,Business,53.24,55.89,59.81,63.38,84.99,7.8,84.11,89.51,A,0,67,55.0,57.0,48.0
Male,23.0,CS,96.06,61.7,57.08,99.24,56.13,2.54,59.62,58.64,C,1,51,37.0,38.0,89.0
Female,19.0,Engineering,74.97,81.87,99.46,77.34,76.41,5.71,77.09,65.75,C,1,41,81.0,97.0,74.0
Male,18.0,CS,66.86,78.18,98.51,80.34,74.6,2.23,54.26,95.0,D,1,77,30.0,80.0,45.0
Male,23.0,Business,94.21,84.97,92.66,61.55,69.71,6.05,94.02,89.37,B,0,72,70.0,95.0,39.0
Male,21.0,Mathematics,86.81,79.97,74.33,59.4,53.89,6.02,56.01,94.76,F,0,62,81.0,56.0,90.0
Female,20.0,Business,65.0,44.77,57.32,98.61,94.53,6.09,63.12,67.22,F,1,56,77.0,59.0,43.0
Male,23.0,CS,54.73,78.62,92.77,66.81,80.78,6.46,64.05,80.44,B,0,67,77.0,67.0,66.0
Male,23.0,Mathematics,58.87,54.37,53.7,67.56,89.16,8.77,84.71,81.37,A,0,68,81.0,70.0,59.0
Male,20.0,CS,74.49,62.54,83.65,75.6,55.98,8.8,50.66,66.87,D,1,39,54.0,62.0,84.0
Male,19.0,CS,77.77,60.38,88.76,52.54,52.2,2.12,86.65,93.55,A,1,62,38.0,100.0,80.0
Male,20.0,CS,73.85,74.44,,74.68,86.57,2.17,75.42,53.74,C,1,100,83.0,88.0,79.0
Female,20.0,CS,67.52,55.69,75.57,53.79,58.94,8.18,55.71,70.54,D,0,56,76.0,100.0,100.0
Male,20.0,CS,88.05,91.95,79.3,60.43,55.36,4.68,99.35,61.52,F,0,38,81.0,65.0,41.0
Female,22.0,Engineering,60.69,54.52,73.78,52.44,78.58,1.49,91.4,74.28,F,1,83,84.0,85.0,59.0
Male,18.0,Engineering,,90.7,60.1,79.36,73.29,2.64,,95.04,B,0,95,74.0,58.0,72.0
Female,21.0,CS,97.25,58.44,41.33,56.62,67.28,2.69,57.27,61.56,B,0,69,81.0,83.0,100.0
Male,20.0,Engineering,90.53,92.68,71.88,88.26,52.23,4.72,76.37,96.35,C,1,53,67.0,68.0,99.0
Male,19.0,Business,80.18,83.93,46.15,,60.59,0.29,73.06,75.58,B,1,67,99.0,83.0,65.0
Female,18.0,Engineering,94.83,52.37,75.58,57.09,67.82,3.14,53.0,77.25,A,1,67,55.0,72.0,54.0
Female,18.0,Engineering,88.91,45.06,90.29,58.91,84.14,5.44,65.11,57.62,F,1,81,60.0,72.0,80.0
Male,20.0,Engineering,69.23,79.6,,55.13,82.65,7.49,70.89,95.15,A,0,59,30.0,100.0,49.0
Female,23.0,CS,71.08,41.17,91.48,60.28,67.5,0.62,86.73,97.93,D,0,89,51.0,81.0,80.0
Male,19.0,Mathematics,85.57,43.35,90.23,,87.12,6.38,53.15,59.56,B,1,36,67.0,100.0,73.0
Male,18.0,CS,52.7,97.06,95.72,78.79,52.92,6.62,80.22,57.5,C,0,57,100.0,68.0,78.0
Male,23.0,Engineering,79.84,89.08,95.07,62.48,53.68,4.14,89.19,88.4,A,1,52,69.0,77.0,93.0
Male,20.0,CS,55.68,43.44,86.25,79.28,68.55,3.99,99.55,94.03,A,1,65,68.0,89.0,47.0
Female,18.0,Business,65.38,64.82,97.99,78.49,85.85,9.09,67.62,59.62,D,1,86,88.0,67.0,61.0
Male,23.0,Engineering,57.57,99.03,43.95,77.6,73.78,4.42,76.72,91.54,B,0,75,50.0,87.0,55.0
Female,21.0, engineering ,61.75,69.16,83.53,92.15,56.11,9.19,76.35,70.87,D,0,66,89.0,98.0,49.0
Female,20.0,BUSINESS,55.51,51.04,89.01,50.92,72.6,9.78,84.28,80.18,A,0,73,27.0,54.0,89.0
 FEMALE ,18.0,CS,75.72,40.54,47.39,72.28,52.68,2.09,62.31,64.21,D,0,68,94.0,53.0,72.0
Male,22.0,Business,69.53,93.07,53.0,94.08,96.44,5.6,75.1,54.93,C,0,71,69.0,63.0,59.0
Male,20.0,Business,53.7,97.58,63.63,89.68,60.26,2.59,66.57,69.25,F,0,27,78.0,86.0,68.0
Female,22.0,CS,69.71,88.17,68.37,68.57,81.78,5.94,73.55,73.52,B,0,100,100.0,75.0,70.0
Male,19.0,Engineering,85.91,98.09,50.55,73.39,96.14,8.16,83.08,60.34,D,1,71,70.0,62.0,96.0
Male,22.0,Engineering,50.92,86.76,52.77,67.14,51.22,8.16,64.88,70.11,B,0,50,78.0,60.0,32.0
Male,23.0,Business,57.95,70.07,96.6,89.6,80.26,4.61,95.36,59.22,A,1,50,100.0,31.0,44.0
Female,22.0,CS,88.22,72.46,79.35,55.74,80.82,0.09,87.43,83.12,B,0,65,88.0,100.0,66.0
Male,20.0,Mathematics,85.21,79.95,83.28,56.77,51.95,5.37,89.28,66.02,A,0,65,65.0,50.0,79.0
Male,21.0,CS,73.66,60.29,48.63,62.52,82.0,9.85,69.08,66.2,A,1,80,51.0,84.0,57.0
Male,20.0,CS,90.95,75.5,60.42,98.12,94.77,4.89,65.75,70.63,F,1,59,66.0,84.0,72.0
Male,22.0,Business,67.85,41.45,89.64,86.44,65.37,0.2,52.16,63.79,F,0,89,100.0,99.0,94.0
Male,21.0,Engineering,71.56,57.47,81.66,99.4,67.33,4.13,64.19,92.89,F,0,73,68.0,71.0,78.0
Male,21.0,CS,53.39,77.04,82.9,92.61,62.28,6.87,54.58,52.18,A,0,56,54.0,29.0,45.0
Male,20.0,Engineering,98.56,54.21,62.11,74.38,81.64,9.21,72.14,50.9,C,0,50,70.0,90.0,94.0
Female,21.0,CS,84.75,45.45,67.17,93.42,58.14,6.25,55.41,99.25,C,0,79,41.0,94.0,51.0
Female,21.0,Mathematics,51.42,79.19,84.42,70.16,85.26,3.67,66.64,67.99,D,1,27,73.0,100.0,96.0
Female,18.0, engineering ,54.22,73.33,50.58,93.27,92.19,7.03,68.75,67.22,C,1,78,79.0,93.0,70.0
Male,21.0,Engineering,87.38,78.65,65.65,61.65,57.84,6.93,79.81,73.86,D,0,49,50.0,81.0,77.0
Female,18.0,Engineering,87.51,72.86,58.85,69.26,66.17,0.07,90.31,97.92,C,0,28,68.0,92.0,47.0
Female,21.0,CS,64.45,79.33,46.21,73.55,63.5,7.04,90.76,93.38,F,1,85,64.0,33.0,43.0
Female,22.0,Engineering,64.3,77.86,66.1,63.73,58.28,0.5,74.17,79.61,A,0,53,54.0,57.0,81.0
Female,22.0,Mathematics,93.07,46.69,73.05,77.56,57.52,3.35,83.26,75.94,D,0,60,69.0,64.0,67.0
Female,21.0,Computer Science,61.47,51.58,53.8,57.74,96.0,7.34,92.46,82.75,C,1,49,74.0,88.0,84.0
Male,19.0,Engineering,,90.64,98.44,83.35,76.57,6.77,53.78,66.22,A,0,80,89.0,31.0,32.0
Female,19.0,Engineering,93.42,67.49,79.16,55.19,95.76,5.49,90.46,55.82,A,0,29,52.0,61.0,75.0
Female,22.0,Mathematics,83.14,43.38,91.62,58.65,79.77,3.91,94.57,84.89,B,0,41,68.0,97.0,82.0
Male,19.0,Business,91.45,84.92,85.89,62.05,79.42,2.85,97.94,71.5,A,1,35,70.0,88.0,94.0
Female,21.0,CS,70.86,46.47,57.3,59.2,61.07,4.0,85.52,86.83,A,0,76,67.0,66.0,60.0
Male,21.0,Business,83.44,97.5,40.72,55.18,72.2,9.79,74.26,80.33,F,1,91,74.0,100.0,75.0
Female,20.0,Business,75.68,94.37,93.64,99.66,73.55,3.61,58.79,80.47,D,0,31,71.0,66.0,67.0
Female,19.0,CS,70.47,56.57,73.71,76.72,61.71,5.92,50.26,70.89,C,1,56,76.0,80.0,95.0
Male,22.0,Computer Science,88.09,42.0,63.46,92.45,79.64,4.67,61.27,71.46,B,1,77,61.0,49.0,64.0
 FEMALE ,22.0,CS,70.55,70.86,73.0,99.63,83.83,7.43,67.99,75.86,B,0,57,50.0,53.0,39.0
Male,21.0,Engineering,66.4,60.36,61.04,60.81,98.53,9.68,81.39,83.48,B,0,79,100.0,92.0,82.0
Female,18.0,Engineering,57.41,63.77,78.18,50.48,83.73,4.07,68.44,98.79,A,0,44,75.0,55.0,83.0
Female,20.0,Mathematics,66.25,73.44,72.11,71.08,80.92,0.76,58.65,63.63,F,0,58,72.0,86.0,80.0
 FEMALE ,21.0,Business,58.2,89.91,82.7,53.95,97.77,3.87,72.94,62.87,A,0,56,27.0,64.0,42.0
Female,18.0,Engineering,89.88,96.98,59.42,73.23,77.22,6.18,99.99,63.1,A,1,61,77.0,78.0,37.0
Female,23.0,Engineering,78.89,43.95,65.43,92.26,66.19,2.69,60.8,93.38,D,0,80,76.0,99.0,75.0
Female,23.0,Business,80.86,48.17,88.19,84.21,55.98,0.86,90.48,87.72,F,1,71,100.0,90.0,62.0
Male,23.0,Mathematics,65.73,54.14,75.65,73.28,94.16,7.76,85.58,97.33,B,1,60,48.0,98.0,77.0
Male,21.0,Engineering,92.49,74.13,66.69,67.79,68.63,5.71,64.86,50.25,F,0,51,53.0,33.0,51.0
Female,,Engineering,63.71,64.57,74.13,99.09,54.95,8.61,91.64,76.71,F,0,35,58.0,98.0,83.0
Female,18.0,CS,69.2,90.72,61.08,71.49,96.22,1.97,68.94,82.77,D,1,69,94.0,66.0,48.0
Male,21.0,Mathematics,76.4,86.04,56.97,59.33,84.01,3.21,86.75,58.19,F,0,62,82.0,89.0,79.0
Female,21.0,Business,74.79,81.94,57.92,73.86,71.04,8.48,95.87,83.5,C,1,60,60.0,43.0,62.0
Male,18.0,Engineering,67.9,85.46,59.55,75.66,54.33,3.65,83.63,58.96,A,0,67,100.0,74.0,63.0
Male,22.0,Business,80.78,98.01,44.87,85.59,,4.45,93.33,97.76,D,0,42,66.0,75.0,69.0
Male,18.0,Business,73.15,61.93,53.87,75.04,78.5,2.36,,93.65,B,1,35,87.0,73.0,70.0
Female,,CS,93.44,73.76,64.68,72.97,70.29,0.85,89.46,64.55,B,0,82,27.0,85.0,68.0
Male,,Computer Science,62.65,69.81,84.56,93.75,78.13,8.92,67.63,72.17,D,0,59,81.0,66.0,59.0
Male,23.0,Engineering,55.18,80.28,68.18,85.38,55.15,5.14,88.41,87.34,F,1,50,50.0,65.0,38.0
Male,21.0,Business,92.51,51.18,83.08,50.57,63.46,8.77,73.13,65.53,F,0,71,95.0,70.0,62.0
Male,19.0,CS,68.59,56.36,66.05,67.43,83.64,2.67,53.75,66.93,C,1,54,100.0,88.0,83.0
Female,20.0,Business,97.2,93.08,57.46,56.66,57.89,6.23,86.29,65.51,F,1,60,51.0,97.0,85.0
Female,23.0,CS,96.41,43.14,57.33,67.89,84.22,1.67,91.58,85.95,F,1,35,56.0,88.0,87.0
Female,21.0,CS,97.69,51.49,56.28,60.78,52.8,8.03,50.59,95.23,A,0,55,23.0,68.0,69.0
Female,23.0,Business,95.99,92.08,74.95,56.92,80.74,3.65,50.77,60.3,C,0,34,63.0,100.0,72.0
Male,23.0,CS,57.95,69.42,51.29,70.3,86.51,4.14,73.06,88.03,F,1,60,65.0,88.0,69.0
 MALE ,22.0,Engineering,89.16,65.11,53.52,59.64,58.68,6.09,84.32,51.13,A,0,75,100.0,89.0,55.0
Female,20.0,CS,84.13,86.78,85.17,55.59,53.73,9.37,87.82,76.89,B,1,53,76.0,35.0,69.0
Female,18.0,Engineering,82.31,80.2,86.37,83.86,58.73,3.2,78.03,78.99,A,0,78,45.0,56.0,99.0
Female,18.0,Engineering,63.18,54.28,64.33,95.98,54.57,9.89,63.75,64.52,A,1,59,43.0,49.0,78.0
Male,21.0,Engineering,95.14,48.93,89.24,76.29,88.81,2.82,72.45,66.23,C,0,79,61.0,72.0,52.0
Female,18.0,Engineering,62.95,95.01,67.13,78.04,95.83,0.77,69.81,75.91,F,0,59,30.0,98.0,52.0
Male,19.0,CS,56.43,51.73,41.43,71.43,51.54,4.43,52.15,67.14,C,0,53,100.0,100.0,72.0
Male,20.0,Mathematics,71.71,50.35,55.75,65.15,53.72,1.52,80.48,78.96,F,0,69,45.0,97.0,49.0
Male,18.0,Mathematics,94.49,96.39,96.41,85.33,,7.4,72.89,57.07,A,1,67,70.0,81.0,94.0
Female,23.0,Mathematics,66.98,41.17,70.8,78.0,53.56,7.88,56.51,66.64,C,0,28,51.0,100.0,97.0
Female,19.0,Engineering,52.77,49.2,65.75,88.35,59.13,4.26,61.44,99.96,B,0,75,89.0,100.0,65.0
Female,20.0,Business,87.32,64.68,50.71,58.37,84.41,2.01,54.51,79.15,B,0,91,47.0,81.0,87.0
Female,21.0,CS,68.81,92.45,81.33,81.68,59.17,9.12,82.66,82.88,F,1,72,42.0,84.0,80.0
Male,18.0,Engineering,50.99,94.38,76.26,94.14,56.83,3.63,79.43,80.41,A,0,52,47.0,70.0,57.0
Male,23.0,CS,51.98,,56.62,62.51,92.55,7.48,89.27,67.41,A,0,58,53.0,52.0,89.0
Male,19.0,CS,58.57,68.9,46.74,59.68,86.4,1.15,85.57,65.59,F,0,76,86.0,97.0,70.0
Male,19.0,Engineering,81.58,86.99,85.59,51.82,93.67,1.65,94.02,51.61,D,1,66,78.0,91.0,82.0
Female,22.0,CS,,99.53,96.72,,88.86,5.36,93.96,99.43,B,1,69,70.0,85.0,35.0
Female,19.0,Engineering,68.56,90.45,98.58,78.08,73.91,,69.87,80.03,A,0,65,71.0,86.0,65.0
Male,23.0,Engineering,74.3,45.12,51.64,73.35,86.06,1.66,57.77,87.41,A,1,42,73.0,91.0,48.0
Female,22.0,Engineering,80.48,56.46,50.67,69.99,50.79,7.89,74.46,75.49,A,1,54,57.0,99.0,62.0
Female,18.0, engineering ,56.52,82.18,80.89,52.93,83.76,0.9,69.35,79.29,A,0,45,40.0,68.0,79.0
Female,20.0,CS,94.54,41.61,80.56,54.88,87.08,5.54,53.18,75.74,B,1,92,82.0,92.0,93.0
Female,22.0,Engineering,59.68,83.09,97.52,57.21,71.89,4.49,81.66,66.67,A,0,29,78.0,96.0,58.0
Female,21.0,Computer Science,71.67,55.62,47.57,63.66,67.63,7.48,75.91,63.55,D,1,45,83.0,80.0,51.0
Female,19.0,CS,86.33,73.9,70.37,86.54,71.77,0.88,86.76,76.1,B,1,27,60.0,77.0,82.0
Female,20.0, engineering ,73.37,76.0,97.01,67.4,79.06,0.02,94.2,72.44,B,1,53,68.0,84.0,70.0
Female,22.0,Engineering,63.09,78.75,62.16,66.15,,6.27,74.41,61.92,D,0,62,78.0,87.0,48.0
Female,22.0,Business,52.77,40.0,71.96,82.82,71.48,7.76,75.03,65.51,B,1,79,79.0,71.0,99.0
Female,23.0,Business,58.02,55.43,81.83,61.5,90.01,5.12,74.19,97.6,C,1,49,49.0,82.0,57.0
Male,18.0,CS,69.07,40.47,69.23,69.62,74.44,5.1,,69.31,B,0,84,52.0,96.0,41.0
Female,18.0,CS,78.48,87.11,60.86,71.93,,0.89,55.5,58.96,F,0,27,88.0,79.0,78.0
Female,20.0,CS,67.7,,47.71,71.46,87.5,8.44,96.15,75.26,A,1,33,59.0,56.0,85.0
Male,21.0,Engineering,64.09,48.65,91.41,64.96,74.43,5.76,85.43,50.5,F,1,79,56.0,75.0,53.0
Female,20.0,CS,95.75,,96.14,75.56,67.19,6.46,57.14,53.32,A,0,49,66.0,79.0,98.0
Female,18.0,CS,93.78,90.72,81.38,92.95,98.56,8.54,78.94,64.53,C,1,96,56.0,79.0,67.0
Male,19.0,Mathematics,57.9,80.61,82.5,93.84,78.01,2.12,74.89,50.64,A,0,68,39.0,86.0,75.0
Male,20.0,Engineering,91.14,45.22,45.47,50.92,99.28,4.6,89.5,87.77,F,0,98,63.0,100.0,79.0
Female,18.0,CS,71.04,,41.81,,96.32,5.64,81.24,73.79,B,0,52,81.0,72.0,67.0
Female,19.0,Engineering,80.78,81.17,91.84,94.79,58.98,4.99,64.73,50.41,C,1,38,91.0,71.0,93.0
Female,23.0,CS,68.29,73.36,95.47,70.16,71.57,3.79,94.09,54.11,B,1,100,100.0,75.0,40.0
 MALE ,19.0,CS,95.7,66.96,83.37,89.86,81.63,6.11,93.4,65.39,D,0,48,53.0,84.0,76.0
Female,22.0, engineering ,65.46,42.34,,70.01,85.02,8.34,74.1,83.82,A,1,30,47.0,54.0,55.0
Female,23.0,Mathematics,68.09,71.96,74.6,84.53,51.8,8.51,50.49,81.89,D,0,29,69.0,57.0,82.0
Female,18.0,Business,61.19,55.98,84.29,87.82,93.3,7.2,60.24,95.61,B,1,78,88.0,99.0,99.0
Male,18.0,Business,86.1,66.96,69.52,76.23,90.85,5.43,59.71,73.07,C,0,66,100.0,64.0,33.0
Male,23.0,Mathematics,74.47,83.51,77.1,94.51,62.99,8.54,84.96,73.05,F,1,66,67.0,100.0,45.0
 FEMALE ,22.0,Business,66.66,87.39,79.17,58.98,97.95,6.14,96.55,51.97,C,0,97,94.0,91.0,49.0
 MALE ,20.0,CS,72.44,82.87,86.01,60.01,79.43,0.48,58.95,87.15,C,0,92,82.0,70.0,55.0
Male,22.0,CS,64.33,57.75,,95.69,74.09,5.96,50.64,84.24,F,0,48,59.0,99.0,95.0
Female,19.0,CS,52.06,86.49,45.77,72.38,94.75,7.31,,58.94,D,0,46,62.0,78.0,60.0
Male,18.0,Engineering,81.44,71.44,54.87,76.75,78.01,2.93,96.87,81.34,F,0,47,53.0,86.0,60.0
Male,22.0,Mathematics,86.21,47.16,56.49,97.4,55.89,6.82,58.58,64.8,C,1,27,64.0,96.0,66.0
Male,19.0,Engineering,68.37,60.58,47.89,78.76,53.89,4.71,93.92,80.98,C,0,73,76.0,60.0,48.0
Male,22.0,Engineering,54.18,71.66,71.62,52.69,54.33,0.76,88.37,75.22,A,0,68,80.0,91.0,61.0
Female,19.0,CS,80.63,49.64,58.18,63.17,81.52,4.68,65.79,55.67,F,1,58,77.0,82.0,25.0
Female,18.0,Computer Science,74.63,98.11,82.69,58.95,79.81,4.06,79.53,64.96,D,0,76,66.0,49.0,79.0
Female,22.0,CS,75.81,58.04,87.5,57.67,99.79,3.09,59.56,81.71,B,1,84,59.0,60.0,61.0
Male,23.0,CS,90.58,99.28,87.21,55.81,94.65,4.86,88.61,70.75,A,0,88,80.0,50.0,54.0
Male,22.0,Business,96.99,,70.72,89.11,85.74,8.4,53.34,50.45,F,0,79,44.0,76.0,29.0
Male,20.0,Business,64.1,95.12,98.09,64.0,99.04,9.63,89.71,98.53,B,0,56,56.0,77.0,63.0
Female,23.0,CS,78.66,85.15,72.72,72.37,81.16,4.08,94.39,98.51,A,1,56,52.0,73.0,37.0
 FEMALE ,21.0, engineering ,84.06,72.94,99.42,60.09,50.73,7.06,89.16,55.04,C,0,85,60.0,82.0,54.0
Female,22.0,CS,57.73,41.8,45.97,60.6,52.88,7.68,75.74,59.66,B,0,57,68.0,80.0,92.0
Male,,CS,61.28,54.95,82.5,56.77,89.76,1.7,80.64,72.64,B,0,84,63.0,58.0,46.0
Male,23.0,Business,71.68,61.4,87.66,52.14,97.49,,57.0,71.1,D,0,48,64.0,78.0,78.0
Male,21.0,Mathematics,51.05,47.81,92.64,50.3,99.72,8.7,84.23,89.5,C,1,62,89.0,52.0,59.0
Female,22.0,Business,52.22,72.66,65.77,52.64,93.48,3.53,90.21,98.15,A,0,65,90.0,59.0,37.0
Female,19.0,Engineering,85.94,51.11,84.48,93.38,79.75,3.89,74.68,91.8,C,0,92,76.0,94.0,90.0
Male,22.0,CS,91.75,64.6,66.42,97.01,51.62,9.5,50.4,69.52,D,0,58,96.0,48.0,49.0
Female,22.0,Engineering,70.08,63.23,89.57,,56.0,5.3,98.05,89.55,A,0,86,85.0,79.0,69.0
Male,20.0,Engineering,89.75,77.76,67.35,52.47,87.17,3.57,80.42,75.48,A,1,55,71.0,77.0,47.0
Male,19.0,CS,90.41,94.61,,70.13,96.71,4.49,88.38,59.83,C,0,56,94.0,63.0,74.0
Male,23.0,Business,70.81,49.73,90.1,52.56,71.96,4.13,65.12,56.15,B,1,56,33.0,100.0,100.0
Male,19.0,Business,84.86,85.86,50.75,61.44,98.92,5.99,52.86,95.51,A,1,59,79.0,70.0,41.0
Male,,CS,65.19,98.54,52.76,55.72,94.87,7.5,64.5,76.69,A,0,63,75.0,80.0,72.0
Male,22.0,Engineering,91.88,92.09,95.45,82.39,90.05,0.99,86.96,91.73,C,0,61,66.0,100.0,38.0
Male,22.0,CS,86.91,60.19,97.96,53.17,98.58,8.48,75.5,89.32,B,0,44,96.0,79.0,99.0
Male,21.0,Computer Science,64.07,62.56,56.33,70.74,52.11,3.05,67.99,83.63,B,0,61,71.0,100.0,44.0
Male,21.0,CS,96.46,53.16,73.87,74.12,98.26,5.03,98.42,53.1,A,1,81,64.0,100.0,98.0
Male,20.0,Mathematics,88.34,97.81,59.09,66.1,61.93,7.87,74.38,58.6,B,1,67,65.0,57.0,60.0
Male,21.0,CS,95.65,47.83,93.38,96.52,87.0,9.43,65.69,54.51,A,1,98,66.0,61.0,71.0
Female,21.0,Business,86.32,42.65,51.03,54.92,67.51,1.7,76.94,57.3,B,1,85,62.0,60.0,63.0
Female,20.0,CS,94.29,92.6,91.72,70.48,76.89,6.12,97.01,71.76,D,1,42,71.0,94.0,48.0
Male,22.0,CS,55.27,91.87,46.58,55.84,81.66,3.55,56.08,83.37,A,1,66,62.0,57.0,83.0
Female,21.0,Mathematics,52.03,87.96,87.33,73.69,60.14,5.21,60.78,55.11,A,0,37,74.0,51.0,40.0
Female,21.0,Engineering,61.77,74.43,96.08,61.02,62.51,3.79,87.09,51.83,F,0,29,59.0,93.0,73.0
Male,18.0,Engineering,56.01,49.17,59.57,76.11,70.23,5.52,98.31,60.44,F,1,55,75.0,46.0,46.0
Female,20.0,Engineering,74.81,68.37,46.91,84.26,58.1,1.82,70.72,79.11,B,0,76,37.0,74.0,66.0
Female,23.0,CS,57.17,54.37,52.8,83.0,78.71,2.29,58.69,60.9,A,1,85,23.0,79.0,60.0
Female,23.0,Engineering,97.3,91.33,61.37,78.57,67.36,1.56,,96.1,C,0,27,61.0,82.0,71.0
Male,,CS,66.34,70.43,77.48,59.7,58.28,3.08,96.9,53.35,A,1,60,47.0,74.0,80.0
Male,18.0,Engineering,64.71,49.81,63.36,89.28,61.28,9.32,71.87,93.47,F,0,58,55.0,98.0,75.0
Male,20.0,CS,64.83,83.8,70.45,90.03,76.58,1.61,84.91,55.03,A,0,82,78.0,51.0,50.0
Male,22.0,Mathematics,90.42,82.89,53.81,68.85,76.82,4.65,62.32,85.14,C,0,54,84.0,79.0,39.0
Male,20.0,CS,97.9,64.77,98.49,98.87,62.95,3.18,92.13,73.55,D,1,77,54.0,97.0,27.0
Female,22.0,Business,96.79,99.62,99.53,52.89,88.59,6.55,83.83,63.34,D,0,52,31.0,89.0,66.0
Female,19.0,CS,60.08,90.96,68.07,64.32,58.27,3.1,66.39,65.95,B,0,75,97.0,79.0,54.0
Male,19.0,CS,72.72,50.36,94.88,62.71,55.24,9.5,93.94,51.47,B,0,55,80.0,73.0,54.0
Female,19.0,Business,88.58,87.76,85.86,77.28,99.5,9.52,85.78,96.87,D,0,61,100.0,70.0,65.0
Male,19.0,Engineering,90.28,42.69,56.36,84.07,82.53,4.32,75.15,97.52,D,1,73,51.0,92.0,71.0
Male,19.0,CS,96.98,58.08,74.15,79.73,,0.6,77.68,75.58,B,1,67,100.0,41.0,28.0
 MALE ,21.0,Engineering,58.15,59.77,65.66,57.81,54.37,4.52,52.96,99.53,B,0,84,70.0,85.0,71.0
Female,23.0,Mathematics,91.77,80.9,91.56,86.84,82.8,3.52,83.23,74.18,B,1,91,74.0,88.0,65.0
Female,22.0,CS,91.8,61.56,,72.17,70.23,8.32,68.89,89.34,D,1,96,54.0,53.0,96.0
Male,21.0,Business,71.76,62.79,57.14,91.89,97.63,9.6,71.77,69.43,B,1,64,85.0,86.0,70.0
Female,19.0,Engineering,74.32,71.78,52.32,75.75,78.81,6.05,52.38,57.4,C,0,69,88.0,80.0,71.0
Male,21.0,Business,67.88,77.82,73.97,59.16,62.88,6.46,89.66,91.76,A,0,64,73.0,88.0,66.0
Male,23.0,Engineering,91.4,69.38,94.83,88.04,64.14,7.02,85.4,84.9,C,0,92,88.0,95.0,85.0
Female,18.0, engineering ,54.59,70.13,79.28,88.77,53.94,9.13,58.99,61.57,A,0,69,69.0,70.0,62.0
Female,18.0,Business,71.28,86.43,42.96,64.63,82.02,0.94,67.87,57.89,A,0,38,92.0,50.0,49.0
Male,23.0, engineering ,60.46,58.07,99.69,81.3,71.79,,63.25,74.3,D,1,47,78.0,98.0,64.0
Female,19.0,Engineering,89.84,93.42,48.36,51.8,80.1,0.42,92.72,97.48,D,0,72,100.0,62.0,85.0
Male,,Computer Science,54.88,89.34,54.49,78.75,93.05,9.99,94.94,81.06,C,0,51,54.0,77.0,98.0
Male,18.0,Engineering,89.43,42.49,55.7,50.11,67.14,0.85,60.93,51.63,D,1,78,52.0,75.0,84.0
Female,22.0,BUSINESS,72.77,79.96,93.02,51.96,67.5,3.54,81.41,81.62,F,1,62,62.0,55.0,46.0
Male,18.0,Engineering,61.56,52.99,71.46,59.39,58.42,9.92,91.94,71.34,B,0,67,66.0,49.0,67.0
Male,18.0,CS,52.8,51.17,46.36,52.24,92.54,7.77,88.6,51.59,D,0,73,41.0,81.0,43.0
Female,19.0,CS,82.53,78.85,72.03,51.89,69.81,8.86,90.97,94.5,F,0,65,77.0,68.0,93.0
Male,21.0,CS,87.62,74.88,60.99,85.76,96.62,2.37,62.02,77.2,B,0,100,46.0,65.0,59.0
Male,21.0,CS,71.94,72.41,95.74,69.07,51.51,0.86,71.74,95.85,A,1,28,79.0,99.0,91.0
Male,19.0,CS,57.81,75.28,69.23,54.62,75.25,6.63,83.39,78.5,F,1,78,66.0,100.0,86.0
Male,22.0,CS,58.14,82.17,41.19,59.06,55.59,5.71,89.27,52.26,F,1,72,51.0,61.0,77.0
Male,23.0,Engineering,84.25,91.39,80.84,82.05,87.46,9.67,60.64,65.19,C,0,86,46.0,72.0,58.0
Male,21.0,Mathematics,89.51,77.04,99.05,65.47,52.27,8.9,93.7,66.67,A,0,73,47.0,77.0,87.0
Male,22.0,CS,50.24,94.95,55.78,52.02,59.52,0.69,61.95,83.35,A,0,50,66.0,78.0,67.0
Female,20.0,Computer Science,98.48,62.8,87.68,85.59,,4.29,56.01,64.14,B,1,54,63.0,63.0,58.0
Female,23.0,Business,95.9,47.64,,55.49,83.55,9.62,80.9,78.57,A,1,27,46.0,85.0,72.0
Female,,CS,65.51,58.82,57.9,82.49,50.66,9.22,57.82,84.88,F,1,72,85.0,75.0,62.0
Male,19.0,CS,69.48,82.16,52.24,53.04,71.09,3.28,54.13,79.11,A,0,74,73.0,73.0,49.0
Female,20.0,CS,84.2,77.12,70.25,96.58,84.15,1.12,53.78,95.19,D,0,43,62.0,64.0,82.0
Male,20.0,Engineering,75.58,46.66,41.35,78.11,81.54,8.11,97.88,98.45,C,1,68,99.0,88.0,61.0
Male,19.0,Engineering,65.68,88.71,93.97,60.08,99.91,1.8,62.5,80.9,F,1,71,55.0,66.0,100.0
Male,23.0,Math,87.33,68.36,85.42,,75.85,8.69,75.43,62.6,D,0,75,66.0,89.0,75.0
Male,20.0,Business,81.5,91.27,75.48,78.36,72.1,7.2,95.78,81.87,D,0,90,76.0,80.0,97.0
Male,, engineering ,78.78,94.61,97.15,87.94,58.61,8.64,54.34,68.19,A,0,34,85.0,33.0,70.0
Female,19.0,Mathematics,93.8,54.18,79.52,90.87,86.44,7.73,77.91,62.89,B,0,67,87.0,40.0,82.0
Female,23.0,CS,62.37,71.71,98.92,88.4,84.83,2.93,66.67,59.95,B,1,73,63.0,64.0,84.0
Female,21.0,Business,75.76,44.15,75.24,76.63,75.57,6.92,94.79,90.39,F,1,36,100.0,76.0,60.0
Male,21.0,CS,66.9,84.43,75.94,94.55,59.68,5.27,51.11,88.98,D,1,74,54.0,95.0,76.0
Female,21.0,Business,90.34,55.44,90.4,54.65,90.73,2.46,61.82,54.24,A,0,58,100.0,60.0,70.0
Female,21.0,CS,65.86,56.31,67.97,70.1,95.74,7.39,83.8,87.9,A,0,56,100.0,96.0,74.0
Female,18.0,Business,91.18,44.43,81.41,60.79,95.34,8.15,65.86,68.1,A,0,76,73.0,79.0,60.0
Female,21.0,CS,96.18,72.1,79.93,74.08,61.62,1.24,56.09,66.15,A,1,45,75.0,43.0,53.0
Male,22.0,CS,54.96,70.95,46.14,55.74,75.98,7.49,66.16,94.17,B,1,59,72.0,66.0,68.0
Female,19.0,Engineering,68.47,96.73,70.88,86.08,97.13,0.24,98.61,77.99,B,1,64,71.0,81.0,63.0
Male,20.0,Business,80.59,87.73,82.51,58.09,94.42,0.83,67.15,77.7,D,0,33,72.0,66.0,88.0
Female,19.0,Computer Science,61.74,46.47,58.47,63.28,70.44,8.55,76.66,51.19,F,0,38,49.0,69.0,71.0
Female,21.0,CS,,65.55,52.44,90.2,60.2,1.96,53.8,91.48,B,0,78,71.0,44.0,84.0
Female,20.0,Engineering,94.82,91.5,93.97,60.83,65.34,9.13,90.31,77.7,F,0,74,91.0,72.0,73.0
Female,22.0,Business,74.46,74.93,97.15,70.68,76.08,5.84,98.76,88.15,A,1,57,82.0,82.0,64.0
Female,19.0,Mathematics,56.54,42.14,54.33,71.76,57.14,8.22,93.73,67.12,F,0,76,100.0,73.0,78.0
Female,20.0,CS,54.17,44.21,61.5,73.0,62.36,1.43,63.3,50.46,B,0,55,62.0,72.0,71.0
Female,23.0,Mathematics,53.49,92.72,80.89,59.89,91.4,9.53,63.91,55.78,D,0,59,74.0,66.0,50.0
Female,18.0,CS,78.31,62.39,52.93,61.59,76.13,8.47,68.34,59.95,A,1,36,36.0,95.0,68.0
Female,21.0,CS,80.07,74.81,84.35,86.1,78.4,8.34,68.7,52.6,F,0,66,90.0,90.0,76.0
Male,21.0,CS,52.39,95.18,61.86,59.59,73.35,8.14,84.82,54.09,B,0,64,46.0,97.0,38.0
Female,23.0,CS,74.41,51.75,61.17,95.04,81.36,4.53,94.43,88.23,A,0,51,100.0,86.0,98.0
Male,23.0,Engineering,80.44,94.14,61.4,59.86,75.73,4.8,67.65,59.96,B,0,61,57.0,74.0,65.0
Female,20.0,Business,70.93,89.01,77.73,72.54,91.09,9.71,93.63,78.16,C,0,27,70.0,100.0,80.0
Female,19.0,CS,68.7,53.82,51.34,61.85,67.22,5.43,54.34,88.46,D,0,100,96.0,63.0,48.0
Female,21.0,Mathematics,73.08,92.82,73.14,90.81,63.27,3.45,90.97,70.52,C,0,44,63.0,69.0,69.0
Male,23.0,CS,73.4,96.14,52.54,92.67,97.46,3.71,80.22,72.66,C,1,66,100.0,69.0,93.0
Male,22.0,Engineering,65.1,85.04,75.3,57.67,62.15,0.99,59.17,92.64,B,1,61,100.0,93.0,66.0
Male,23.0,CS,99.02,80.88,81.15,76.61,77.02,7.01,,70.47,D,1,67,69.0,75.0,94.0
Male,23.0,Business,56.83,71.4,87.95,60.78,83.44,1.55,62.04,61.67,C,1,50,46.0,78.0,74.0
Male,18.0,CS,67.92,59.98,74.37,71.58,66.33,6.99,74.61,64.96,D,1,83,40.0,92.0,74.0
Female,20.0,Mathematics,87.62,95.7,53.94,59.64,58.73,0.35,83.08,66.82,A,0,69,60.0,98.0,84.0
Male,23.0,CS,99.85,97.48,44.6,90.73,75.25,7.33,81.23,73.47,A,0,88,80.0,52.0,64.0
Male,18.0,CS,67.96,51.13,45.24,90.96,62.69,8.89,75.74,93.93,B,1,29,35.0,66.0,77.0
Female,23.0,Engineering,98.14,89.46,40.81,56.35,90.89,9.45,85.39,61.39,C,0,62,30.0,63.0,81.0
Female,23.0,Business,62.56,71.78,61.28,,56.52,9.48,75.22,63.73,C,0,57,69.0,58.0,70.0
Female,23.0,Engineering,86.57,74.59,96.9,76.58,59.25,4.47,84.71,81.62,A,0,57,67.0,83.0,26.0
Female,22.0,Mathematics,51.81,90.8,94.29,63.0,94.87,4.73,,96.34,F,1,27,65.0,70.0,59.0
Female,19.0,Mathematics,90.48,96.11,47.13,98.82,84.92,5.11,56.49,63.92,D,0,65,74.0,100.0,90.0
Female,19.0,Business,97.36,,43.21,86.52,50.43,5.73,86.35,53.99,D,0,50,78.0,79.0,72.0
Male,22.0,CS,68.09,94.05,82.65,69.09,63.67,5.59,91.49,89.07,C,1,30,89.0,69.0,100.0
Female,20.0,Engineering,91.82,83.37,55.1,64.66,70.27,2.12,67.06,86.97,A,0,56,93.0,64.0,83.0
Female,22.0,CS,88.84,97.64,89.31,69.04,57.97,0.01,84.1,51.07,C,0,62,44.0,100.0,79.0
Male,18.0,Business,99.08,61.06,56.75,66.93,61.45,0.19,66.23,95.57,C,1,89,50.0,83.0,80.0
Female,23.0,CS,77.65,57.89,84.73,97.39,53.12,1.18,99.43,50.74,B,0,56,92.0,63.0,77.0
Female,19.0,Engineering,61.96,86.75,90.41,97.68,96.17,0.91,78.07,55.17,D,1,34,60.0,79.0,66.0
Male,20.0,Business,52.2,56.19,74.26,85.87,99.05,2.31,82.71,80.84,F,1,85,77.0,77.0,88.0
Male,22.0,CS,52.13,63.44,90.21,79.38,80.95,3.77,97.86,67.3,B,0,57,56.0,80.0,73.0
Female,21.0,CS,79.88,79.94,85.3,75.93,50.54,7.37,58.7,72.05,D,1,71,53.0,94.0,64.0
Female,19.0,CS,75.82,50.46,82.64,98.28,60.14,1.61,74.66,68.5,C,1,75,66.0,86.0,61.0
Male,21.0,Computer Science,69.63,88.55,63.36,57.14,84.64,9.99,86.83,89.33,B,0,75,82.0,87.0,40.0
Male,18.0,CS,79.79,97.27,96.28,96.44,78.88,2.37,97.71,67.13,B,1,81,49.0,34.0,70.0
Female,21.0,CS,54.5,55.24,46.19,85.61,91.18,7.63,92.7,94.36,A,0,82,67.0,68.0,57.0
Female,18.0,CS,54.22,80.65,73.54,74.82,62.56,4.93,87.41,61.29,D,0,73,57.0,46.0,77.0
Female,23.0,Engineering,,87.02,84.57,65.42,79.76,2.79,85.79,61.29,D,1,70,28.0,81.0,48.0
Female,18.0,Engineering,57.48,42.69,52.59,58.8,62.07,0.13,52.39,98.05,C,1,36,67.0,42.0,75.0
Female,,CS,59.23,69.5,78.02,54.67,75.06,3.96,86.71,57.01,D,0,70,80.0,52.0,78.0
Male,23.0,Engineering,62.39,91.74,82.23,90.5,89.19,1.33,64.88,88.03,B,0,82,83.0,86.0,61.0
Female,20.0,CS,65.34,55.23,82.94,78.59,62.74,5.01,91.85,50.09,D,0,52,31.0,97.0,61.0
Female,20.0,Business,61.65,50.84,67.07,90.78,59.75,6.52,72.38,84.91,F,1,27,42.0,71.0,71.0
Female,19.0,CS,70.5,76.19,99.79,91.04,67.46,9.19,56.72,73.63,B,0,27,74.0,100.0,68.0
Male,19.0,Mathematics,63.63,65.1,70.8,75.42,77.4,6.88,53.68,53.64,F,1,30,60.0,91.0,86.0
Female,22.0,CS,80.09,98.3,48.1,,53.98,9.31,82.01,90.51,F,1,69,43.0,96.0,67.0
Female,18.0,CS,91.83,64.27,47.05,74.24,97.71,4.0,84.11,56.61,F,1,58,91.0,92.0,81.0
Male,20.0,CS,76.26,59.94,41.7,59.84,90.28,9.43,96.35,64.2,B,0,59,85.0,81.0,81.0
Male,23.0,Engineering,97.44,92.22,94.89,87.41,94.78,8.53,70.6,59.42,A,0,54,82.0,65.0,60.0
Male,23.0,CS,59.14,53.41,61.85,80.94,61.24,2.55,82.49,86.06,C,0,85,36.0,73.0,84.0
Male,19.0,CS,95.49,91.33,46.99,64.72,84.65,7.29,77.04,91.87,B,0,53,80.0,72.0,51.0
Male,,Engineering,68.47,43.49,90.86,89.37,77.69,1.93,51.58,61.19,B,0,46,49.0,80.0,76.0
Female,19.0,CS,90.03,90.5,47.78,62.53,72.98,0.05,88.89,65.95,C,1,43,92.0,73.0,87.0
Male,18.0,CS,66.74,79.07,55.69,65.82,76.98,0.23,89.33,96.71,B,0,94,24.0,87.0,47.0
Male,23.0,Engineering,89.89,58.31,99.49,61.81,52.75,3.97,56.8,73.52,C,1,79,23.0,99.0,76.0
Male,18.0,CS,90.36,61.06,65.4,75.22,74.4,8.34,87.47,90.47,A,0,62,93.0,81.0,85.0
Female,19.0,Mathematics,63.17,52.98,99.9,63.47,91.43,0.61,75.74,51.73,A,0,74,88.0,74.0,79.0
Female,22.0,Business,74.61,92.17,73.35,57.19,63.69,3.61,,50.06,A,1,33,65.0,78.0,90.0
Female,22.0,CS,67.39,46.13,66.63,84.49,88.68,3.32,82.3,91.34,F,0,55,96.0,40.0,84.0
Male,18.0,Mathematics,78.0,66.14,76.18,58.91,65.29,8.27,60.79,72.31,A,0,37,89.0,86.0,76.0
Female,22.0,Business,93.61,60.48,85.56,72.08,51.74,5.13,96.08,51.15,A,1,70,63.0,73.0,79.0
Female,20.0,Engineering,83.57,52.68,51.51,76.19,85.87,0.57,75.17,83.0,D,1,27,80.0,49.0,66.0
Male,19.0,CS,71.33,71.1,74.51,81.64,91.51,6.14,71.58,71.82,C,0,41,75.0,85.0,67.0
Male,19.0,CS,63.75,72.5,44.13,59.38,62.94,7.81,97.09,82.9,C,1,95,74.0,98.0,66.0
Female,23.0,CS,67.7,52.51,95.2,85.82,61.91,1.85,67.87,53.33,A,1,56,42.0,93.0,87.0
Female,20.0, engineering ,71.86,88.5,62.13,88.28,78.71,7.19,56.7,83.31,A,0,58,88.0,49.0,77.0
Male,18.0,Engineering,55.54,,93.22,67.54,96.15,1.0,55.75,90.53,D,1,28,23.0,57.0,53.0
Male,23.0,Engineering,50.69,51.23,,50.49,65.4,4.66,80.75,51.13,F,0,64,75.0,72.0,75.0
Male,23.0,Engineering,85.85,81.82,48.48,82.14,64.82,4.65,68.63,84.43,C,1,78,58.0,92.0,32.0
Female,22.0,CS,58.64,59.28,91.4,70.24,52.51,2.08,63.73,63.01,A,0,69,60.0,62.0,51.0
Male,19.0,CS,93.17,90.91,71.86,56.21,92.58,5.42,59.38,64.85,B,0,73,62.0,100.0,90.0
Female,19.0,Mathematics,54.69,70.81,64.16,61.8,,9.69,60.07,53.96,A,1,72,35.0,65.0,70.0
Male,20.0,CS,50.72,61.54,74.67,79.67,85.91,1.86,65.16,86.94,D,0,47,61.0,70.0,64.0
Female,18.0,Mathematics,88.29,85.48,69.78,99.47,79.31,2.36,,66.72,F,1,76,51.0,84.0,47.0
Female,18.0,CS,86.01,60.69,79.57,67.78,85.75,9.0,61.65,60.34,D,0,75,70.0,69.0,61.0
Male,23.0,Engineering,79.12,51.89,57.87,62.91,84.15,0.89,76.66,52.47,D,1,61,88.0,98.0,69.0
Female,23.0,Business,85.15,83.35,71.16,55.85,60.02,3.57,94.57,66.34,C,0,100,80.0,100.0,83.0
Female,22.0,Engineering,94.1,79.68,71.06,80.54,67.47,6.84,80.37,91.49,F,0,61,79.0,42.0,63.0
Male,22.0,Engineering,65.13,48.84,73.85,57.19,79.54,3.16,53.17,80.9,B,1,74,67.0,78.0,86.0
Female,22.0,Business,53.81,96.07,93.54,83.35,65.21,4.16,50.49,99.8,C,1,78,44.0,73.0,61.0
Male,19.0,CS,51.98,80.46,74.2,54.86,79.28,2.18,57.85,59.93,F,0,67,84.0,72.0,62.0
Male,18.0,Business,53.76,94.91,61.83,52.47,53.06,6.51,91.76,95.91,A,0,27,59.0,76.0,69.0
Female,22.0,CS,64.75,88.84,66.86,53.4,93.15,1.08,71.81,55.03,F,1,38,85.0,53.0,66.0
Male,23.0,Engineering,73.44,83.7,80.2,61.35,95.35,8.42,56.06,92.67,A,0,52,57.0,77.0,46.0
 FEMALE ,23.0,CS,78.12,45.83,92.41,92.76,62.37,6.48,86.07,71.2,D,1,47,79.0,98.0,66.0
Female,20.0,Business,55.37,57.66,57.04,90.01,88.11,4.62,93.58,98.92,C,1,31,60.0,65.0,77.0
Male,23.0,CS,84.75,43.19,42.44,81.9,72.55,2.54,50.53,50.65,F,1,54,39.0,62.0,76.0
Female,22.0,Engineering,82.86,64.38,91.71,58.36,81.68,6.14,57.75,91.37,B,0,58,78.0,77.0,47.0
Male,23.0,Business,57.5,68.72,52.15,69.9,65.95,4.82,71.71,90.71,B,0,69,45.0,49.0,65.0
Female,21.0,Engineering,92.79,41.9,99.13,87.75,67.95,7.13,93.52,78.32,C,0,87,53.0,46.0,85.0
Female,20.0,Engineering,88.89,58.32,99.93,78.63,94.55,8.98,95.57,68.1,B,0,28,62.0,45.0,50.0
Male,19.0,Engineering,87.14,97.02,85.4,94.68,83.18,1.54,90.67,70.12,C,0,80,92.0,61.0,83.0
Female,20.0,Engineering,95.98,44.83,57.5,60.65,75.7,7.82,98.65,74.23,A,0,88,78.0,96.0,63.0
Female,22.0,Engineering,93.71,41.74,55.68,98.15,53.17,3.6,89.01,60.64,D,1,100,88.0,85.0,63.0
Male,19.0,Engineering,89.82,93.72,82.81,93.94,96.8,4.11,95.32,65.77,D,1,37,55.0,35.0,61.0
Male,19.0,Mathematics,77.97,66.23,88.69,66.01,85.68,8.59,79.85,63.93,B,0,78,100.0,81.0,59.0
Female,20.0,Business,66.98,83.9,62.35,55.44,88.81,9.36,73.82,53.54,C,1,66,50.0,86.0,34.0
Female,22.0,CS,50.41,86.45,82.02,52.85,78.06,1.92,98.48,81.49,A,0,79,69.0,56.0,66.0
Male,,Engineering,74.15,85.64,60.29,82.74,52.27,8.74,62.98,87.39,A,0,27,86.0,95.0,61.0
Female,20.0,Engineering,60.83,57.17,66.45,78.1,76.23,2.1,52.56,53.36,D,0,84,88.0,75.0,48.0
Male,21.0,Business,85.6,48.52,51.0,53.16,54.7,4.22,58.22,83.6,D,1,33,80.0,68.0,66.0
Female,18.0,CS,55.08,63.96,85.3,74.2,88.57,1.81,87.83,53.95,C,1,62,76.0,87.0,68.0
Female,22.0,CS,80.92,65.98,61.07,85.91,87.28,4.17,67.68,83.95,A,0,28,71.0,100.0,66.0
Male,18.0,CS,88.09,52.24,59.4,70.1,67.99,6.17,99.44,62.56,B,0,54,41.0,55.0,32.0
Male,21.0,Engineering,61.69,71.23,50.89,63.83,73.73,3.42,53.8,74.29,C,1,40,100.0,20.0,92.0
Female,19.0,Engineering,56.48,94.4,84.47,68.58,96.45,8.66,89.66,70.24,A,0,74,69.0,67.0,66.0
Male,23.0,CS,55.26,66.12,63.38,51.96,64.0,8.22,99.69,58.37,B,0,27,79.0,100.0,77.0
Male,19.0,Math,69.39,67.5,44.56,72.24,71.13,0.33,67.07,50.22,D,0,63,94.0,58.0,70.0
Male,18.0,Engineering,75.36,81.35,48.76,55.91,97.36,2.65,86.25,83.82,F,1,30,36.0,80.0,96.0
Male,19.0,Engineering,92.23,75.96,62.26,71.81,75.36,0.34,69.62,68.43,B,1,100,53.0,57.0,88.0
Male,21.0,Business,93.37,44.3,84.43,94.04,91.68,0.79,80.61,51.08,A,1,40,63.0,76.0,63.0
Male,21.0,Business,62.11,45.65,74.58,53.81,58.88,1.72,70.72,51.07,D,0,73,56.0,71.0,37.0
Female,20.0,CS,91.81,,,77.54,79.45,8.38,88.02,74.98,A,0,67,76.0,44.0,94.0
Male,20.0,Business,50.41,79.2,45.19,76.78,81.81,6.53,67.24,60.24,A,0,34,46.0,88.0,77.0
Female,22.0,Engineering,79.11,42.11,65.11,57.34,99.88,5.86,64.73,58.9,C,1,69,30.0,57.0,83.0
Male,19.0,Engineering,52.24,72.85,72.81,,55.98,3.1,97.0,56.92,F,1,87,40.0,93.0,90.0
Male,23.0,Business,69.51,57.41,56.04,91.06,50.16,6.57,87.83,86.58,D,1,64,93.0,84.0,64.0
Male,23.0,Mathematics,76.15,88.56,55.72,70.61,88.76,0.43,95.86,95.01,B,1,59,23.0,79.0,59.0
Male,21.0,CS,82.07,91.82,42.6,70.41,70.21,7.23,58.12,90.1,A,1,71,74.0,76.0,77.0
Male,22.0,CS,92.77,71.08,55.95,64.42,95.11,5.41,99.67,77.24,F,0,100,42.0,100.0,87.0
Male,22.0,Business,,85.97,87.5,58.62,65.32,9.69,52.4,69.37,B,0,73,64.0,85.0,71.0
Male,19.0,Mathematics,72.93,57.08,83.73,68.67,76.08,2.16,66.2,73.99,F,0,63,100.0,64.0,55.0
Male,18.0,CS,63.95,78.37,80.49,98.73,76.63,8.27,53.37,74.61,D,1,79,58.0,79.0,78.0
Female,20.0,Business,82.84,56.69,65.27,66.81,75.45,7.33,90.18,57.47,F,1,79,85.0,60.0,54.0
Female,21.0,CS,86.7,86.54,52.29,55.41,52.33,5.52,79.55,79.68,B,0,67,61.0,74.0,79.0
Male,18.0,Engineering,51.64,60.37,55.15,83.98,58.63,9.28,69.76,55.84,B,0,97,81.0,99.0,70.0
Male,22.0,CS,67.58,87.37,65.62,67.81,87.66,3.04,68.15,97.72,A,1,52,86.0,71.0,51.0
Female,19.0,Business,85.16,48.83,85.73,69.44,56.87,4.61,64.41,69.09,C,0,90,45.0,67.0,100.0
Male,18.0,Business,55.19,92.01,58.43,67.53,84.93,9.3,59.8,86.24,A,1,37,88.0,75.0,94.0
Female,20.0,CS,93.36,75.08,70.19,86.71,87.64,5.21,74.28,81.36,B,0,91,100.0,84.0,59.0
Female,20.0,CS,82.86,83.36,80.14,73.35,57.48,6.24,98.76,96.71,A,0,50,68.0,100.0,51.0
Female,21.0,CS,91.07,71.61,71.32,77.52,59.77,9.88,56.38,75.68,C,0,60,72.0,97.0,61.0
Female,23.0,CS,56.95,99.17,82.91,93.08,66.84,1.44,,95.46,B,1,67,40.0,75.0,50.0
Female,18.0,Engineering,68.48,76.83,98.08,97.5,57.0,5.67,67.37,50.54,D,0,78,73.0,61.0,65.0
Male,21.0,Engineering,99.88,65.48,45.83,67.73,50.46,6.55,88.5,52.42,A,0,50,84.0,39.0,66.0
Male,23.0,Engineering,83.26,48.04,84.94,60.34,74.15,5.0,72.11,65.24,D,1,81,84.0,100.0,81.0
Female,,Mathematics,65.98,86.17,51.79,57.97,56.89,1.27,56.29,67.89,B,1,87,60.0,95.0,83.0
Female,22.0,Engineering,69.56,92.33,98.49,74.2,85.71,9.69,77.99,54.99,D,1,46,76.0,68.0,72.0
Male,18.0,CS,,99.11,90.02,79.19,77.43,6.63,62.33,75.98,C,0,58,67.0,67.0,74.0
Male,23.0,Engineering,83.25,84.52,60.12,67.94,70.49,6.0,68.7,95.53,B,1,57,52.0,85.0,73.0
Male,23.0,CS,51.07,92.05,81.43,68.56,72.55,9.77,84.63,88.61,F,0,67,60.0,60.0,85.0
Female,,Business,76.64,,90.85,93.76,74.61,2.58,50.78,85.04,B,0,29,58.0,50.0,64.0
Female,20.0,Computer Science,55.37,82.62,61.19,85.04,67.01,3.51,73.01,62.21,A,1,56,71.0,100.0,71.0
Male,22.0,Mathematics,98.57,,90.78,53.83,65.17,5.63,86.55,57.58,A,1,38,91.0,79.0,98.0
Female,21.0,Mathematics,56.42,59.59,81.16,80.44,93.32,6.27,91.11,51.26,C,0,60,75.0,74.0,76.0
Male,22.0,CS,96.79,46.5,56.57,93.0,53.28,5.62,58.5,65.1,D,0,27,46.0,85.0,63.0
Male,21.0,CS,94.36,40.78,44.21,59.79,99.03,9.49,55.19,97.59,F,0,60,78.0,96.0,56.0
Female,19.0,CS,,77.37,98.3,58.54,56.34,6.55,90.02,78.8,D,1,74,53.0,75.0,90.0
Male,21.0,CS,86.11,72.64,72.46,95.73,90.47,9.46,82.2,94.04,F,0,75,71.0,85.0,77.0
Male,18.0,Computer Science,81.55,58.4,71.44,86.27,57.58,9.61,99.62,86.35,C,1,65,77.0,100.0,35.0
Female,22.0,Engineering,86.45,43.14,48.5,66.88,58.26,9.39,93.1,75.29,B,0,62,84.0,61.0,71.0
Female,19.0,CS,88.38,88.78,63.43,51.04,96.0,3.74,87.37,74.04,A,0,62,75.0,85.0,80.0
 FEMALE ,21.0,Business,70.26,94.39,86.82,87.25,82.84,1.28,80.04,51.32,B,1,34,78.0,100.0,50.0
Female,23.0,Engineering,55.85,46.41,75.75,62.69,63.36,9.88,72.61,81.65,A,1,58,83.0,84.0,50.0
Female,19.0,Business,85.39,78.59,,80.69,94.53,,68.71,85.48,B,0,35,70.0,100.0,90.0
Male,23.0,Engineering,58.12,95.44,61.46,83.43,56.68,6.83,70.85,90.78,B,1,75,84.0,100.0,42.0
Female,20.0,Engineering,58.0,92.2,51.66,62.57,94.51,7.54,80.52,90.01,C,1,68,95.0,73.0,88.0
Female,22.0,Business,70.38,71.95,60.77,55.51,51.54,8.85,95.4,99.22,D,1,56,30.0,100.0,91.0
Male,23.0,Business,79.79,56.94,80.32,93.18,57.2,7.7,54.53,70.34,C,1,73,43.0,65.0,37.0
Female,21.0,Engineering,56.85,69.32,82.7,79.05,95.81,8.48,96.99,62.29,F,1,65,52.0,85.0,89.0
Female,23.0,Engineering,56.67,45.58,72.61,57.7,56.2,6.63,62.87,65.49,B,1,69,72.0,88.0,51.0
Female,19.0,Mathematics,50.02,46.39,46.05,88.22,79.43,6.25,59.07,87.61,C,0,62,51.0,71.0,41.0
Male,20.0,CS,56.54,74.95,,64.75,58.31,5.34,92.65,60.59,F,0,70,86.0,99.0,73.0
Male,23.0,CS,87.43,74.28,85.35,97.17,54.97,0.38,52.94,78.62,A,0,70,91.0,57.0,46.0
Male,23.0,Engineering,81.58,81.29,60.53,55.83,91.97,2.96,97.62,73.78,C,1,73,28.0,39.0,66.0
Male,21.0,CS,58.71,54.96,54.36,66.6,55.85,4.96,89.01,93.18,D,0,57,96.0,76.0,82.0
Male,18.0,Business,72.09,59.12,58.63,93.56,66.89,1.99,82.01,85.9,A,0,70,86.0,53.0,78.0
Male,19.0,Business,89.36,49.45,41.94,88.0,92.87,8.82,97.05,57.37,A,1,47,85.0,58.0,99.0
Female,18.0,Business,89.07,77.23,47.65,60.94,54.41,0.52,85.83,64.79,C,0,27,45.0,74.0,92.0
Female,23.0,CS,99.34,59.07,88.29,66.25,89.81,4.26,66.25,65.89,A,1,41,89.0,94.0,67.0
Male,22.0,CS,64.38,93.4,48.83,82.43,54.49,5.69,57.04,62.15,B,1,61,73.0,78.0,58.0
Female,19.0,CS,87.94,52.14,42.35,69.52,79.07,2.09,96.91,78.83,A,0,53,80.0,79.0,96.0
Female,19.0,Engineering,64.05,41.98,43.39,86.56,60.84,4.06,55.57,79.3,B,1,54,62.0,85.0,43.0
Female,21.0,CS,80.97,49.07,68.3,84.09,66.58,4.37,86.66,62.78,B,1,30,87.0,82.0,79.0
Female,22.0,CS,93.47,88.95,76.09,91.17,81.75,7.42,69.93,65.39,C,0,92,87.0,97.0,44.0
Male,22.0,CS,94.18,43.57,75.84,91.96,52.19,6.89,67.4,78.39,D,1,77,36.0,100.0,50.0
Female,22.0,Mathematics,92.28,80.91,88.35,61.75,93.42,8.87,,60.5,A,0,53,57.0,75.0,56.0
Female,23.0,CS,72.69,75.71,94.66,,60.35,,69.26,76.51,D,1,57,63.0,97.0,74.0
Female,21.0,CS,81.34,49.62,44.2,77.71,62.27,2.99,70.85,95.5,A,0,69,65.0,95.0,37.0
Male,19.0, engineering ,75.8,94.74,94.81,69.93,64.05,5.34,57.89,67.57,C,1,60,80.0,98.0,66.0
 MALE ,22.0,Mathematics,81.56,65.3,94.4,51.99,75.35,5.85,54.11,61.67,A,0,75,51.0,87.0,79.0
Male,23.0,CS,66.25,99.34,97.96,82.46,55.8,5.49,89.15,91.06,C,1,73,72.0,86.0,76.0
Female,20.0,CS,75.82,78.32,95.15,82.05,56.86,3.18,79.46,76.29,B,0,67,50.0,77.0,33.0
Male,22.0,Engineering,61.64,85.51,83.43,97.82,86.45,4.11,75.77,59.31,C,0,71,42.0,86.0,53.0
Female,23.0,CS,59.27,64.24,57.4,79.42,93.44,4.13,94.58,64.82,F,0,55,43.0,66.0,70.0
 MALE ,19.0,Business,,41.06,48.1,66.88,61.72,7.78,50.14,54.39,C,0,83,67.0,96.0,72.0
Male,22.0,Mathematics,68.6,73.12,54.5,85.56,91.42,8.63,56.79,78.46,B,0,86,31.0,82.0,69.0
Male,19.0,Business,53.36,53.18,59.91,75.56,74.36,4.85,84.68,86.0,F,1,56,72.0,67.0,64.0
Male,23.0,Business,50.94,89.58,42.13,87.39,75.17,7.04,67.26,68.74,A,1,63,91.0,94.0,85.0
Female,22.0,CS,78.98,71.69,76.04,92.06,70.0,3.55,65.6,89.66,B,0,53,77.0,70.0,83.0
Female,19.0,Business,93.09,81.67,68.98,82.61,96.11,7.78,64.32,61.2,D,0,82,75.0,100.0,79.0
Female,22.0,Engineering,97.18,86.76,81.24,77.24,95.14,6.42,60.86,57.0,B,0,56,60.0,61.0,70.0
Female,21.0,Mathematics,67.34,41.16,,68.67,99.83,8.85,90.07,88.14,A,1,30,96.0,82.0,72.0
Female,18.0,CS,52.14,65.52,99.11,76.05,61.32,5.48,93.15,79.67,D,1,63,77.0,69.0,81.0
Female,19.0,Engineering,92.3,75.97,97.75,68.62,78.46,1.2,95.34,86.68,A,1,61,90.0,51.0,67.0
Female,20.0,Business,58.59,86.49,79.04,73.27,97.99,3.0,60.25,58.73,A,0,27,92.0,91.0,71.0
Male,23.0,Engineering,56.1,73.94,43.7,57.57,65.35,2.7,97.99,63.99,C,0,91,68.0,92.0,84.0
Male,21.0,Engineering,90.88,,81.69,89.37,75.92,3.59,97.14,78.12,F,1,50,63.0,95.0,83.0
Male,22.0,Engineering,82.08,67.18,91.09,52.86,65.86,7.61,89.84,68.11,F,0,76,81.0,48.0,71.0
Male,20.0,CS,85.29,62.47,74.19,89.28,69.9,,52.32,60.13,B,1,51,99.0,72.0,72.0
Male,19.0,CS,73.56,84.99,92.46,87.42,89.71,5.27,76.74,59.01,A,0,55,52.0,58.0,26.0
Female,20.0,CS,68.51,77.26,90.42,56.34,57.54,3.36,66.87,63.1,C,0,33,69.0,64.0,86.0
Male,19.0,Engineering,95.06,95.04,85.17,71.79,72.02,3.88,85.73,58.37,B,0,67,77.0,70.0,48.0
Male,21.0,Business,93.59,81.65,87.77,54.89,69.65,5.75,77.24,55.41,D,0,100,60.0,86.0,31.0
Female,,Mathematics,95.72,72.46,45.96,78.85,99.03,4.78,64.48,55.74,F,0,71,84.0,54.0,51.0
Female,23.0,Engineering,72.34,57.37,71.2,85.26,54.83,7.76,56.17,75.2,F,1,70,23.0,77.0,52.0
Female,23.0,Business,64.41,81.4,95.12,84.82,77.81,8.9,74.64,69.58,B,1,74,100.0,46.0,79.0
Female,19.0,Engineering,65.02,49.94,41.71,88.49,62.61,3.16,65.5,51.59,C,1,68,100.0,67.0,78.0
Male,18.0,Business,51.05,90.4,87.7,94.72,74.38,7.37,64.43,84.56,A,0,55,100.0,34.0,61.0
Male,23.0, engineering ,80.43,64.96,40.32,82.44,77.88,0.71,62.67,65.97,C,1,50,68.0,60.0,60.0
Female,21.0,Engineering,83.75,85.71,69.02,72.43,99.43,,60.15,73.71,A,0,52,60.0,89.0,50.0
Female,18.0,Engineering,59.21,71.02,63.76,52.8,,4.6,55.04,77.6,C,0,27,87.0,74.0,45.0
Female,22.0, engineering ,64.45,93.23,74.53,50.69,71.77,8.74,60.77,73.02,A,1,29,49.0,64.0,53.0
Female,19.0,Business,72.15,73.93,93.4,95.05,63.11,2.09,64.67,58.78,C,1,88,76.0,80.0,98.0
Male,,Engineering,54.63,94.0,41.32,56.68,72.94,2.19,84.65,54.57,C,0,58,70.0,79.0,37.0
Female,21.0,Mathematics,67.73,52.02,78.74,85.33,70.23,0.82,81.96,75.47,F,1,70,66.0,62.0,99.0
Male,23.0,Engineering,80.85,45.19,76.0,98.11,80.96,6.49,52.56,66.77,F,0,97,100.0,88.0,63.0
Female,20.0,Business,62.8,86.85,66.59,63.58,76.53,2.8,92.61,70.65,C,0,83,73.0,91.0,72.0
Male,18.0,Engineering,75.86,93.98,93.35,89.22,84.51,7.58,88.67,69.61,C,0,56,73.0,86.0,77.0
Male,21.0,Business,88.67,56.97,68.55,51.15,75.93,9.02,96.77,78.21,A,0,73,47.0,91.0,59.0
Female,20.0,Engineering,86.03,51.94,85.94,57.24,92.45,4.18,98.35,69.6,F,0,75,83.0,72.0,100.0
Female,22.0,CS,68.87,61.32,91.53,51.11,64.22,1.69,61.24,85.15,A,0,51,53.0,86.0,52.0
 FEMALE ,22.0,Business,53.12,40.18,71.84,87.54,91.46,3.79,83.56,66.12,A,1,51,92.0,79.0,61.0
Female,22.0,Engineering,86.25,42.23,63.97,59.2,59.81,1.77,77.68,82.69,C,0,91,62.0,63.0,42.0
Male,20.0,CS,71.99,43.88,79.61,95.54,84.99,5.49,70.18,67.43,D,1,32,69.0,80.0,73.0
Female,20.0,Business,71.25,68.34,64.84,68.24,87.08,0.75,92.53,82.87,B,1,38,44.0,100.0,56.0
Female,22.0,CS,53.31,64.82,83.07,64.19,63.36,6.86,74.26,65.17,C,1,92,62.0,100.0,51.0
Male,18.0,Mathematics,53.75,83.58,88.81,56.03,84.4,7.67,77.88,91.69,F,0,83,70.0,83.0,72.0
Female,18.0,Engineering,80.9,80.27,99.29,87.57,87.11,6.98,78.35,99.71,A,0,74,70.0,97.0,63.0
Female,18.0,Mathematics,74.35,61.11,82.44,70.39,86.19,,78.17,77.08,A,1,41,100.0,75.0,90.0
Male,23.0,Engineering,53.38,87.48,44.38,65.92,94.12,2.57,90.33,78.01,A,0,46,59.0,89.0,46.0
Male,18.0,Engineering,79.92,93.38,95.94,54.83,67.68,2.49,62.78,95.16,B,0,40,72.0,69.0,79.0
Male,22.0,Math,83.87,65.56,58.27,87.82,92.0,3.37,61.02,73.9,C,0,92,59.0,95.0,93.0
Female,18.0,Business,68.75,53.37,90.1,81.11,58.88,1.53,56.63,56.19,C,0,59,47.0,89.0,59.0
Female,19.0,Engineering,93.82,96.74,59.87,75.11,59.94,3.08,50.67,78.86,A,0,75,70.0,68.0,69.0
Male,23.0,Business,57.97,98.65,52.46,50.93,69.33,5.88,63.68,56.71,D,0,74,99.0,61.0,68.0
Male,23.0,Mathematics,,57.15,95.21,58.53,53.67,1.05,70.99,71.97,A,0,90,45.0,99.0,86.0
Male,18.0,Mathematics,83.45,51.32,88.58,69.75,95.21,3.92,57.34,95.05,C,0,89,76.0,77.0,78.0
Male,21.0,Engineering,63.25,79.39,55.35,92.45,65.56,0.26,70.45,60.33,A,1,91,79.0,51.0,88.0
Male,23.0,CS,93.04,75.54,49.17,95.9,56.22,2.24,61.02,59.17,A,0,58,82.0,81.0,90.0
Male,19.0,Business,78.17,49.37,79.08,61.2,81.75,4.35,83.91,92.83,F,0,58,69.0,56.0,58.0
 FEMALE ,21.0,Mathematics,82.08,73.26,80.79,99.48,97.39,5.15,74.94,75.34,A,0,72,62.0,100.0,51.0
Female,23.0,Engineering,99.57,73.65,54.62,62.15,78.95,0.81,96.0,53.83,D,1,33,75.0,72.0,47.0
Female,18.0,CS,51.12,80.03,87.01,87.84,75.95,8.27,80.1,57.74,C,1,84,52.0,81.0,69.0
Male,18.0,Business,,61.34,49.09,84.37,89.91,4.53,62.38,53.49,F,0,78,82.0,45.0,64.0
Male,19.0,CS,71.59,99.75,59.21,58.94,68.12,4.1,56.08,68.82,A,0,31,57.0,74.0,61.0
Male,21.0,Business,57.79,77.54,68.66,82.78,91.1,,,78.34,A,0,47,39.0,60.0,72.0
Male,18.0,Business,56.81,86.91,51.98,71.34,60.13,2.31,72.63,54.67,F,1,70,47.0,72.0,40.0
Female,23.0,Engineering,83.04,57.32,74.06,54.74,91.92,4.58,77.09,53.23,A,1,63,100.0,62.0,88.0
Male,20.0,Business,72.0,88.71,91.73,94.24,54.09,3.19,93.99,69.49,B,1,39,65.0,97.0,94.0
Male,20.0,Business,86.5,55.46,56.67,80.72,70.04,8.06,90.98,62.17,B,0,34,80.0,70.0,85.0
Male,20.0,Mathematics,51.9,54.23,67.44,67.81,55.34,6.27,52.31,92.11,F,1,82,55.0,34.0,32.0
Female,23.0,CS,85.75,94.55,87.68,79.61,52.27,4.22,92.83,99.32,D,0,85,89.0,100.0,62.0
Female,21.0,Mathematics,89.08,51.15,40.72,90.59,92.89,5.29,68.41,98.34,D,0,36,99.0,68.0,79.0
Male,20.0,Mathematics,63.2,81.05,96.46,56.0,80.87,1.82,62.92,83.1,C,0,85,54.0,91.0,90.0
Female,21.0,CS,97.75,92.55,74.5,85.81,80.61,,86.67,52.05,D,1,67,100.0,60.0,34.0
Male,22.0,Business,82.61,82.9,40.58,,71.95,9.06,58.58,67.75,D,1,61,65.0,89.0,87.0
Female,19.0,Mathematics,65.67,68.63,55.86,65.36,54.05,,84.17,75.46,A,0,63,100.0,62.0,53.0
Male,18.0,Business,60.5,41.15,95.3,98.17,80.16,0.31,74.08,62.74,D,0,66,75.0,60.0,64.0
Female,18.0,CS,60.53,55.04,62.32,50.44,97.56,5.44,99.56,78.0,F,1,27,48.0,82.0,88.0
Male,22.0,CS,55.68,87.36,83.43,78.48,61.17,4.1,93.78,76.76,B,0,71,95.0,95.0,83.0
Male,23.0,CS,,53.24,63.77,91.61,59.99,7.61,67.86,67.75,D,1,27,23.0,61.0,92.0
Male,19.0,CS,56.99,73.89,81.33,52.34,73.2,0.35,67.74,93.85,A,0,77,65.0,75.0,77.0
Male,18.0,Engineering,55.96,94.11,86.52,84.08,94.94,5.54,79.97,72.46,C,1,67,50.0,39.0,42.0
Female,21.0,Mathematics,86.62,91.86,96.58,81.61,97.3,7.81,63.53,61.28,F,0,47,89.0,60.0,39.0
Female,21.0,CS,89.02,67.17,65.5,60.84,95.94,2.94,57.54,71.76,B,1,69,46.0,75.0,91.0
Female,22.0,Math,66.31,89.5,60.08,78.67,73.17,2.84,70.45,84.07,A,0,74,71.0,60.0,45.0
Male,23.0,CS,99.19,71.43,,73.1,54.71,0.93,70.79,58.76,A,0,70,97.0,71.0,84.0
Female,19.0,CS,52.92,55.46,90.9,58.13,98.7,2.7,51.74,63.55,B,1,64,85.0,73.0,84.0
Female,21.0,Engineering,60.72,93.09,57.65,98.12,98.46,4.38,88.63,87.22,C,0,47,72.0,99.0,59.0
Female,20.0,CS,53.17,71.89,79.71,54.64,69.18,0.97,96.02,73.8,C,0,63,49.0,100.0,79.0
Female,19.0,Mathematics,66.08,70.77,88.78,83.73,86.85,7.19,86.77,79.11,B,0,100,51.0,81.0,99.16
Male,23.0,Mathematics,95.13,97.68,82.3,53.54,87.17,7.84,94.6,60.76,C,0,65,56.0,97.91,69.0
Female,21.0,Engineering,60.4,60.84,55.52,79.08,83.31,8.86,96.16,55.74,A,1,71,63.0,78.0,78.0
Male,23.0,CS,71.28,44.31,71.83,91.65,87.62,8.35,67.1,79.71,B,1,72,51.28,40.0,65.0
Male,21.0,Mathematics,50.79,53.65,89.51,94.61,60.83,5.3,98.33,55.23,A,1,57,74.0,64.0,75.0
Male,18.0,Business,71.24,43.02,95.76,80.85,55.41,9.03,61.16,89.32,D,0,40,75.0,84.0,87.0
Male,22.0,Business,99.86,51.61,74.39,77.93,59.79,8.33,,73.41,B,1,62,83.0,82.0,91.0
Male,22.0,CS,71.13,66.0,78.48,64.49,88.19,5.68,71.07,55.48,A,1,100,98.0,99.0,86.0
Female,18.0,CS,70.4,88.12,77.67,86.85,83.82,0.54,72.92,71.38,A,0,67,69.0,64.0,39.0
Male,21.0,Engineering,75.86,81.5,40.45,50.61,87.65,0.16,82.4,99.07,A,0,75,43.0,49.0,94.0
Male,23.0,Engineering,58.37,50.03,81.61,57.2,55.22,8.14,57.93,67.84,A,0,65,96.0,87.0,49.0
Male,18.0,Engineering,74.51,90.45,84.95,92.75,67.52,6.45,68.13,68.65,B,1,64,88.0,79.0,83.0
Male,20.0,Business,88.86,96.96,71.32,77.65,81.1,6.72,92.7,73.25,B,0,52,77.0,72.0,81.0
Male,23.0,Engineering,57.94,41.29,98.72,98.31,63.31,9.58,75.18,95.78,A,1,27,57.0,62.0,70.0
Female,18.0,Mathematics,91.41,,63.78,83.76,95.66,2.27,70.03,51.53,A,1,79,81.0,89.0,69.0
Male,20.0,Engineering,83.6,84.15,68.81,82.1,98.49,1.94,91.46,71.56,F,0,56,68.0,80.0,89.0
Male,18.0,Mathematics,60.3,65.98,56.66,60.6,79.24,5.58,64.39,78.64,D,0,77,95.0,83.0,92.0
Female,21.0,Engineering,63.16,86.36,56.31,94.63,90.05,3.74,78.35,89.82,A,0,72,74.0,80.0,96.0
Male,20.0,Business,66.93,42.19,42.49,75.24,78.34,8.92,99.5,57.45,C,1,49,75.0,82.0,71.0
Female,23.0,Engineering,96.76,82.78,80.08,64.88,69.61,7.08,56.54,51.69,D,0,86,93.0,47.0,37.0
Female,18.0,Business,99.29,84.87,46.45,66.96,52.19,9.23,85.13,60.49,B,1,28,86.0,100.0,89.0
Male,18.0,Mathematics,96.77,40.63,98.83,64.61,54.83,5.9,55.78,60.77,A,0,57,65.0,57.0,65.0
Male,18.0,CS,65.19,40.27,57.53,54.73,81.98,0.16,77.56,98.4,F,1,50,93.0,70.0,58.0
Male,18.0,Engineering,50.5,76.61,59.51,95.61,55.3,1.37,88.06,78.11,A,0,56,91.0,73.0,80.0
Female,23.0,Engineering,70.21,93.25,72.24,93.77,59.9,8.19,79.69,90.31,D,1,83,63.0,84.0,81.0
Male,23.0,Business,87.36,91.17,66.11,74.87,61.43,0.89,70.31,99.02,F,0,63,84.0,100.0,90.0
Male,20.0,CS,82.53,81.61,64.23,69.05,68.22,2.62,77.59,65.3,D,0,58,100.0,61.0,74.0
Female,22.0,CS,65.39,82.72,55.58,74.96,84.2,1.05,64.22,89.89,A,1,71,69.0,88.0,58.0
Male,20.0,CS,84.63,61.65,94.82,93.14,94.08,7.62,66.22,54.58,D,0,58,51.0,68.0,91.0
Male,22.0,Business,96.16,49.41,76.11,67.33,83.85,5.45,79.52,72.74,D,0,53,73.0,88.0,71.0
Male,20.0,CS,90.31,99.2,75.33,85.1,54.32,6.29,91.87,70.32,A,1,39,55.0,68.0,31.0
Male,19.0,Business,75.41,45.93,75.58,55.08,67.84,2.82,83.26,71.15,B,0,73,33.0,52.0,81.0
Female,20.0,Business,50.22,87.12,99.34,53.91,63.43,1.52,87.79,69.54,B,1,87,46.0,71.0,74.0
Female,21.0,Mathematics,80.27,91.43,65.73,96.57,53.38,5.6,59.79,82.86,F,0,80,46.0,71.0,87.0
Female,23.0,Engineering,67.53,67.13,42.73,58.39,60.66,5.66,55.8,58.43,A,0,57,73.0,61.0,37.0
Male,22.0,Computer Science,69.53,88.77,97.49,75.05,56.67,3.23,72.17,55.87,B,0,75,45.0,89.0,43.0
Female,20.0,CS,81.37,77.61,85.94,87.19,,3.35,73.36,81.98,F,0,70,76.0,75.0,42.0
Male,22.0,Engineering,72.2,68.0,50.38,90.29,66.01,7.34,73.74,98.82,C,0,55,71.0,88.0,60.0
Male,23.0,Engineering,88.6,97.29,88.55,67.62,85.58,9.11,72.87,59.52,D,1,75,26.0,38.0,62.0
Male,19.0,CS,84.34,41.1,54.65,60.77,87.47,6.34,98.49,69.93,F,1,62,69.0,84.0,57.0
Female,22.0,CS,51.53,41.39,43.95,89.61,67.88,7.69,68.1,91.57,F,1,53,65.0,85.0,97.0
Male,19.0,CS,71.59,80.2,84.2,86.59,69.3,8.14,92.37,55.89,B,0,58,83.0,80.0,48.0
Female,18.0,Business,51.12,52.08,89.11,96.99,77.08,7.13,97.76,65.12,D,0,60,39.0,86.0,54.0
Male,20.0,Engineering,76.22,46.65,47.68,96.78,63.48,8.45,94.17,88.23,D,0,69,81.0,65.0,62.0
Female,19.0,CS,78.82,43.18,95.28,61.58,99.13,7.77,80.86,80.28,A,1,71,81.0,58.0,88.0
Female,19.0,CS,72.18,68.96,76.52,75.14,94.59,9.7,71.75,67.29,B,1,45,53.0,81.0,60.0
Male,20.0,Business,56.08,61.16,90.34,84.67,80.27,2.31,73.94,65.33,D,0,68,73.0,81.0,88.0
Male,20.0,Business,92.97,95.6,48.85,70.69,94.82,0.71,91.94,80.01,A,0,72,88.0,89.0,90.0
Female,23.0,Engineering,69.76,41.69,52.13,94.12,73.48,3.36,80.93,89.03,B,0,60,66.0,91.0,68.0
Female,22.0,Engineering,84.56,83.46,63.2,81.92,80.22,6.68,58.92,53.56,A,0,54,76.0,64.0,87.0
Male,22.0,CS,85.97,,52.97,50.16,76.17,9.45,71.44,79.51,D,0,66,68.0,70.0,41.0
Male,21.0,CS,65.91,43.16,,50.75,57.67,8.63,63.73,90.76,F,1,55,62.0,62.0,86.0
Female,20.0,Business,98.04,51.75,59.55,90.84,95.04,2.65,90.02,75.32,B,0,31,85.0,100.0,39.0
Male,18.0,Engineering,92.34,74.65,62.52,54.14,97.59,8.73,55.43,81.85,C,0,72,61.0,54.0,83.0
Female,23.0,CS,90.79,57.92,92.36,65.92,84.61,0.12,84.35,72.29,C,0,88,89.0,69.0,62.0
Male,18.0,Engineering,91.3,56.66,88.7,72.74,50.17,3.78,74.59,72.51,A,0,59,65.0,85.0,76.0
Male,21.0,CS,69.51,88.94,91.85,78.81,55.58,5.7,73.07,97.9,D,0,57,59.0,97.0,91.0
Male,23.0,Engineering,62.87,94.74,54.49,86.85,70.45,6.76,,89.92,F,0,89,53.0,95.0,57.0
Female,22.0,Engineering,79.06,59.51,53.5,57.17,98.27,3.69,53.75,52.8,F,1,41,50.0,32.0,45.0
Female,,Computer Science,76.95,87.74,73.05,50.82,79.04,8.72,90.72,87.23,F,0,66,73.0,89.0,73.0
Female,19.0,CS,69.91,54.19,76.39,81.37,94.38,9.64,64.07,87.2,D,0,71,85.0,88.0,100.0
Female,19.0,CS,78.34,65.66,96.76,62.2,98.05,4.89,76.01,69.64,B,1,51,75.0,63.0,79.0
Female,18.0,Business,50.34,70.92,51.08,79.56,56.59,1.18,51.78,72.25,B,1,45,70.0,64.0,62.0
Male,23.0,Engineering,67.57,,51.57,73.3,66.5,2.44,99.2,99.82,A,0,34,81.0,88.0,53.0
Male,18.0,Business,76.98,50.06,43.82,51.46,96.31,7.66,79.53,74.02,B,0,61,90.0,33.0,81.0
Female,23.0,Engineering,90.04,76.93,44.86,74.19,61.34,0.14,77.61,58.82,A,1,69,56.0,83.0,52.0
Female,22.0,Mathematics,88.55,99.73,53.8,66.6,57.71,8.0,60.23,68.12,B,1,84,100.0,64.0,45.0
Female,22.0,CS,99.96,85.13,43.56,56.47,82.69,6.99,60.3,99.14,B,0,85,62.0,71.0,57.0
Female,22.0,Engineering,87.59,61.52,63.25,97.16,76.27,6.3,89.92,52.85,D,1,98,50.0,58.0,55.0
Female,22.0,Business,,93.31,64.48,98.13,98.64,2.69,77.41,95.63,B,1,53,70.0,90.0,85.0
Female,23.0,CS,91.47,72.63,91.31,54.04,97.19,6.18,94.57,93.59,C,0,81,58.0,94.0,77.0
Female,23.0,Engineering,98.75,86.77,56.55,59.14,56.37,7.91,53.7,75.71,C,0,99,44.0,86.0,62.0
Male,21.0,CS,54.06,90.5,99.37,94.44,85.0,9.68,75.21,56.13,A,0,83,81.0,63.0,67.0
Male,23.0,CS,99.45,40.61,91.98,,,7.89,59.84,86.02,B,1,53,85.0,39.0,62.0
Female,22.0,Engineering,89.53,90.1,48.09,69.14,90.85,3.23,83.01,93.0,B,0,60,58.0,80.0,83.0
Male,19.0,Business,70.65,90.88,90.91,52.06,50.44,7.5,80.79,78.02,A,1,79,74.0,100.0,69.0
Male,19.0,CS,90.61,41.04,75.08,90.48,67.35,6.02,82.38,66.73,A,1,66,69.0,85.0,87.0
Male,18.0,Engineering,99.78,66.64,81.64,71.23,99.73,9.26,52.9,55.38,D,1,69,85.0,98.0,84.0
Female,19.0,Engineering,85.89,85.43,82.39,53.21,84.35,7.97,80.51,99.25,C,0,69,34.0,82.0,69.0
Male,18.0,CS,80.16,43.85,46.29,65.45,57.42,6.96,85.9,87.86,F,0,64,69.0,73.0,68.0
Male,22.0,CS,97.4,62.68,52.12,84.29,74.75,3.44,99.77,61.46,F,0,78,89.0,97.0,70.0
Male,20.0,CS,68.89,54.02,44.29,82.64,88.6,8.09,93.13,97.0,A,0,78,80.0,90.0,79.0
Male,21.0,Business,93.0,97.11,62.27,65.7,79.53,4.61,60.72,54.94,B,0,56,70.0,93.0,68.0
Male,22.0,Business,95.5,76.17,75.28,71.45,70.94,1.42,91.68,83.83,A,1,36,60.0,88.0,89.0
Female,18.0,Engineering,74.38,78.19,66.62,70.83,97.45,7.27,99.27,60.56,B,0,54,90.0,85.0,40.0
Female,,Engineering,96.74,66.73,52.53,86.55,57.66,8.73,69.54,91.23,C,0,56,79.0,72.0,59.0
Male,23.0,Mathematics,84.61,87.4,83.93,54.18,67.77,6.41,86.48,76.71,A,0,79,53.0,82.0,78.0
Male,20.0,CS,83.22,50.9,54.0,80.19,55.99,9.7,86.8,82.18,D,1,41,69.0,53.0,39.0
Female,23.0,CS,61.43,54.71,46.95,74.39,92.29,1.5,50.36,64.47,A,1,86,61.0,71.0,77.0
Male,22.0,Mathematics,83.96,94.54,,97.69,97.45,1.58,92.9,62.71,D,1,55,66.0,62.0,53.0
Female,23.0,Business,56.61,70.09,56.06,82.58,79.69,6.92,84.98,50.77,B,0,66,91.0,78.0,78.0
Female,20.0,Computer Science,99.89,94.27,58.42,79.25,72.19,6.47,88.2,61.16,B,0,87,63.0,94.0,68.0
Male,20.0,CS,54.61,54.86,70.36,53.37,93.5,1.91,52.03,95.04,A,1,59,56.0,100.0,75.0
Female,20.0,CS,63.6,90.32,45.78,55.15,62.31,5.45,70.44,93.89,C,1,69,77.0,78.0,76.0
Female,18.0,CS,59.03,98.39,89.02,69.74,77.81,8.14,77.06,62.55,A,1,87,54.0,67.0,55.0
Male,22.0,Engineering,,78.77,95.42,89.37,99.93,9.69,63.81,95.21,F,0,71,39.0,81.0,31.0
Female,19.0,Business,58.98,60.11,57.74,55.21,91.6,7.98,54.97,97.79,F,0,77,82.0,95.0,86.0
Female,20.0,Engineering,50.06,84.94,73.67,80.13,84.72,2.29,93.29,68.96,C,1,82,81.0,89.0,61.0
Female,21.0,Mathematics,92.55,60.5,79.82,92.57,68.06,,82.48,63.68,F,1,31,73.0,60.0,66.0
Female,20.0,CS,97.99,98.26,93.39,60.46,52.5,6.25,92.28,64.4,F,1,63,93.0,79.0,55.0
Female,18.0,Engineering,65.09,56.4,74.67,94.55,57.01,3.05,77.3,84.79,B,0,88,56.0,83.0,77.0
Male,20.0,Mathematics,80.14,94.31,71.3,95.4,71.33,3.36,90.98,83.2,C,0,87,65.0,78.0,82.0
Male,18.0,Business,92.69,69.74,48.76,83.77,69.76,,52.75,61.87,B,0,27,40.0,96.0,81.0
Male,20.0,Engineering,90.14,48.54,42.26,85.38,88.72,2.86,65.93,60.7,A,1,33,84.0,98.0,57.0
 FEMALE ,22.0,Business,53.79,55.23,58.67,71.95,83.76,5.21,92.95,87.28,D,0,71,54.0,93.0,41.0
Male,22.0,Business,65.88,79.19,81.76,99.53,59.17,4.05,51.93,67.46,B,0,77,71.0,90.0,66.0
Male,20.0,CS,77.82,81.93,69.35,65.4,88.25,5.46,71.05,62.3,D,0,27,89.0,28.0,60.0
Male,22.0,Engineering,91.55,75.19,52.08,96.77,77.64,,97.08,73.21,A,0,90,82.0,86.0,91.0
Female,20.0,CS,87.44,43.95,77.43,89.4,94.86,1.39,63.27,78.28,B,1,87,68.0,65.0,73.0
Female,23.0,Engineering,52.06,47.77,66.33,84.91,80.7,9.96,92.18,76.18,D,1,95,64.0,87.0,75.0
Female,21.0,Engineering,82.0,61.55,58.69,71.87,64.26,6.54,92.72,76.73,F,0,74,90.0,60.0,38.0
Female,19.0,Mathematics,65.67,53.98,80.65,90.81,65.81,0.78,86.66,86.12,C,0,86,63.0,98.0,47.0
 MALE ,19.0,Computer Science,55.72,81.59,51.57,98.27,97.02,2.01,61.35,72.19,A,0,76,64.0,92.0,80.0
Female,18.0,Engineering,79.37,81.73,76.56,60.22,79.48,7.11,57.65,83.33,A,1,82,47.0,94.0,64.0
Male,18.0,CS,71.58,73.22,68.95,65.1,52.11,1.17,95.58,67.61,C,1,52,95.0,84.0,41.0
Male,,Engineering,67.63,46.12,51.88,62.55,75.88,1.0,53.35,69.33,A,1,78,27.0,72.0,72.0
Male,21.0,Engineering,91.39,44.39,50.23,63.0,61.44,0.51,89.54,58.81,F,0,78,100.0,86.0,50.0
Female,19.0,Mathematics,77.77,65.12,45.18,59.92,59.72,8.94,89.14,70.94,F,1,61,88.0,54.0,56.0
Female,19.0,CS,71.24,47.14,45.46,75.01,76.01,4.19,96.71,57.92,F,0,68,89.0,62.0,100.0
Male,20.0, engineering ,83.46,90.31,52.45,98.65,60.46,9.91,56.32,69.98,B,1,64,61.0,70.0,77.0
Male,21.0,CS,60.45,67.53,49.09,97.47,56.03,7.83,58.3,75.97,F,1,87,77.0,100.0,79.0
Female,21.0,BUSINESS,92.32,88.0,61.95,88.65,87.99,1.78,77.83,90.67,D,0,55,41.0,73.0,100.0
Male,19.0,Engineering,87.7,88.95,69.8,70.73,64.03,2.98,85.77,97.41,D,1,59,92.0,54.0,80.0
Male,20.0,Business,96.04,82.44,40.72,70.01,64.26,4.48,83.94,81.87,F,0,73,67.0,69.0,83.0
Male,19.0,CS,95.41,57.05,99.38,66.38,86.95,5.94,61.39,99.74,F,0,58,76.0,61.0,99.0
Female,19.0,Business,57.82,44.42,61.26,57.46,67.87,4.57,98.94,50.29,C,0,57,48.0,85.0,75.0
Male,21.0,Engineering,72.43,73.04,98.66,65.96,57.39,8.0,69.98,72.44,A,0,64,82.0,69.0,73.0
Male,19.0,Engineering,89.02,88.28,96.29,67.5,72.29,6.43,92.71,75.74,C,0,32,93.0,67.0,77.0
Female,18.0,CS,78.94,97.11,96.97,66.15,77.88,5.44,76.68,53.39,F,1,69,32.0,71.0,75.0
Male,19.0,CS,68.84,61.81,41.51,67.95,80.31,2.9,87.71,93.71,B,0,88,39.0,47.0,81.0
Male,21.0,CS,74.07,91.25,77.38,81.41,63.99,8.65,65.37,80.19,A,0,55,89.0,88.0,100.0
Female,20.0,Engineering,59.83,75.83,48.62,74.69,53.22,3.72,,61.65,D,1,63,81.0,86.0,78.0
Male,19.0,CS,56.68,84.17,81.66,87.97,74.4,6.71,62.37,88.77,D,0,75,87.0,69.0,95.0
Female,18.0,Business,56.44,69.94,46.44,80.79,74.89,6.36,53.44,88.71,A,0,27,51.0,79.0,52.0
Female,22.0,CS,60.38,85.28,55.73,96.74,55.17,0.01,93.34,52.45,D,0,60,61.0,96.0,97.0
Female,21.0,Business,84.66,68.17,98.66,54.39,54.76,9.88,78.05,61.0,A,1,67,23.0,53.0,86.0
Female,20.0,Engineering,97.58,80.45,80.35,94.35,55.13,5.53,73.28,97.49,A,0,71,60.0,93.0,85.0
Male,21.0,Mathematics,97.11,98.84,77.05,90.64,74.54,2.63,93.62,52.16,B,1,62,62.0,74.0,96.0
Male,21.0,Engineering,85.18,48.72,92.26,72.31,60.19,1.49,66.43,85.44,B,0,94,88.0,86.0,34.0
Female,20.0,CS,65.12,77.41,68.46,80.27,85.8,9.38,65.03,69.25,C,1,88,60.0,86.0,23.0
Male,21.0,Engineering,65.14,71.02,52.37,83.01,97.0,2.58,70.45,88.69,B,0,51,63.0,82.0,52.0
Male,20.0,Engineering,94.64,67.37,98.13,63.9,95.63,2.26,98.5,53.22,A,1,77,90.0,97.0,86.0
Female,22.0,Engineering,86.33,40.57,74.94,86.46,77.43,7.02,76.69,59.57,D,0,37,56.0,70.0,56.0
Male,18.0,Engineering,97.3,67.38,63.24,79.88,72.38,2.38,81.14,63.17,F,0,68,42.0,61.0,58.0
Male,18.0,CS,79.45,51.16,78.42,70.4,53.96,6.6,96.11,67.56,C,1,49,61.0,97.0,74.0
Female,20.0,CS,74.65,77.17,40.47,61.94,69.22,9.9,99.29,57.39,A,0,65,86.0,95.0,87.0
Male,20.0,Engineering,51.96,56.16,86.43,55.26,50.56,6.98,69.59,99.4,B,0,61,62.0,81.0,91.0
Female,,Mathematics,84.77,72.06,49.97,93.36,56.07,1.57,84.47,70.51,D,0,67,60.0,100.0,74.0
Male,19.0,CS,59.08,41.17,47.42,93.2,79.4,8.18,73.13,82.65,A,1,31,55.0,71.0,80.0
Male,20.0,CS,74.87,55.91,46.31,82.57,56.11,2.27,52.02,98.23,A,1,27,66.0,24.0,41.0
Male,18.0,CS,58.07,61.79,53.16,93.03,57.06,6.37,68.48,77.76,A,0,62,53.0,100.0,51.0
Male,22.0,Business,54.37,52.8,44.48,69.21,,7.0,57.2,89.81,A,0,27,72.0,71.0,92.0
Female,21.0,CS,80.53,89.6,97.65,89.31,57.45,4.4,54.47,55.07,C,0,73,66.0,79.0,37.0
Male,22.0,Computer Science,91.84,57.54,91.95,95.37,57.08,3.51,50.09,54.26,C,0,53,76.0,100.0,63.0
Male,18.0,Business,58.63,59.77,74.03,65.53,66.14,1.05,59.44,92.15,D,1,70,72.0,83.0,55.0
Female,22.0,CS,56.66,81.31,46.43,96.65,94.29,9.71,,89.76,B,0,77,69.0,44.0,66.0
Female,23.0,Mathematics,51.45,99.42,46.67,78.87,52.71,3.23,99.22,75.22,F,0,51,54.0,87.0,73.0
Female,23.0,Mathematics,,97.46,59.5,79.86,68.54,,89.16,69.95,B,0,70,66.0,93.0,45.0
Male,21.0,CS,83.26,92.62,81.54,62.79,77.46,2.84,64.05,82.77,B,0,69,75.0,100.0,47.0
Male,18.0,Business,99.2,48.11,83.09,65.31,61.42,9.04,82.2,78.18,C,0,68,52.0,72.0,100.0
Male,23.0,CS,79.42,64.05,79.02,83.11,73.08,1.78,71.42,81.0,A,0,92,69.0,100.0,92.0
Female,18.0,Engineering,84.88,70.81,70.91,80.69,67.81,4.03,73.48,58.44,A,1,62,71.0,80.0,98.0
Male,19.0,CS,82.04,68.02,92.49,52.46,90.59,0.19,82.39,83.99,B,0,82,51.0,90.0,69.0
Female,23.0,CS,54.43,91.61,70.64,97.43,88.68,7.71,65.19,94.86,C,1,51,79.0,79.0,57.0
Male,18.0,CS,77.63,96.8,42.18,87.49,68.94,3.55,62.18,99.89,C,0,55,73.0,73.0,71.0
Male,19.0,CS,71.15,43.32,43.75,97.37,96.33,4.31,63.18,53.79,B,1,94,41.0,72.0,77.0
Male,19.0,Business,67.17,84.65,45.22,99.9,80.27,8.66,88.34,99.66,A,0,29,93.0,77.0,62.0
Male,22.0,Engineering,72.99,94.41,42.86,58.35,82.46,0.93,95.64,92.19,F,1,72,61.0,82.0,78.0
Female,19.0,Engineering,74.91,57.47,50.7,75.7,62.33,5.24,58.69,73.53,C,0,59,97.0,49.0,62.0
Male,18.0,Mathematics,97.41,59.93,54.41,57.64,85.8,5.22,60.86,83.79,B,1,32,73.0,71.0,54.0
Female,21.0,Business,,90.99,44.05,96.79,96.66,3.24,69.26,80.7,C,0,45,57.0,72.0,47.0
Male,19.0,CS,84.04,93.48,65.45,72.81,76.85,7.54,51.53,69.15,F,1,91,76.0,94.0,86.0
Female,21.0,CS,72.78,85.43,69.3,51.12,91.45,3.57,89.02,90.85,A,1,59,73.0,100.0,80.0
Female,23.0,Business,69.96,71.19,54.48,76.61,84.33,5.69,69.52,95.45,F,1,82,80.0,80.0,50.0
Female,22.0,CS,78.54,88.04,42.22,71.19,62.06,8.79,86.71,67.18,A,0,72,40.0,79.0,67.0
Male,18.0,Business,92.75,73.33,92.93,68.99,93.72,7.69,74.21,72.84,F,0,50,87.0,84.0,63.0
Female,19.0,Computer Science,92.04,99.76,83.62,97.02,75.84,2.15,97.32,79.06,D,0,61,53.0,44.0,96.0
Female,21.0,Engineering,67.76,50.61,88.96,71.0,84.12,4.23,81.35,70.17,F,0,75,84.0,76.0,68.0
Male,19.0,Engineering,91.45,71.35,48.28,94.66,86.89,5.33,76.31,93.84,D,0,48,64.0,100.0,81.0
Male,18.0,CS,92.33,84.51,62.19,97.49,66.38,4.81,55.81,88.21,B,0,53,100.0,48.0,85.0
Female,19.0,Engineering,81.49,77.73,63.37,70.66,93.81,5.41,72.37,95.34,B,1,51,87.0,96.0,42.0
Male,22.0,CS,56.14,45.17,90.35,71.86,62.24,6.92,72.5,60.64,F,0,83,72.0,80.0,92.0
Male,22.0,Mathematics,81.74,97.55,66.91,59.36,83.73,0.76,92.72,63.03,A,1,81,70.0,95.0,84.0
Female,19.0,Engineering,63.31,84.47,73.16,67.35,66.03,6.89,84.34,63.93,F,0,63,74.0,39.0,64.0
Female,23.0,Engineering,87.2,45.58,99.87,56.46,96.34,4.11,92.3,53.21,D,0,50,75.0,44.0,52.0
Female,18.0,CS,93.98,72.05,96.83,84.94,73.29,5.58,60.52,71.94,D,0,59,40.0,45.0,53.0
Male,23.0,Mathematics,99.22,92.32,94.59,63.18,77.69,2.53,79.46,68.06,D,0,74,51.0,81.0,74.0
Male,18.0,CS,89.32,46.46,58.69,97.38,59.51,8.45,,73.0,D,0,99,34.0,78.0,85.0
Female,20.0,CS,67.05,72.58,85.86,99.42,85.33,4.75,59.56,84.58,D,0,58,87.0,70.0,73.0
Male,19.0, engineering ,72.32,,62.07,69.15,95.85,2.51,80.93,82.48,D,0,48,64.0,94.0,58.0
Female,20.0,Computer Science,79.44,42.12,71.99,60.26,56.57,9.11,83.76,96.02,F,0,48,61.0,76.0,51.0
Male,20.0,Business,56.22,95.43,57.46,95.81,53.5,7.37,56.24,97.08,F,0,56,75.0,96.0,89.0
Male,21.0,Engineering,84.75,66.25,52.86,65.12,50.18,0.05,64.14,58.91,D,0,66,89.0,61.0,86.0
Male,18.0,CS,64.87,85.09,88.68,67.54,74.67,8.32,75.48,59.85,D,0,81,52.0,82.0,89.0
Female,20.0,Engineering,65.97,54.65,55.12,72.03,72.23,3.0,69.0,89.43,C,1,86,58.0,77.0,77.0
Male,21.0,Mathematics,56.38,49.41,96.09,68.73,59.11,2.02,97.88,63.13,B,0,28,88.0,53.0,79.0
Female,22.0,CS,72.82,69.16,97.99,75.67,91.43,3.23,92.86,89.46,D,0,56,75.0,36.0,59.0
Female,22.0,Business,94.86,80.8,95.87,61.25,76.25,5.63,81.68,60.23,A,1,56,67.0,67.0,56.0
Female,20.0,CS,61.33,71.32,70.79,61.31,57.16,0.27,70.53,67.58,D,1,70,61.0,83.0,83.0
 FEMALE ,22.0,Engineering,72.02,71.74,85.7,89.3,76.37,8.21,67.27,95.91,C,0,93,63.0,66.0,92.0
Male,23.0,CS,84.87,88.67,80.84,75.86,98.84,7.09,90.06,83.36,F,0,86,63.0,51.0,76.0
Male,21.0,Business,63.07,89.59,59.91,59.6,91.21,0.24,98.87,51.55,F,0,42,83.0,75.0,72.0
Female,22.0,Engineering,82.96,64.39,61.82,71.16,57.24,0.78,94.96,79.51,A,0,67,62.0,68.0,55.0
Male,,Engineering,58.09,80.3,55.56,62.71,81.1,4.64,86.5,65.71,A,0,70,59.0,89.0,58.0
Female,,CS,53.98,82.18,68.77,73.63,50.22,9.84,51.26,64.36,A,1,84,89.0,85.0,90.0
Male,22.0,Mathematics,63.57,80.29,41.81,51.28,91.92,8.47,70.38,77.28,B,0,59,23.0,72.0,31.0
Female,21.0,Engineering,54.74,60.93,87.4,67.81,87.86,3.02,81.01,85.66,A,1,50,49.0,54.0,64.0
Male,22.0,CS,98.8,81.87,41.15,89.66,61.38,9.05,69.23,71.38,D,1,68,47.0,55.0,56.0
Male,18.0,Business,76.16,65.19,70.68,56.19,96.3,2.32,91.86,71.03,F,1,65,88.0,94.0,76.0
Male,21.0,Engineering,85.01,51.79,51.37,67.21,71.97,2.71,87.59,73.52,D,0,64,69.0,91.0,88.0
Female,21.0,Mathematics,74.72,59.06,52.72,75.79,94.62,1.05,79.95,84.73,B,1,56,57.0,96.0,77.0
Female,22.0,Business,79.0,42.42,56.7,69.66,89.79,4.48,99.86,53.2,A,1,50,72.0,94.0,47.0
Female,23.0,CS,64.96,77.76,50.44,94.43,65.63,0.76,70.98,84.92,B,1,93,41.0,43.0,74.0
Male,23.0,Engineering,56.47,99.41,47.83,,56.58,1.92,51.6,68.32,F,0,76,63.0,88.0,42.0
Male,21.0,CS,65.52,90.94,86.38,65.12,61.08,3.21,52.75,52.5,A,0,81,90.0,77.0,80.0
Female,19.0,CS,92.25,90.63,96.37,54.97,97.76,1.37,73.77,81.18,C,0,44,100.0,87.0,43.0
Male,19.0,Mathematics,99.15,66.37,97.86,64.4,66.82,1.85,,54.15,A,0,92,48.0,88.0,91.0
Female,,CS,,60.7,90.15,69.63,94.97,0.24,78.86,63.89,C,1,50,62.0,74.0,78.0
Male,,Mathematics,86.22,65.45,57.52,64.29,65.15,3.6,60.2,66.37,C,0,38,85.0,60.0,59.0
Male,20.0, engineering ,84.44,66.85,69.96,67.95,97.92,1.79,57.27,71.72,D,1,53,56.0,86.0,64.0
Female,20.0,CS,86.85,86.5,54.72,84.9,53.14,7.75,58.11,68.42,A,1,54,75.0,63.0,43.0
Female,22.0,CS,64.57,48.9,50.84,92.95,88.1,1.71,86.07,77.64,D,1,67,68.0,89.0,57.0
Female,23.0,Computer Science,82.77,61.19,51.62,84.29,79.91,2.01,66.07,56.47,A,0,30,90.0,100.0,79.0
Female,22.0,CS,69.63,82.06,45.98,79.37,76.61,2.35,64.57,53.65,D,0,91,54.0,83.0,56.0
Female,23.0,Business,74.8,63.66,70.04,78.59,52.92,3.34,55.51,80.2,F,0,59,65.0,72.0,62.0
Male,19.0,Engineering,77.41,98.29,64.67,53.08,89.17,4.92,51.77,96.65,B,1,36,86.0,74.0,45.0
Male,20.0,Engineering,97.54,90.02,49.45,81.66,81.95,5.06,99.23,73.27,D,0,55,65.0,84.0,84.0
Female,18.0,CS,63.18,85.54,65.28,70.29,69.06,4.53,95.3,51.2,D,1,75,40.0,95.0,96.0
Male,23.0,Engineering,58.36,81.56,82.46,67.25,63.53,7.55,70.75,50.92,A,1,80,100.0,55.0,65.0
Female,21.0,CS,58.09,71.44,55.7,95.75,93.18,9.17,58.68,75.71,C,1,68,68.0,77.0,53.0
Male,23.0,CS,78.42,46.82,82.17,91.57,97.96,2.11,92.4,57.4,A,0,60,98.0,85.0,92.0
Male,19.0,Business,79.23,89.69,60.61,99.81,62.27,5.82,66.64,76.22,B,0,73,60.0,90.0,83.0
Male,19.0,Mathematics,54.5,71.34,45.76,58.23,51.12,4.07,71.23,99.16,B,0,99,53.0,56.0,73.0
Male,19.0,CS,86.09,80.13,95.85,76.6,51.55,5.44,58.06,86.21,A,1,71,93.0,69.0,58.0
Female,22.0,CS,97.96,79.56,58.63,76.32,65.52,2.41,73.61,54.03,B,0,50,79.0,80.0,56.0
Male,20.0,Engineering,53.46,66.03,72.34,75.17,86.87,4.54,91.59,65.42,C,0,55,69.0,78.0,82.0
Male,23.0,Engineering,77.0,78.96,61.7,55.38,64.13,2.96,74.06,68.11,C,1,45,48.0,76.0,43.0
Female,21.0,CS,66.79,99.14,53.51,95.83,85.42,4.13,67.2,56.24,B,0,100,34.0,82.0,61.0
Female,22.0,Engineering,,78.93,98.19,58.18,60.37,1.87,91.47,96.51,A,0,66,38.0,69.0,61.0
Male,18.0,Business,91.13,42.08,82.79,86.01,99.68,8.95,87.76,63.94,B,0,27,91.0,55.0,70.0
Female,23.0,Mathematics,51.47,60.66,65.15,90.27,73.1,5.94,96.75,85.55,C,0,58,41.0,54.0,85.0
Female,21.0,Engineering,58.01,77.95,97.96,69.89,58.49,9.24,93.92,98.48,A,0,100,65.0,84.0,58.0
Male,18.0,BUSINESS,72.7,70.01,90.93,86.62,79.79,1.9,74.75,87.17,C,0,69,60.0,81.0,67.0
Male,23.0,Mathematics,93.01,,92.12,77.6,85.74,2.46,98.37,51.05,D,1,93,92.0,100.0,36.0
Male,20.0,CS,78.05,77.24,69.9,78.23,59.82,6.31,70.74,94.45,C,0,58,79.0,93.0,41.0
Male,23.0,Business,68.55,96.28,68.93,62.73,56.32,8.94,57.09,90.14,D,1,33,73.0,49.0,51.0
Female,22.0,CS,84.88,72.78,91.59,58.74,88.84,1.35,73.88,91.34,F,0,76,70.0,80.0,66.0
Male,18.0,CS,81.27,69.86,64.73,78.86,96.23,1.44,52.25,82.66,C,1,67,68.0,62.0,90.0
Female,22.0,CS,61.94,46.39,98.46,,91.16,9.0,80.97,74.1,D,0,28,60.0,56.0,75.0
Female,20.0,Business,76.02,74.19,69.04,88.75,89.21,6.94,95.54,72.78,A,1,72,74.0,53.0,62.0
Female,18.0,CS,82.33,56.84,64.21,66.59,82.91,4.27,93.85,86.2,A,0,27,61.0,81.0,82.0
Female,20.0,Business,76.34,47.53,49.6,67.29,66.38,,50.94,98.01,F,0,42,60.0,39.0,55.0
Female,22.0, engineering ,91.55,84.97,87.99,54.36,63.67,8.52,79.79,63.65,A,0,57,42.0,93.0,50.0
Female,21.0,CS,85.16,73.28,69.24,86.74,84.06,6.01,,99.51,D,0,62,41.0,58.0,75.0
Female,21.0,CS,58.14,85.87,84.29,89.8,70.06,6.22,54.03,76.47,C,0,27,94.0,100.0,94.0
Female,23.0,CS,79.93,72.07,41.66,81.28,69.55,3.97,60.17,58.77,C,1,77,85.0,80.0,55.0
Male,23.0,Business,52.77,44.39,91.68,92.91,73.93,8.01,94.1,97.72,A,1,83,24.0,84.0,80.0
Male,21.0,Engineering,70.19,43.33,52.46,89.35,75.08,5.4,64.05,70.18,F,0,60,82.0,53.0,67.0
Male,23.0,CS,57.0,92.15,55.57,,68.6,6.67,73.29,59.01,A,1,43,56.0,69.0,63.0
Female,20.0,Business,81.5,87.64,76.81,65.7,63.67,3.06,96.08,93.1,A,1,47,80.0,83.0,41.0
Female,22.0,CS,92.05,56.49,64.1,97.64,51.43,7.66,73.82,89.94,F,1,65,76.0,98.0,67.0
Female,20.0,CS,81.32,63.73,47.05,93.66,53.5,5.33,62.92,55.14,F,1,68,59.0,84.0,64.0
Female,21.0,CS,92.76,48.03,71.41,53.7,75.66,,69.38,63.78,A,1,71,39.0,87.0,75.0
Female,22.0,Engineering,,99.22,91.65,73.4,67.84,4.76,62.06,58.5,A,0,36,40.0,100.0,67.0
Female,22.0,CS,75.96,44.86,63.03,63.91,70.24,0.76,76.13,72.75,A,0,63,34.0,53.0,51.0
Female,19.0,Business,93.21,79.4,98.38,87.85,60.54,9.88,79.56,88.24,B,1,59,76.0,73.0,88.0
Male,18.0,CS,56.52,69.5,76.51,84.98,66.44,4.36,94.38,56.26,C,1,62,72.0,54.0,48.0
Male,23.0,CS,57.38,97.86,90.44,72.18,85.6,4.89,50.14,97.46,D,0,64,53.0,72.0,59.0
Male,19.0,CS,92.91,86.33,51.09,88.64,85.66,3.93,55.8,67.64,D,0,51,40.0,75.0,78.0
Male,22.0,Engineering,94.32,83.53,84.56,57.72,67.09,1.54,64.49,55.58,A,0,39,72.0,62.0,92.0
Male,19.0,CS,58.52,76.98,74.61,87.45,61.82,7.65,71.05,78.67,D,0,92,23.0,87.0,77.0
Female,18.0,Mathematics,70.17,84.37,67.23,87.15,72.89,9.57,76.07,61.49,F,0,67,54.0,76.0,64.0
Female,21.0,Engineering,54.11,63.15,71.11,78.22,56.32,7.38,86.81,73.4,C,0,91,68.0,77.0,62.0
Female,23.0,CS,85.5,53.07,59.84,78.83,85.09,3.46,94.34,71.26,D,1,54,68.0,58.0,76.0
Male,21.0,CS,69.12,78.52,78.6,62.67,70.83,8.1,60.81,94.3,C,0,76,49.0,91.0,86.0
Female,23.0,Engineering,72.23,74.13,75.88,73.0,94.67,0.17,75.17,73.84,C,1,80,73.0,73.0,90.0
Female,18.0,Business,98.23,45.22,42.0,74.73,62.59,5.06,74.97,92.17,C,0,57,79.0,69.0,79.0
Female,19.0,Mathematics,65.05,90.31,45.39,73.89,64.33,2.92,84.56,98.83,A,0,72,58.0,80.0,69.0
Female,18.0,Business,85.93,91.75,92.93,92.82,56.55,0.41,96.08,52.07,D,1,59,70.0,65.0,53.0
Male,19.0,Engineering,96.9,86.3,82.11,52.48,80.0,1.43,69.84,55.82,A,0,66,69.0,72.0,60.0
Female,20.0,CS,74.37,80.63,91.76,87.66,85.84,3.22,83.46,86.34,D,0,54,70.0,55.0,53.0
Male,19.0,Computer Science,79.16,50.06,98.34,84.51,96.97,4.76,81.99,77.37,A,0,76,82.0,89.0,24.0
Female,18.0,CS,79.88,65.68,83.06,76.84,62.15,7.24,55.78,62.49,D,0,49,100.0,66.0,83.0
Male,23.0,CS,73.64,71.17,55.65,64.05,61.13,4.35,93.05,53.22,A,0,36,70.0,67.0,36.0
Male,20.0,CS,79.74,99.43,78.49,69.4,83.1,1.17,93.11,60.87,A,0,74,82.0,79.0,57.0
Female,23.0,Mathematics,57.11,64.15,47.09,87.11,62.2,,84.96,90.77,C,0,48,40.0,85.0,34.0
Male,19.0,Engineering,67.31,43.42,51.6,59.34,99.31,1.22,85.61,84.41,C,1,64,54.0,62.0,39.0
Female,20.0,CS,53.77,43.69,89.68,70.41,98.4,9.76,87.32,91.9,B,1,63,38.0,81.0,60.0
Female,18.0,CS,69.66,84.25,48.58,74.39,64.84,0.88,79.59,92.51,A,0,41,86.0,71.0,77.0
Male,20.0,CS,86.87,72.95,44.83,71.47,77.79,4.46,81.12,65.13,B,0,87,66.0,100.0,74.0
Female,19.0,Engineering,72.15,89.86,92.19,54.52,98.99,8.55,64.73,71.86,F,1,66,98.0,68.0,88.0
Male,21.0,Mathematics,76.21,61.33,46.86,99.23,56.35,4.28,63.81,67.84,C,0,32,69.0,92.0,57.0
Male,23.0,BUSINESS,67.32,78.1,95.18,97.63,71.77,3.55,61.36,63.78,B,0,73,93.0,73.0,62.0
Male,23.0,CS,,78.56,97.24,88.65,61.31,8.26,59.39,81.99,D,0,32,76.0,100.0,60.0
Female,23.0,Engineering,94.95,88.21,96.63,70.46,71.2,8.59,95.47,79.55,A,0,79,56.0,77.0,82.0
Male,19.0,Engineering,57.41,92.65,89.74,66.08,67.31,9.82,57.34,72.85,A,1,48,85.0,97.0,70.0
Female,19.0,CS,66.49,77.41,87.75,50.15,97.32,5.0,73.73,71.52,D,1,40,53.0,65.0,37.0
Female,23.0,CS,98.2,95.49,88.34,78.33,93.76,6.32,73.92,80.05,D,0,55,73.0,66.0,53.0
Female,22.0,Engineering,99.66,78.46,46.83,76.43,,1.83,72.24,71.64,F,0,93,83.0,60.0,91.0
Female,,Mathematics,95.21,91.5,75.44,54.43,69.6,5.69,66.65,70.68,B,0,68,46.0,90.0,55.0
Male,18.0,Business,91.44,87.69,52.68,66.62,80.45,1.52,96.2,92.21,D,0,48,38.0,93.0,43.0
Female,20.0,CS,97.25,95.62,54.79,62.51,95.04,6.6,62.68,68.28,A,0,61,87.0,46.0,64.0
Male,22.0,Business,58.79,88.95,41.63,63.25,90.06,2.72,50.13,55.86,A,1,76,80.0,99.0,88.0
Female,18.0,Engineering,80.48,68.44,76.99,55.25,51.83,8.96,85.11,94.56,B,0,45,75.0,71.0,64.0
Female,23.0,Mathematics,68.19,88.56,52.08,92.5,84.99,7.96,94.44,67.14,C,0,76,91.0,79.0,58.0
Male,20.0,CS,69.43,70.23,90.02,79.3,66.98,0.74,94.52,61.89,C,0,66,65.0,81.0,70.0
Male,18.0,Engineering,71.4,52.77,64.11,90.17,86.4,6.34,90.92,52.88,F,1,79,76.0,100.0,92.0
Female,22.0,CS,99.5,89.84,56.0,93.68,51.94,8.9,51.92,54.31,F,0,51,56.0,76.0,58.0
Female,21.0,CS,98.89,89.38,59.67,95.52,64.43,1.53,78.77,53.32,F,0,99,51.0,63.0,43.0
Female,19.0,Engineering,,68.22,60.49,87.97,85.59,8.19,92.81,75.02,A,0,82,80.0,69.0,76.0
Female,18.0,CS,93.04,65.98,45.55,77.09,61.86,0.53,74.97,72.75,B,1,72,96.0,87.0,96.0
Female,21.0,Engineering,73.43,93.96,88.66,75.17,70.11,6.25,81.0,82.46,D,1,85,43.0,80.0,55.0
Male,20.0,Mathematics,91.1,72.43,63.74,50.15,75.64,6.01,63.99,96.27,F,0,53,43.0,50.0,80.0
Male,20.0,Mathematics,56.86,82.81,71.57,51.42,53.54,9.0,56.99,95.64,A,1,66,55.0,45.0,80.0
Male,19.0,Business,82.03,93.63,88.01,50.57,79.14,6.73,62.78,76.41,D,0,79,54.0,67.0,66.0
Female,18.0,CS,53.53,73.5,95.72,90.11,87.97,9.76,90.33,88.78,A,0,53,42.0,39.0,66.0
Female,19.0,Engineering,91.97,62.2,57.51,63.77,71.03,9.92,50.65,81.5,A,0,36,82.0,74.0,45.0
Male,19.0,Business,84.37,95.09,87.18,56.54,53.17,0.93,53.48,57.68,F,1,39,78.0,95.0,55.0
Male,21.0,Engineering,63.39,65.58,60.88,95.62,56.41,4.29,67.15,94.6,C,0,72,62.0,87.0,41.0
Female,19.0,CS,68.96,86.5,40.83,77.59,56.68,7.04,96.52,75.71,C,1,65,83.0,56.0,52.0
Male,21.0,Engineering,78.77,87.96,40.62,91.09,58.85,2.98,96.82,90.4,C,1,50,79.0,100.0,66.0
Female,23.0,Mathematics,52.41,,65.61,55.61,51.14,0.14,88.42,59.88,A,0,100,60.0,67.0,86.0
Female,21.0,Engineering,71.31,63.86,62.49,75.9,79.47,2.88,87.08,65.73,F,0,80,61.0,72.0,41.0
Male,19.0,Engineering,94.53,73.25,47.7,91.44,78.25,3.74,71.69,72.61,D,0,89,26.0,68.0,62.0
Male,21.0,Engineering,55.73,43.09,85.54,86.94,77.09,1.19,87.87,92.17,A,1,58,75.0,79.0,52.0
Male,21.0,Engineering,70.87,93.97,75.15,62.98,88.63,1.04,72.18,69.68,B,0,72,53.0,91.0,82.0
Female,21.0,CS,87.25,73.86,55.9,85.41,74.96,0.59,60.03,85.83,A,1,70,65.0,92.0,50.0
Male,22.0,CS,87.04,94.75,69.71,79.42,70.22,1.52,96.52,62.54,D,0,89,100.0,56.0,74.0
Male,22.0,Business,72.76,58.77,63.62,68.76,50.15,7.05,90.68,53.75,C,1,45,54.0,79.0,57.0
Female,20.0,Mathematics,92.14,86.07,54.08,,60.5,3.72,88.57,75.85,C,0,76,31.0,94.0,89.0
Male,19.0,CS,89.33,59.55,77.89,83.91,55.95,3.22,90.77,74.51,F,1,87,37.0,100.0,94.0
Male,18.0,Business,95.61,70.14,59.53,53.91,77.54,8.57,60.08,53.18,B,0,65,37.0,90.0,88.0
Male,21.0,CS,62.64,57.05,49.21,52.68,50.45,9.99,68.12,95.7,B,1,93,84.0,84.0,79.0
Male,18.0,Engineering,66.14,42.49,88.75,77.38,87.4,5.02,53.26,62.83,C,0,51,80.0,85.0,62.0
Male,22.0,Engineering,98.59,63.76,59.12,78.32,95.32,9.44,55.43,81.23,A,0,69,76.0,53.0,66.0
Male,19.0,CS,,41.76,83.34,84.4,61.76,3.78,89.65,89.13,A,1,39,57.0,92.0,88.0
Female,22.0,Business,83.43,42.74,85.42,67.55,97.45,5.3,96.87,88.82,C,0,36,44.0,71.0,66.0
Male,20.0,Business,55.05,51.75,94.71,76.89,50.75,7.04,87.87,58.75,D,0,55,44.0,87.0,30.0
 FEMALE ,21.0,Business,62.07,65.09,64.28,53.22,56.04,8.03,83.64,97.46,B,0,71,71.0,99.0,45.0
Male,18.0,Business,,75.42,47.65,66.05,89.61,5.38,64.28,60.89,B,0,63,74.0,95.0,47.0
Male,19.0,Engineering,92.61,55.58,96.91,56.94,83.08,4.26,57.82,88.17,B,1,27,46.0,61.0,56.0
Male,23.0,Computer Science,66.74,70.48,99.48,86.54,91.53,4.68,97.51,65.41,B,0,82,55.0,91.0,58.0
Female,21.0,Engineering,52.87,63.05,92.21,89.2,99.47,0.19,73.86,99.06,B,1,51,54.0,100.0,96.0
Male,20.0,CS,54.26,41.49,75.79,75.93,66.14,4.39,73.51,75.43,A,0,59,69.0,82.0,72.0
Male,23.0,CS,78.47,,58.6,97.48,78.23,9.17,65.76,91.68,C,1,88,89.0,53.0,58.0
Male,23.0,Engineering,69.49,61.31,65.2,50.83,87.13,2.97,67.68,95.88,A,0,37,45.0,77.0,29.0
Female,18.0,Engineering,53.48,,62.37,64.69,98.91,1.46,70.51,66.44,F,0,51,75.0,97.0,68.0
Male,18.0,CS,87.58,81.48,79.98,50.34,79.2,5.78,57.19,61.25,F,0,97,61.0,70.0,66.0
Female,18.0,CS,66.52,63.15,42.21,83.99,79.56,5.04,93.47,73.22,F,0,69,75.0,69.0,30.0
Male,20.0,CS,74.18,83.52,78.29,67.65,97.53,8.36,73.69,56.24,A,0,40,79.0,72.0,77.0
 MALE ,22.0,CS,57.92,98.34,78.76,68.95,96.28,9.63,85.25,59.99,F,1,91,88.0,91.0,72.0
Male,22.0,CS,78.12,67.61,77.84,65.88,83.38,1.94,72.33,69.3,C,1,58,100.0,65.0,59.0
Female,19.0,CS,77.84,67.68,83.86,75.07,61.72,7.88,97.4,52.39,D,0,57,100.0,72.0,86.0
Female,23.0,Business,77.17,80.87,59.47,75.82,91.39,9.5,92.97,80.9,B,0,75,63.0,74.0,68.0
Male,20.0,CS,60.98,89.59,83.13,72.81,83.86,2.27,51.61,51.74,A,0,82,98.0,95.0,82.0
Female,23.0,CS,75.86,95.36,66.14,56.66,63.22,9.99,94.82,81.81,C,0,50,31.0,56.0,47.0
Male,21.0,Business,85.2,88.88,89.62,94.24,79.85,7.26,71.25,78.25,D,0,75,68.0,42.0,69.0
Male,22.0,Mathematics,56.73,58.3,71.93,64.2,91.02,2.54,91.38,88.55,A,0,67,56.0,94.0,57.0
Female,21.0,Mathematics,81.54,97.65,45.83,97.19,63.79,2.24,78.66,53.81,B,1,58,59.0,100.0,72.0
Female,23.0,CS,64.77,55.65,87.85,82.27,53.6,9.18,51.49,60.83,A,0,80,79.0,55.0,84.0
Male,23.0,CS,78.85,89.06,93.39,53.81,62.6,7.62,72.09,64.87,B,0,70,43.0,69.0,89.0
Male,22.0,CS,67.85,43.1,67.91,59.88,79.67,0.29,60.76,62.48,F,0,100,61.0,61.0,59.0
Female,21.0,Mathematics,78.22,50.74,88.74,73.39,67.63,1.33,94.36,93.38,A,0,46,64.0,79.0,41.0
Female,18.0,CS,75.69,73.35,72.34,76.03,69.87,2.65,79.44,68.21,A,0,86,42.0,68.0,62.0
Female,21.0,Business,90.8,53.64,92.53,62.04,51.63,6.27,74.81,56.28,A,1,46,41.0,76.0,81.0
Female,21.0,Business,53.92,78.3,68.21,91.48,58.61,4.42,53.55,61.71,A,0,78,56.0,76.0,46.0
Male,23.0,Engineering,53.94,60.43,74.61,64.3,65.2,6.05,86.08,61.71,A,0,72,93.0,89.0,95.0
Female,19.0,Engineering,55.41,43.49,61.61,88.71,91.28,8.94,72.53,71.57,D,1,62,87.0,92.0,75.0
Male,23.0,Engineering,86.13,69.11,85.02,99.6,72.6,6.76,68.21,86.65,C,1,84,93.0,70.0,54.0
Male,22.0,Mathematics,83.62,67.49,50.65,60.1,78.19,3.81,87.27,73.42,C,0,71,30.0,56.0,69.0
Male,23.0,CS,68.74,53.56,85.43,77.87,91.09,5.88,85.84,98.48,F,1,89,53.0,86.0,85.0
Male,22.0,Business,95.63,90.94,65.48,96.43,83.39,6.93,89.32,50.79,B,0,35,47.0,77.0,63.0
Male,23.0,Business,69.0,76.88,88.6,94.75,65.21,4.64,52.39,92.86,C,1,57,100.0,84.0,97.0
Male,22.0,CS,64.16,46.18,77.56,60.61,69.1,3.11,78.57,97.77,B,0,33,78.0,60.0,61.0
Male,21.0, engineering ,51.68,51.4,60.83,88.7,77.02,0.56,80.93,59.91,B,0,65,58.0,60.0,49.0
Female,18.0,Mathematics,56.25,59.98,42.48,72.54,63.9,2.76,58.72,66.55,A,0,62,76.0,100.0,42.0
Female,22.0,Mathematics,57.66,99.75,88.47,77.5,97.2,6.79,58.38,92.02,C,0,57,73.0,100.0,78.0
Male,20.0,Engineering,90.39,,75.17,87.51,86.87,9.85,96.49,91.95,B,1,89,55.0,66.0,35.0
Male,18.0,Engineering,50.09,80.55,59.62,58.48,91.44,8.46,63.58,80.28,B,0,48,100.0,54.0,90.0
Female,20.0,CS,77.16,57.37,98.87,97.93,84.49,9.06,62.18,73.77,F,0,48,78.0,67.0,71.0
Male,18.0,Business,85.31,54.97,63.87,79.55,82.76,7.29,89.65,67.66,D,0,44,73.0,89.0,97.0
Female,19.0,CS,70.92,60.12,69.38,80.49,67.35,9.56,50.61,77.65,F,0,64,68.0,85.0,78.0
Female,19.0,CS,96.79,90.13,75.24,60.02,76.79,5.24,73.69,96.69,B,0,27,85.0,81.0,69.0
Male,19.0,Engineering,69.42,98.56,89.18,71.14,,3.15,59.37,58.92,D,0,60,51.0,69.0,44.0
Male,21.0,CS,55.27,69.67,49.27,61.43,81.36,8.07,98.4,69.14,C,1,91,84.0,89.0,59.0
Female,18.0,Engineering,79.83,,98.1,98.42,90.52,8.49,52.67,69.93,F,0,51,87.0,74.0,84.0
Female,20.0,Engineering,78.47,77.24,41.73,69.97,85.06,6.54,58.74,92.44,B,0,80,77.0,87.0,39.0
Male,21.0,Business,52.99,64.76,97.65,81.82,71.56,8.14,92.14,88.86,F,1,29,100.0,72.0,72.0
Male,18.0,CS,67.81,47.35,72.1,87.28,61.61,1.24,76.19,79.12,B,0,32,50.0,38.0,94.0
Male,22.0,CS,50.22,78.01,72.58,94.52,59.95,0.85,75.13,95.42,A,1,34,100.0,76.0,93.0
Male,18.0,CS,90.34,44.47,62.71,80.62,90.84,6.41,80.88,90.08,A,1,47,51.0,93.0,80.0
Female,23.0,CS,87.03,68.88,94.13,91.23,65.73,9.5,95.04,52.11,D,0,49,76.0,96.0,68.0
Female,,Mathematics,53.86,57.11,98.15,94.39,82.61,0.4,79.83,78.5,C,1,52,100.0,60.0,81.0
Female,22.0,Engineering,71.22,78.23,71.33,63.26,67.52,4.0,89.0,81.59,A,1,50,64.0,65.0,86.0
Female,21.0,Mathematics,80.36,85.77,45.33,64.09,98.92,9.57,75.44,93.85,A,1,51,68.0,100.0,87.0
Female,19.0,Business,55.0,82.87,75.66,87.29,77.64,7.38,65.61,84.7,D,0,37,71.0,92.0,74.0
Female,20.0,Business,55.31,65.3,85.6,65.07,52.95,4.43,89.14,69.25,A,0,86,46.0,74.0,59.0
Male,20.0,Engineering,88.37,73.62,87.78,69.17,73.39,9.37,59.46,73.4,B,0,50,38.0,100.0,100.0
Male,19.0,Business,75.05,57.87,94.73,89.41,74.53,1.81,95.4,80.58,D,1,49,89.0,76.0,89.0
Male,18.0,Engineering,52.3,69.45,67.09,84.71,58.4,4.76,88.81,84.82,B,0,49,61.0,78.0,53.0
Female,22.0,Engineering,77.92,71.18,53.67,63.77,94.92,0.46,78.47,55.92,D,1,83,57.0,64.0,62.0
Female,21.0,CS,,52.33,97.15,84.86,59.72,8.62,87.89,63.41,A,1,89,37.0,76.0,72.0
Male,22.0,Computer Science,51.38,42.24,60.25,96.98,54.33,1.78,66.33,72.5,B,0,65,44.0,90.0,70.0
Female,23.0,Engineering,84.43,60.2,72.55,98.15,51.14,4.43,92.21,99.53,D,1,72,59.0,98.0,75.0
Female,21.0,Business,51.12,68.59,93.55,98.94,97.31,8.86,,67.14,A,0,74,69.0,88.0,77.0
Female,20.0,CS,85.4,42.76,85.3,65.37,56.79,0.05,88.1,62.29,C,0,71,52.0,47.0,42.0
Male,19.0,Engineering,92.55,51.83,44.48,99.45,89.59,6.14,51.77,86.69,B,1,60,58.0,86.0,66.0
Male,18.0,CS,69.63,70.61,71.49,82.17,,4.8,50.71,80.37,A,0,61,45.0,29.0,89.0
Female,22.0,Business,92.76,55.28,70.77,73.56,77.03,2.13,57.62,72.55,F,0,70,59.0,94.0,83.0
Male,23.0,Engineering,58.37,99.59,60.47,64.33,54.91,9.12,71.3,96.93,A,0,40,32.0,24.0,55.0
Female,21.0,Engineering,53.79,50.93,60.72,77.27,78.26,3.12,60.58,94.88,A,0,95,73.0,98.0,76.0
Male,18.0,Business,91.02,99.46,71.87,76.46,85.84,8.44,78.87,71.73,B,1,47,95.0,63.0,93.0
Male,18.0,CS,77.88,82.04,94.68,61.36,81.89,8.05,52.23,91.55,B,0,50,100.0,78.0,33.0
Male,19.0,Engineering,98.07,45.7,93.2,67.93,73.83,6.28,70.42,61.87,A,1,84,98.0,96.0,84.0
Male,23.0,CS,87.17,77.58,42.38,71.08,84.47,8.96,98.79,58.8,F,0,32,81.0,100.0,100.0
Male,21.0,CS,83.67,86.08,64.19,99.24,66.1,1.67,81.93,74.21,D,0,67,67.0,77.0,83.0
Female,,CS,86.13,90.45,95.48,79.69,76.13,6.02,81.92,89.69,C,1,58,60.0,81.0,69.0
Female,19.0,CS,66.62,97.75,96.0,94.6,90.78,1.06,93.03,95.07,A,0,100,84.0,100.0,90.0
Male,20.0,Engineering,85.76,65.88,56.62,90.94,73.57,1.13,68.4,57.8,A,1,33,80.0,48.0,97.0
Female,20.0,Computer Science,62.41,91.26,81.03,85.9,81.16,1.36,81.99,77.4,D,1,50,92.0,87.0,80.0
Male,18.0,CS,97.66,56.35,74.66,83.54,74.86,3.36,87.87,63.82,F,0,50,53.0,50.0,84.0
Female,22.0,Mathematics,98.82,85.94,89.6,64.25,60.2,2.27,66.2,97.22,C,1,47,58.0,82.0,58.0
Male,23.0,Engineering,68.83,61.85,56.99,75.29,87.79,2.37,64.27,87.33,C,1,62,100.0,62.0,94.0
Female,19.0,CS,50.31,46.14,59.47,96.68,72.34,5.31,81.09,90.65,B,0,71,71.0,78.0,44.0
Male,21.0,CS,69.0,86.57,86.31,89.89,81.08,0.96,66.06,87.57,F,1,69,55.0,84.0,71.0
Male,23.0,Mathematics,55.48,94.76,77.29,96.29,71.07,6.36,97.54,69.88,D,0,39,80.0,76.0,86.0
Male,20.0,CS,95.48,76.33,,62.62,69.1,,66.86,76.94,D,0,43,82.0,84.0,95.0
Female,21.0,Mathematics,62.56,49.08,72.57,67.8,64.88,1.74,64.72,63.61,A,1,31,97.0,82.0,74.0
Male,20.0,Engineering,56.8,91.5,98.41,90.41,50.17,3.52,70.0,76.81,B,0,64,61.0,96.0,47.0
Male,21.0,Business,71.22,53.89,44.94,84.89,53.06,0.3,98.35,81.88,F,1,62,99.0,81.0,89.0
Male,21.0,Engineering,96.66,71.7,79.94,68.54,50.42,6.69,64.72,70.6,A,0,59,70.0,100.0,94.0
Male,22.0,Business,57.03,82.57,99.72,75.46,88.52,8.8,92.89,92.07,F,0,56,91.0,86.0,66.0
Female,22.0,Mathematics,60.83,59.49,92.31,57.57,59.26,6.36,52.13,68.02,A,0,65,65.0,78.0,46.0
Male,20.0,CS,60.34,84.43,60.15,96.1,59.85,2.91,75.37,87.7,D,1,67,96.0,57.0,81.0
Male,23.0,Mathematics,59.88,96.09,85.53,61.72,94.29,3.93,68.64,61.01,B,1,69,76.0,66.0,67.0
Female,18.0,Engineering,82.42,82.61,,63.71,57.68,1.04,57.71,52.27,A,0,63,55.0,65.0,67.0
Male,21.0,CS,65.1,96.29,67.77,95.91,71.77,6.88,70.92,60.68,C,0,51,80.0,92.0,100.0
Female,19.0,CS,52.58,67.64,99.65,54.71,76.21,1.92,76.7,66.21,A,0,64,94.0,73.0,59.0
Male,23.0,Business,85.31,96.35,80.64,62.84,86.41,6.6,83.75,84.29,B,1,59,37.0,85.0,80.0
Female,20.0,Computer Science,58.79,49.04,45.23,62.27,93.55,7.26,86.98,85.29,A,1,52,80.0,88.0,72.0
 FEMALE ,20.0,CS,76.73,44.81,75.55,75.72,63.82,4.03,74.76,98.89,F,0,53,82.0,65.0,100.0
Male,21.0,Engineering,94.54,98.7,68.75,69.43,87.15,8.65,52.58,76.15,B,1,57,77.0,100.0,37.0
Female,23.0,Mathematics,94.21,45.73,,65.61,59.22,0.61,53.03,65.56,C,0,58,81.0,92.0,85.0
Male,20.0,CS,50.36,51.71,41.7,51.45,69.15,8.59,80.24,65.65,C,1,63,37.0,78.0,51.0
Male,23.0,Engineering,79.14,89.59,99.96,50.85,70.82,4.48,81.02,97.56,C,0,57,58.0,89.0,68.0
Female,21.0,Business,64.08,41.47,84.93,53.58,94.64,4.1,53.31,70.04,B,0,39,67.0,58.0,63.0
 FEMALE ,19.0,BUSINESS,53.99,65.3,67.66,71.82,76.55,6.05,54.8,75.09,B,1,32,75.0,94.0,52.0
Female,18.0, engineering ,51.57,94.78,83.57,88.73,67.99,8.58,64.99,80.8,A,1,91,76.0,74.0,33.0
Male,23.0,CS,97.97,83.66,85.8,64.73,71.31,1.94,69.86,51.19,A,1,27,96.0,92.0,75.0
Male,20.0,Engineering,92.58,63.45,89.0,89.97,77.0,1.79,94.77,77.92,A,0,68,100.0,67.0,62.0
Male,18.0,CS,66.32,58.51,48.43,97.27,53.34,2.52,71.14,75.25,A,0,68,100.0,67.0,41.0
Female,22.0,Engineering,,98.1,96.14,74.69,96.45,0.25,77.47,55.8,C,1,27,100.0,64.0,100.0
Female,21.0,Engineering,78.88,63.94,57.7,80.76,87.52,0.84,83.44,58.16,C,1,58,61.0,61.0,47.0
Male,23.0,Business,64.14,50.86,50.63,64.19,69.23,5.8,90.59,68.92,B,0,74,35.0,62.0,68.0
Female,21.0,CS,91.91,53.29,91.85,82.06,71.31,5.45,93.7,89.16,B,0,40,70.0,70.0,65.0
Female,22.0,Engineering,87.66,54.42,83.12,54.21,57.29,2.19,75.8,90.45,A,0,60,67.0,53.0,59.0
Male,18.0,CS,79.35,70.53,86.41,57.39,91.72,0.94,78.64,58.68,C,0,27,89.0,82.0,75.0
Female,22.0,Mathematics,59.38,52.64,80.5,76.74,81.24,1.64,86.35,66.64,C,0,65,72.0,45.0,34.0
Male,23.0,Engineering,73.28,79.67,91.98,65.88,92.97,0.89,55.24,83.22,F,1,71,60.0,51.0,25.0
Male,,Engineering,85.74,69.82,57.56,62.0,59.4,5.83,75.64,86.98,B,0,43,73.0,69.0,87.0
Male,,CS,79.06,55.15,64.45,82.83,67.32,1.5,76.56,92.35,D,0,63,68.0,87.0,63.0
Female,18.0,Engineering,60.86,,49.56,96.97,83.22,2.0,81.14,68.63,D,1,72,58.0,85.0,81.0
Male,21.0,Business,83.91,82.82,66.42,85.84,84.02,6.87,99.54,65.15,A,0,56,83.0,77.0,60.0
Male,23.0,CS,67.3,52.3,97.64,99.72,67.18,2.33,50.65,50.84,D,0,65,65.0,48.0,68.0
Female,21.0,Business,54.08,47.68,,55.39,92.95,9.35,63.65,78.76,D,1,79,26.0,69.0,90.0
Female,22.0,Business,96.58,77.93,80.53,94.66,57.14,5.52,80.46,87.01,A,1,92,51.0,71.0,39.0
Male,18.0,Business,83.75,54.87,51.1,89.29,73.52,7.12,93.69,99.29,A,0,100,66.0,82.0,65.0
Female,20.0,CS,,72.25,76.99,58.8,95.66,1.82,82.35,79.42,A,1,89,54.0,100.0,95.0
Female,23.0,Mathematics,90.27,48.6,73.86,85.49,76.4,1.55,75.32,65.45,C,1,49,78.0,69.0,88.0
Female,20.0,Mathematics,59.25,42.53,56.24,78.75,71.77,2.72,,61.78,C,0,60,84.0,45.0,58.0
Male,23.0,CS,73.5,69.14,72.85,62.97,87.48,4.05,85.81,99.87,D,0,92,80.0,86.0,62.0
Female,20.0,CS,60.74,53.01,59.86,69.89,53.32,5.88,69.01,71.6,A,1,36,83.0,99.0,81.0
Female,22.0,CS,71.42,46.84,74.59,53.54,86.18,0.47,,83.59,A,0,78,100.0,75.0,63.0
Male,21.0,CS,80.25,40.55,64.45,66.08,92.65,6.96,78.83,97.42,D,1,72,86.0,55.0,68.0
Male,23.0,CS,71.02,45.63,62.22,57.44,,6.74,75.43,50.39,D,1,31,91.0,78.0,58.0
Female,21.0,Business,69.88,70.63,61.22,58.99,97.38,6.86,55.31,88.63,C,0,60,67.0,100.0,55.0
Male,22.0,CS,66.19,77.73,49.13,74.75,98.13,6.29,98.85,63.26,A,1,64,67.0,90.0,74.0
Female,21.0,Engineering,83.04,84.11,75.37,54.57,60.06,7.76,96.15,97.56,F,1,27,72.0,73.0,75.0
Male,22.0,Engineering,63.36,56.5,42.8,53.53,87.81,7.76,95.5,54.91,A,1,27,100.0,96.0,74.0
Male,18.0,Business,93.78,97.9,93.2,77.01,82.23,,83.69,66.01,A,0,47,45.0,73.0,61.0
Male,23.0,Business,79.16,99.67,71.31,69.64,58.43,5.24,52.19,91.19,B,1,70,73.0,86.0,31.0
Female,23.0,CS,57.55,80.4,85.39,69.56,69.92,9.39,90.73,50.07,B,0,93,55.0,93.0,70.0
Female,19.0,Mathematics,68.01,86.64,,80.6,79.89,9.81,73.45,72.54,A,1,98,36.0,88.0,66.0
Female,20.0,Mathematics,96.75,46.18,92.6,57.73,78.25,4.94,71.21,63.17,B,0,71,83.0,90.0,85.0
Female,22.0,Engineering,68.76,45.66,64.9,58.88,92.81,8.12,75.03,70.47,A,1,67,59.0,72.0,67.0
Male,19.0,Mathematics,77.42,79.28,61.6,,88.79,6.96,88.93,92.72,D,0,74,48.0,75.0,62.0
Male,20.0,Engineering,50.62,88.81,,69.16,67.52,6.74,94.7,97.8,F,1,58,68.0,59.0,82.0
Male,,Business,79.51,43.09,94.27,82.42,86.79,2.79,53.91,98.83,D,0,44,86.0,72.0,53.0
Male,19.0,Math,94.65,51.66,48.34,93.53,80.13,7.7,57.31,73.85,F,0,44,54.0,100.0,86.0
Male,21.0,Mathematics,67.88,45.6,60.72,59.07,85.57,9.05,85.97,85.86,C,0,51,77.0,67.0,56.0
Female,20.0,Business,89.56,68.84,61.64,95.15,63.36,7.55,69.46,53.24,B,0,51,48.0,65.0,78.0
 FEMALE ,23.0,CS,97.22,45.51,83.19,99.78,82.11,2.43,88.54,99.95,D,1,71,69.0,69.0,74.0
Female,23.0,CS,77.75,51.05,82.06,95.36,91.73,6.56,99.89,71.2,D,1,70,31.0,70.0,71.0
Female,18.0,CS,86.07,76.91,52.72,89.04,50.2,5.92,88.74,97.74,F,0,47,100.0,47.0,72.0
Male,23.0,Engineering,89.52,94.33,84.11,60.16,80.58,2.9,,85.88,F,0,37,58.0,68.0,43.0
Female,19.0,Mathematics,56.06,46.69,44.67,81.09,,3.94,70.43,64.55,A,0,81,74.0,85.0,90.0
Female,21.0,CS,90.79,54.24,88.19,81.75,89.83,5.99,98.44,81.13,C,0,67,62.0,75.0,38.0
Male,20.0,Business,68.38,86.9,74.55,67.81,65.09,1.78,58.75,88.99,F,1,56,79.0,94.0,54.0
Male,23.0,Business,76.89,49.1,91.82,97.84,88.46,2.63,61.37,82.19,A,0,80,73.0,90.0,100.0
Female,23.0,Business,71.04,77.56,63.19,97.34,64.68,6.85,89.09,66.01,B,1,64,92.0,89.0,98.0
Male,19.0,Business,94.27,76.49,49.72,68.38,96.41,9.92,87.02,76.23,B,0,32,91.0,94.0,80.0
Female,21.0,Engineering,67.65,41.18,62.87,86.71,99.12,0.18,76.97,94.6,A,0,71,67.0,75.0,71.0
Male,21.0,Engineering,67.71,66.22,42.57,57.23,92.51,7.03,55.92,63.58,C,1,69,54.0,74.0,37.0
Male,21.0,Engineering,50.59,78.38,89.76,54.69,,0.97,96.57,90.08,C,0,73,65.0,84.0,45.0
Female,22.0,Business,83.59,67.31,89.38,76.7,87.57,7.74,59.44,53.22,A,0,52,54.0,85.0,66.0
Female,23.0,Mathematics,68.77,76.05,84.14,72.24,95.12,5.88,86.04,82.36,A,0,58,61.0,69.0,50.0
Female,19.0,Engineering,69.52,71.67,99.16,56.4,68.41,8.74,50.09,65.82,D,0,34,82.0,71.0,100.0
Female,20.0,CS,75.73,67.13,76.24,58.67,94.52,9.51,53.55,92.04,C,1,54,80.0,90.0,69.0
Female,22.0,Engineering,98.11,74.42,40.48,79.27,56.49,6.47,59.87,74.34,A,0,27,89.0,69.0,31.0
Female,21.0,Engineering,99.3,85.26,41.64,81.27,74.49,8.33,56.22,90.16,C,0,74,77.0,48.0,70.0
Female,20.0,Mathematics,96.13,83.48,52.5,90.8,75.52,3.19,89.51,86.83,D,1,59,73.0,65.0,86.0
Female,19.0,Engineering,89.38,98.45,65.58,69.68,90.6,7.47,57.25,64.24,A,0,69,70.0,94.0,68.0
Female,21.0,CS,69.28,70.87,87.57,83.13,97.66,6.91,85.93,87.73,C,0,62,58.0,88.0,100.0
Male,21.0,Business,61.79,51.42,77.26,67.29,92.19,1.55,98.14,79.05,B,0,58,48.0,60.0,82.0
Male,20.0,Engineering,70.43,80.32,49.88,83.0,63.86,6.44,,75.99,B,1,60,77.0,81.0,57.0
Female,18.0,CS,82.76,52.16,54.64,56.3,81.64,7.37,90.89,81.86,F,0,77,86.0,68.0,75.0
Female,23.0,Engineering,86.01,94.82,52.29,52.29,86.27,9.94,71.8,72.39,A,0,36,37.0,70.0,100.0
Male,22.0,Engineering,82.13,43.6,92.53,84.85,72.41,9.4,69.38,61.57,B,0,27,49.0,61.0,40.0
Female,20.0,Business,56.04,52.61,75.11,81.5,86.79,8.53,96.34,62.9,B,1,78,48.0,46.0,49.0
Female,23.0,CS,56.14,72.23,62.72,89.29,96.35,0.41,94.34,61.43,C,0,82,38.0,69.0,69.0
Male,22.0,CS,78.2,60.87,70.04,61.25,55.17,4.43,83.14,69.28,B,0,56,58.0,61.0,70.0
Female,22.0,Business,65.25,61.29,90.08,96.27,86.65,8.1,80.06,50.51,A,0,33,46.0,97.0,63.0
Female,21.0,CS,57.07,88.58,44.5,69.99,76.77,9.34,60.62,52.36,B,0,59,76.0,83.0,49.0
Male,21.0,CS,98.03,86.09,71.68,59.66,96.36,8.23,52.63,68.43,A,0,63,65.0,80.0,80.0
Male,19.0,Mathematics,90.95,68.67,76.37,89.01,88.76,7.76,72.79,85.87,B,0,100,25.0,84.0,82.0
Female,19.0,CS,93.02,65.31,60.66,55.21,55.38,5.07,,66.19,A,1,74,75.0,82.0,65.0
Male,21.0,CS,95.07,80.87,,88.31,51.52,3.23,73.59,80.22,F,1,67,71.0,52.0,56.0
Male,20.0,Engineering,70.59,75.17,63.06,60.58,60.08,0.9,96.2,55.84,A,0,31,78.0,62.0,85.0
Female,20.0,CS,52.85,65.16,54.01,65.1,78.06,0.88,52.41,83.68,F,1,60,97.0,98.0,84.0
Male,21.0,Mathematics,79.95,91.07,80.87,80.72,96.6,6.52,95.65,68.85,D,0,76,52.0,74.0,82.0
Male,23.0,Mathematics,83.44,43.38,55.13,82.14,99.85,3.85,55.46,67.69,F,0,79,65.0,98.0,71.0
Female,19.0,Business,51.06,78.61,94.08,88.15,56.11,5.85,90.99,75.9,D,0,40,60.0,98.0,86.0
Male,23.0,Business,58.92,96.69,48.21,,80.54,1.36,91.81,80.02,A,1,54,70.0,76.0,75.0
Male,22.0,CS,80.89,95.6,64.33,93.75,82.54,2.48,87.3,71.57,F,1,100,68.0,60.0,82.0
Female,22.0,Engineering,84.55,90.23,65.43,73.4,69.68,8.13,56.69,83.36,D,0,27,86.0,58.0,53.0
Female,20.0,Engineering,62.47,79.22,58.1,68.13,97.88,9.23,57.25,60.19,C,1,90,73.0,80.0,52.0
Female,21.0,Engineering,93.34,47.45,44.53,82.34,92.62,2.8,62.71,79.22,A,1,45,72.0,51.0,90.0
Male,21.0,Engineering,89.08,40.99,69.39,90.6,56.66,4.72,94.98,99.68,A,0,41,54.0,43.0,48.0
Female,20.0,Business,86.99,88.74,55.36,64.72,87.74,8.13,50.14,94.59,F,0,36,53.0,93.0,89.0
Male,18.0,Mathematics,91.34,93.49,45.13,73.54,89.29,7.51,,95.82,B,1,41,80.0,91.0,55.0
Female,18.0,Business,56.02,72.11,53.82,68.86,65.21,6.98,85.95,92.04,A,1,100,61.0,84.0,77.0
Male,21.0,CS,65.03,94.79,86.96,64.37,79.53,9.93,51.33,60.31,B,0,64,70.0,87.0,94.0
Female,18.0,CS,58.05,66.61,52.98,51.4,80.15,9.78,81.48,71.57,C,0,50,62.0,88.0,31.0
Female,21.0,Mathematics,51.96,54.2,64.67,79.56,82.85,5.97,51.3,58.47,F,0,38,50.0,72.0,76.0
Female,19.0,Engineering,71.29,59.94,72.45,63.05,70.43,8.81,68.67,57.29,A,0,48,95.0,66.0,85.0
Female,18.0,Computer Science,57.77,66.89,78.71,60.9,75.12,1.64,67.72,97.95,D,0,86,75.0,78.0,79.0
Female,22.0,Engineering,95.83,41.08,44.85,99.29,70.02,8.78,71.22,90.15,A,0,68,58.0,89.0,64.0
Female,21.0,Business,54.18,84.66,44.24,73.44,94.59,5.73,56.81,88.62,F,1,76,70.0,100.0,76.0
Male,18.0,Engineering,66.89,48.89,47.67,57.84,69.64,2.93,70.34,73.0,D,0,96,93.0,83.0,70.0
Male,21.0,CS,77.69,66.41,66.83,51.37,76.21,6.87,83.27,92.4,C,0,56,71.0,100.0,79.0
Female,20.0,Business,84.55,44.28,77.57,84.53,79.34,6.78,77.72,50.7,B,1,52,76.0,95.0,41.0
 FEMALE ,21.0,Engineering,58.9,79.62,50.3,59.84,90.8,3.45,90.04,61.95,A,0,87,63.0,80.0,75.0
Female,19.0,Mathematics,75.43,80.24,97.87,87.93,57.64,5.28,60.66,75.94,F,0,55,40.0,61.0,85.0
Female,21.0,CS,67.6,75.45,57.76,82.37,93.46,4.5,59.95,70.45,D,1,65,88.0,87.0,73.0
Female,20.0,Business,84.11,63.34,95.34,55.88,71.74,7.94,95.0,68.05,B,0,79,89.0,80.0,49.0
Male,21.0,CS,53.45,56.56,86.63,66.69,85.6,2.97,92.84,62.95,D,0,63,61.0,33.0,40.0
Male,23.0,CS,83.01,94.04,81.95,60.03,64.82,5.09,76.79,79.99,F,0,62,88.0,100.0,34.0
Female,22.0,Business,,60.72,85.65,91.2,69.83,8.55,62.18,66.1,A,1,31,63.0,91.0,62.0
Female,19.0,CS,97.6,91.93,57.72,68.39,75.37,5.42,88.33,93.75,B,0,64,43.0,82.0,78.0
Male,19.0,Engineering,53.62,76.01,51.29,54.26,69.34,1.22,68.01,59.28,C,0,29,79.0,73.0,45.0
Female,20.0,Engineering,83.63,84.18,60.4,68.38,94.85,7.54,92.12,58.38,B,1,95,76.0,61.0,41.0
Female,19.0,Mathematics,87.33,86.06,43.36,74.22,70.22,5.95,92.06,88.15,C,1,57,75.0,61.0,87.0
Male,23.0,Business,76.47,73.98,71.24,93.73,52.3,5.5,69.99,63.51,D,0,76,37.0,99.0,43.0
Female,18.0,CS,81.99,82.41,83.98,81.94,53.25,3.51,84.37,84.7,F,0,49,75.0,78.0,100.0
Female,20.0,Mathematics,82.98,72.42,78.83,83.77,87.1,6.22,87.95,69.51,A,0,61,26.0,53.0,43.0
Female,22.0,Engineering,,57.56,86.64,90.74,79.21,7.18,92.85,59.35,A,0,27,100.0,88.0,55.0
Female,19.0,Engineering,96.01,50.31,62.05,79.79,60.59,9.93,71.34,82.48,F,0,65,61.0,84.0,100.0
Female,23.0,Business,80.96,68.32,86.16,66.61,58.95,3.35,91.53,66.97,B,0,71,94.0,82.0,53.0
Male,20.0,Engineering,94.51,61.71,63.25,95.27,58.46,6.8,52.32,71.58,D,0,38,63.0,71.0,39.0
Male,19.0,Engineering,77.25,73.73,55.05,63.32,75.35,2.98,96.97,75.05,D,1,51,45.0,88.0,93.0
Male,18.0,Engineering,75.6,87.85,46.06,96.67,64.83,5.4,66.64,79.15,C,0,87,97.0,63.0,56.0
Female,18.0,CS,75.65,52.41,45.76,79.95,92.84,5.78,61.14,63.94,B,0,63,74.0,98.0,82.0
Female,20.0,Business,85.66,51.89,60.49,62.11,82.17,6.36,76.45,95.9,B,1,49,59.0,77.0,90.0
Female,18.0,CS,52.87,83.23,75.72,56.55,84.33,8.04,93.89,70.47,A,0,64,65.0,48.0,51.0
Female,23.0,CS,86.03,98.0,,95.39,62.36,2.1,95.61,69.34,D,1,90,36.0,81.0,94.0
Female,22.0, engineering ,74.72,71.11,54.14,,92.03,0.12,68.93,60.93,D,0,82,81.0,83.0,53.0
Male,22.0,CS,96.98,67.16,66.7,51.88,91.47,2.06,57.73,62.59,A,1,69,83.0,100.0,47.0
Female,22.0,Engineering,72.28,92.32,80.69,77.84,60.69,4.63,97.06,68.79,B,1,79,59.0,91.0,61.0
Female,19.0,CS,60.3,63.46,83.23,89.62,86.23,8.38,53.33,72.83,B,1,48,53.0,76.0,48.0
Male,18.0,Business,67.83,99.31,72.04,90.66,51.12,1.74,59.11,79.51,A,1,57,43.0,59.0,85.0
Female,19.0,Engineering,80.98,96.08,47.53,80.93,84.35,5.66,85.31,54.57,A,0,55,72.0,67.0,63.0
Male,18.0,Business,60.95,91.3,98.38,80.16,74.88,5.02,82.45,63.51,C,0,63,69.0,87.0,66.0
Female,19.0,CS,97.45,95.89,71.46,58.14,74.8,0.54,52.83,57.39,F,1,29,42.0,54.0,57.0
Female,23.0,CS,97.33,66.3,91.84,87.78,,7.33,73.63,53.87,B,0,49,74.0,84.0,87.0
Male,22.0,CS,94.18,80.97,51.53,99.97,51.31,8.09,,76.56,A,0,65,57.0,83.0,60.0
Female,20.0,CS,70.02,51.59,70.13,66.94,84.68,4.28,88.49,51.75,F,0,65,81.0,78.0,58.0
Male,20.0,Mathematics,62.65,78.94,93.25,92.52,51.39,2.34,94.5,63.13,A,1,33,61.0,61.0,96.0
Female,23.0,CS,52.89,82.06,83.04,82.36,94.27,3.8,59.07,88.96,F,0,28,76.0,100.0,55.0
Male,18.0,Engineering,64.96,55.77,53.59,80.67,95.11,7.86,94.09,50.88,A,1,83,27.0,72.0,40.0
Female,22.0,CS,82.91,79.64,79.31,56.41,57.14,5.42,63.7,56.22,C,0,54,81.0,82.0,68.0
Female,18.0,Business,69.29,82.83,,97.81,98.37,6.49,64.23,70.42,F,0,84,46.0,71.0,67.0
Male,19.0,Mathematics,70.38,70.82,94.21,,87.57,9.67,99.82,62.27,F,0,92,30.0,41.0,27.0
Female,20.0,CS,50.7,84.8,60.19,59.05,90.97,7.45,76.29,50.55,F,0,52,70.0,100.0,71.0
Female,22.0,Engineering,58.6,80.47,92.81,91.07,83.11,6.37,54.34,90.32,B,0,64,85.0,75.0,69.0
Male,23.0,Engineering,70.03,40.37,83.45,75.91,53.93,4.53,75.48,98.13,A,1,95,79.0,49.0,77.0
Male,20.0,Engineering,60.44,40.73,56.35,59.42,87.62,5.44,52.1,80.12,D,1,80,85.0,100.0,55.0
Male,19.0,Engineering,79.65,62.67,72.36,59.15,95.54,8.81,98.4,70.91,D,1,67,76.0,80.0,97.0
Female,23.0,CS,95.92,86.72,40.83,78.79,98.11,7.71,59.67,57.97,B,1,47,55.0,82.0,94.0
Male,20.0,CS,98.44,55.67,59.23,72.93,81.32,7.26,70.74,71.67,A,0,55,91.0,59.0,85.0
Female,19.0,Engineering,59.36,46.3,66.81,92.7,86.22,1.92,95.03,63.93,B,1,71,100.0,82.0,70.0
Female,20.0,Business,50.63,62.13,90.35,63.63,86.59,3.93,73.34,82.23,F,1,56,78.0,75.0,64.0
Male,19.0,Mathematics,57.29,,60.09,65.12,77.55,5.29,65.23,95.13,F,0,45,39.0,89.0,83.0
Male,21.0,Business,63.0,43.27,69.37,85.33,60.6,7.24,70.8,88.2,D,0,27,70.0,74.0,81.0
Female,20.0,Mathematics,62.01,74.18,74.27,91.18,87.07,,63.45,69.08,D,0,27,66.0,49.0,49.0
Male,21.0,Business,63.78,73.16,89.44,82.0,65.57,1.9,62.15,51.52,A,0,73,98.0,69.0,67.0
Male,22.0,Business,78.4,61.38,85.88,52.72,57.42,7.65,72.51,88.87,B,0,79,65.0,82.0,80.0
Male,18.0,Engineering,82.13,83.19,50.09,79.09,,0.22,75.01,81.31,B,1,81,74.0,91.0,61.0
Male,23.0,CS,52.53,75.13,74.15,57.72,61.59,0.05,62.91,58.32,A,0,74,74.0,73.0,54.0
Female,19.0,CS,61.69,86.85,41.87,53.64,73.11,0.86,79.89,59.79,D,1,61,51.0,99.0,38.0
Male,22.0,Engineering,92.41,63.7,85.52,74.67,58.41,2.76,52.87,75.87,A,1,31,72.0,65.0,100.0
Female,18.0,CS,55.85,53.03,76.58,53.89,91.7,6.73,97.16,65.6,D,0,74,49.0,100.0,98.0
Female,18.0,Engineering,52.91,97.28,53.2,98.1,74.13,2.3,83.87,84.36,F,0,56,100.0,79.0,86.0
Male,21.0,CS,65.12,61.48,77.1,53.38,61.59,5.14,82.07,84.57,A,0,74,76.0,57.0,70.0
Female,20.0,Engineering,55.22,50.97,96.35,61.63,89.06,9.19,80.57,60.37,B,0,81,51.0,96.0,71.0
Female,21.0,CS,84.61,95.88,70.19,64.97,59.31,8.12,99.64,88.77,B,1,87,63.0,98.0,59.0
Female,22.0,Engineering,78.59,90.07,68.03,59.28,97.92,5.09,83.55,97.07,F,1,77,64.0,52.0,70.0
Female,18.0,CS,68.19,88.27,80.59,65.64,69.17,1.86,83.0,52.49,A,0,49,84.0,98.0,100.0
Female,18.0,CS,95.73,88.25,78.73,88.04,70.74,8.11,70.1,76.62,C,0,60,65.0,54.0,59.0
Female,19.0,Business,65.26,64.64,74.39,69.32,52.76,7.23,67.41,80.91,B,1,61,87.0,73.0,84.0
Male,20.0,Engineering,62.56,92.22,92.5,72.5,55.06,4.34,66.5,70.84,C,1,70,69.0,70.0,41.0
Female,21.0,Business,97.5,70.0,42.65,90.3,71.67,1.31,56.39,78.04,B,0,99,68.0,95.0,74.0
Female,23.0,Engineering,79.57,97.9,79.84,50.6,67.92,9.57,93.89,63.61,B,0,84,44.0,79.0,77.0
Female,19.0,Engineering,78.43,93.32,56.53,56.5,63.01,2.54,78.07,67.72,A,0,36,76.0,64.0,82.0
Female,22.0,Business,72.26,76.4,71.36,94.09,60.98,3.65,94.76,57.57,C,0,46,64.0,70.0,71.0
Male,19.0,Engineering,59.58,79.12,87.32,72.4,64.39,4.27,54.39,73.29,A,0,75,73.0,86.0,64.0
Male,23.0,CS,86.25,53.42,71.76,84.97,57.38,6.68,72.42,76.63,A,0,62,95.0,74.0,55.0
Female,23.0,CS,83.62,62.58,82.32,89.21,52.33,0.49,97.53,88.51,C,0,41,89.0,44.0,79.0
Female,21.0,CS,58.78,50.56,55.12,89.15,75.19,1.37,84.11,54.25,B,1,47,73.0,100.0,91.0
Male,19.0,Business,68.95,75.01,53.22,56.98,92.32,1.93,66.11,56.79,A,1,56,84.0,69.0,45.0
Female,20.0,Engineering,53.06,50.0,62.85,89.24,60.54,5.27,87.2,91.15,F,0,73,63.0,96.0,68.0
Male,21.0,CS,86.64,97.06,60.7,78.33,51.87,9.53,68.83,84.8,F,0,52,91.0,100.0,91.0
Male,22.0,CS,51.91,41.66,89.57,98.6,66.94,3.05,98.16,70.48,F,0,66,56.0,95.0,51.0
Female,18.0,CS,53.78,,40.64,94.7,98.98,3.31,82.74,64.0,C,0,100,40.0,96.0,64.0
Male,21.0,CS,90.15,66.58,48.77,71.1,78.86,2.21,57.89,64.42,D,1,76,66.0,64.0,57.0
Female,20.0,CS,51.06,97.7,64.55,,56.45,4.99,91.47,98.02,B,0,51,50.0,92.0,64.0
Female,20.0,CS,92.71,41.59,59.35,58.25,85.02,1.53,89.97,96.58,A,0,60,49.0,100.0,70.0
Female,23.0,Computer Science,94.83,81.39,86.25,77.66,91.13,0.92,83.72,68.45,D,1,65,64.0,82.0,61.0
Male,21.0,CS,59.99,97.97,74.03,63.45,74.68,4.97,99.95,82.29,B,0,82,49.0,66.0,30.0
Male,21.0,Engineering,86.43,87.58,95.7,77.12,73.43,4.99,83.98,53.19,D,0,64,29.0,55.0,59.0
Male,22.0,Engineering,96.07,82.94,89.73,63.39,89.77,7.85,62.13,84.94,A,1,41,99.0,83.0,58.0
Female,18.0,Engineering,91.54,44.81,86.43,65.96,80.02,8.31,96.85,93.94,D,0,60,50.0,74.0,49.0
Female,19.0,Mathematics,53.31,40.8,53.27,61.91,95.08,6.68,76.98,64.96,C,1,66,97.0,73.0,61.0
Female,23.0,Business,92.11,44.15,49.32,78.92,93.48,4.83,84.08,91.18,C,0,91,62.0,38.0,50.0
Male,21.0,CS,87.19,97.36,82.17,86.61,50.66,5.11,94.36,53.05,D,1,79,51.0,64.0,58.0
Male,19.0,CS,99.86,74.11,63.06,58.37,79.2,5.96,82.32,70.07,B,0,63,62.0,96.0,85.0
Female,21.0,CS,80.02,56.85,81.74,52.7,97.83,5.98,90.53,57.03,B,0,40,70.0,57.0,85.0
Female,18.0,CS,65.16,55.4,48.61,84.39,97.75,6.86,64.92,99.44,A,1,55,79.0,53.0,79.0
Female,19.0,CS,80.15,46.71,87.99,68.37,71.0,8.63,79.86,57.85,D,1,67,68.0,76.0,68.0
Female,22.0,CS,50.1,71.93,88.21,82.28,81.67,7.32,99.47,73.78,A,1,58,88.0,53.0,44.0
Female,22.0,Business,72.75,58.74,56.58,67.48,52.45,6.55,58.93,53.69,B,0,33,100.0,74.0,65.0
Female,19.0,Mathematics,51.79,67.93,49.1,62.98,79.82,9.25,93.03,93.57,C,1,84,66.0,72.0,63.0
Female,21.0,Business,80.41,92.9,69.01,58.39,89.22,3.65,64.61,83.33,A,1,79,59.0,95.0,59.0
Male,19.0,Engineering,65.03,51.33,95.16,93.76,68.55,3.34,55.16,56.89,D,0,56,70.0,66.0,70.0
Male,18.0,Engineering,70.75,67.34,94.98,62.84,69.49,1.74,92.35,73.46,D,0,87,23.0,68.0,62.0
Male,19.0,Business,63.98,76.82,56.17,86.2,53.47,1.36,85.45,98.46,B,0,99,83.0,71.0,49.0
Female,19.0,Engineering,83.96,61.15,44.43,70.62,61.06,7.86,99.17,77.98,C,0,50,98.0,95.0,57.0
Female,23.0,Mathematics,81.8,65.52,42.77,82.27,74.22,8.77,96.17,64.36,F,1,59,53.0,87.0,62.0
Male,22.0,Engineering,93.37,96.43,88.74,82.8,82.4,6.27,63.42,99.36,A,0,61,65.0,93.0,53.0
Male,22.0, engineering ,60.31,81.22,54.89,74.05,54.49,2.9,57.63,52.23,A,1,56,98.0,54.0,52.0
Female,21.0,Engineering,71.52,94.01,66.88,77.75,69.89,4.01,65.1,60.07,F,0,42,90.0,66.0,67.0
Female,19.0,CS,56.24,41.03,79.49,86.33,61.15,6.04,96.75,50.24,A,1,75,96.0,94.0,83.0
Male,19.0,Engineering,64.99,75.12,85.0,70.08,72.57,5.97,59.81,77.39,A,0,56,68.0,75.0,76.0
Male,21.0,CS,51.98,85.96,63.92,73.86,71.55,0.49,87.16,74.07,B,1,79,78.0,84.0,67.0
Male,22.0,Engineering,89.03,78.97,88.55,69.15,69.85,4.54,89.72,69.33,D,0,84,63.0,46.0,61.0
Female,21.0,CS,92.33,96.82,87.18,71.56,94.02,4.28,87.92,82.12,C,0,58,77.0,89.0,73.0
Male,19.0,Engineering,82.73,89.45,98.31,55.84,71.39,9.79,75.35,88.39,D,1,48,64.0,100.0,85.0
Male,21.0,CS,67.33,91.58,70.21,81.8,93.21,8.49,51.95,71.16,D,1,100,74.0,74.0,63.0
Female,22.0,Computer Science,78.02,51.43,61.03,65.03,84.88,0.2,56.01,55.24,A,1,76,46.0,100.0,74.0
Female,23.0,Business,79.7,60.22,97.73,70.09,95.69,4.1,88.24,65.48,D,0,66,100.0,78.0,75.0
Male,21.0,Business,82.68,67.15,57.69,88.82,71.18,7.89,57.81,92.79,B,1,67,40.0,94.0,77.0
Male,20.0,Engineering,77.0,92.41,58.73,96.64,75.72,5.47,65.76,71.14,C,1,76,44.0,15.0,56.0
Male,19.0,CS,51.78,54.14,90.23,77.61,82.49,9.07,73.55,52.0,D,0,77,35.0,80.0,86.0
Male,18.0,Engineering,53.85,46.54,58.98,79.76,64.18,7.88,98.93,77.24,D,0,59,81.0,79.0,69.0
Female,22.0,CS,83.33,52.19,99.28,99.4,58.81,0.43,52.05,51.78,C,1,70,96.0,47.0,72.0
Male,20.0,CS,85.79,72.64,76.37,83.16,97.15,2.64,73.99,89.26,A,0,52,80.0,80.0,80.0
Female,19.0,Business,97.15,86.71,66.02,79.46,90.43,9.77,74.39,82.84,B,1,27,87.0,98.0,70.0
Female,20.0,CS,60.59,45.35,68.01,56.13,68.74,6.42,94.45,77.93,B,1,83,56.0,92.0,69.0
Female,23.0,Engineering,80.01,94.9,69.03,71.22,,2.92,68.14,53.96,D,1,70,42.0,76.0,60.0
Male,22.0,Mathematics,89.48,66.4,44.76,67.58,92.3,5.28,76.94,54.88,A,0,71,68.0,72.0,72.0
Male,21.0,Business,67.77,80.79,86.3,52.74,57.89,7.82,76.65,57.26,B,0,78,49.0,79.0,100.0
Female,20.0,CS,71.65,77.84,84.85,54.94,58.88,4.26,61.9,76.57,C,0,79,51.0,61.0,34.0
Male,20.0,Business,50.8,50.01,88.47,83.41,84.78,4.8,61.7,89.01,A,1,66,60.0,60.0,55.0
Male,21.0,CS,97.81,60.83,86.96,81.22,95.29,0.51,87.42,55.12,A,0,70,70.0,91.0,80.0
Male,22.0,CS,74.81,88.81,72.74,92.41,57.15,8.25,73.72,95.97,B,0,74,64.0,93.0,65.0
Male,21.0,CS,60.78,40.44,49.71,92.83,77.51,3.44,86.35,60.46,C,1,62,44.0,58.0,81.0
Male,18.0,CS,69.27,45.57,71.27,97.05,61.66,9.39,54.67,68.99,A,0,83,58.0,61.0,83.0
Male,19.0,CS,87.94,84.81,79.33,,93.37,7.64,78.5,79.61,C,1,53,81.0,86.0,100.0
Female,23.0,CS,,45.64,87.84,66.88,85.43,1.16,96.39,69.82,B,0,77,89.0,96.0,88.0
Female,21.0, engineering ,87.18,70.26,65.85,72.46,94.48,8.7,59.57,92.36,B,0,62,86.0,79.0,61.0
Female,18.0,Business,83.47,92.37,48.6,76.15,72.64,2.24,87.93,51.76,F,1,47,92.0,41.0,68.0
Female,22.0,Computer Science,52.86,94.67,72.41,72.29,51.21,5.03,92.64,63.27,B,0,71,100.0,43.0,63.0
Male,21.0, engineering ,98.45,53.76,53.07,79.01,85.98,4.33,80.94,54.11,A,0,74,31.0,90.0,69.0
Male,20.0,Business,73.42,85.99,80.36,85.0,70.0,5.49,51.49,53.26,F,0,66,67.0,81.0,80.0
Male,21.0,Business,70.54,83.6,59.69,59.65,80.63,3.09,97.57,59.11,F,0,40,78.0,80.0,53.0
Female,23.0,Mathematics,89.57,66.5,80.64,81.94,91.64,0.93,71.81,88.64,B,1,85,69.0,71.0,90.0
Male,19.0,Engineering,73.12,61.01,62.98,65.53,67.1,9.22,71.86,56.7,F,1,52,69.0,53.0,74.0
Female,18.0,Engineering,83.05,66.35,92.85,50.26,64.62,7.06,95.7,85.0,B,1,40,81.0,62.0,92.0
Male,19.0,Engineering,91.32,93.57,79.15,53.2,70.22,2.85,86.28,55.14,F,0,73,79.0,77.0,57.0
Male,22.0,Engineering,86.45,42.13,75.98,55.79,60.11,6.77,79.45,76.14,B,1,88,80.0,86.0,78.0
Male,22.0,Engineering,73.85,45.44,51.99,,86.71,7.68,89.6,52.43,F,1,31,71.0,97.0,78.0
Male,18.0,Business,60.72,91.48,76.68,61.53,76.07,4.83,81.12,63.31,A,0,51,54.0,77.0,75.0
Female,21.0,CS,83.75,88.16,84.14,60.86,62.34,1.56,66.35,53.16,C,1,58,56.0,78.0,59.0
Female,18.0,CS,77.78,57.85,86.58,52.4,92.99,7.87,93.8,71.93,F,1,98,31.0,76.0,95.0
Male,21.0,CS,95.38,62.74,59.55,79.34,56.27,7.8,86.01,51.41,C,0,71,67.0,89.0,76.0
Female,21.0,CS,83.38,74.36,49.85,,57.15,6.07,68.66,71.53,A,0,96,72.0,70.0,36.0
Female,,CS,70.81,95.85,65.69,64.06,82.4,6.33,67.83,89.69,C,0,39,84.0,67.0,81.0
Male,23.0,Engineering,59.97,52.93,89.95,72.17,94.5,7.52,74.07,66.68,C,0,85,71.0,78.0,78.0
Female,18.0,Engineering,53.89,60.28,65.58,69.16,80.73,6.01,67.06,92.85,B,0,69,65.0,85.0,78.0
Female,18.0,Mathematics,73.16,71.73,60.56,71.1,67.84,7.69,78.97,57.52,A,0,67,100.0,86.0,97.0
Female,23.0,CS,98.87,58.6,97.59,84.86,72.08,4.67,84.8,58.1,A,0,63,57.0,86.0,80.0
Female,18.0,Engineering,54.11,91.27,62.89,67.45,81.07,6.93,50.26,80.36,D,1,85,70.0,67.0,41.0
Female,18.0,CS,96.69,54.05,49.13,56.55,85.51,1.84,58.11,92.92,B,1,47,100.0,65.0,62.0
Female,21.0,Business,79.69,96.18,69.22,76.6,55.09,0.02,58.73,79.91,A,1,58,82.0,89.0,64.0
Female,20.0,CS,95.77,78.45,78.75,67.88,85.23,2.05,85.51,95.42,A,0,62,46.0,80.0,63.0
Female,21.0,Engineering,69.25,84.17,83.19,97.82,58.6,1.15,89.83,78.16,D,1,86,63.0,83.0,94.0
Female,19.0,Business,98.9,58.43,44.64,63.38,92.65,8.11,80.44,98.22,F,0,35,51.0,91.0,97.0
Female,20.0,Business,60.72,65.62,69.85,93.23,67.17,4.9,88.63,56.09,A,1,65,52.0,78.0,34.0
Male,21.0,Engineering,,51.08,79.45,83.29,84.45,2.41,89.15,78.91,B,1,79,39.0,100.0,78.0
Male,19.0,Business,77.11,92.86,61.45,86.68,83.69,5.52,57.73,84.91,D,1,53,100.0,75.0,73.0
Female,19.0,CS,94.4,88.82,88.89,53.76,71.88,7.23,98.21,86.95,A,0,91,71.0,91.0,97.0
Male,20.0,CS,96.97,97.82,86.73,72.3,73.3,7.32,83.43,60.64,A,0,96,91.0,61.0,38.0
Male,23.0,Mathematics,86.48,58.71,85.74,96.61,75.78,0.97,77.86,66.58,C,1,46,67.0,65.0,95.0
Male,19.0,Business,80.07,97.63,43.67,78.13,69.15,5.95,99.72,70.54,A,0,55,68.0,95.0,78.0
Female,18.0,Business,95.49,89.08,65.53,61.47,64.21,2.04,68.9,86.33,F,0,61,60.0,66.0,89.0
Female,20.0,Engineering,73.46,86.71,86.79,71.33,79.45,0.99,81.64,70.62,D,0,77,85.0,84.0,43.0
Male,21.0,CS,94.02,92.96,41.29,97.63,59.32,0.98,88.59,79.86,C,0,100,46.0,69.0,93.0
Male,21.0,Engineering,61.15,69.63,71.07,58.95,68.1,6.05,90.45,90.14,D,1,32,63.0,67.0,94.0
Female,21.0,CS,50.34,96.61,63.99,66.14,92.7,4.12,98.21,58.05,F,1,74,54.0,36.0,51.0
Female,21.0,Business,91.32,54.03,70.44,56.74,79.73,8.93,55.79,74.9,F,0,86,91.0,55.0,64.0
Female,18.0,Mathematics,93.1,59.51,59.23,57.97,76.99,7.54,87.01,97.05,B,0,73,100.0,96.0,75.0
Female,20.0,Engineering,76.46,44.49,91.99,51.18,58.67,5.33,79.61,91.22,A,0,49,89.0,79.0,86.0
 FEMALE ,22.0,Engineering,98.91,,65.8,90.33,85.88,4.03,52.08,70.85,B,0,46,78.0,80.0,80.0
Female,21.0,Business,67.17,65.18,52.26,81.41,88.0,6.26,62.72,61.56,C,1,60,89.0,82.0,68.0
Male,18.0,CS,59.48,52.22,71.15,61.28,57.81,1.76,92.64,53.43,D,0,58,82.0,97.0,61.0
Male,20.0,BUSINESS,67.81,94.46,41.42,91.21,85.3,4.23,70.17,61.64,D,1,76,75.0,47.0,88.0
Male,22.0,Mathematics,93.89,43.19,65.19,84.94,52.17,0.74,67.74,79.97,A,0,84,100.0,80.0,41.0
Female,23.0,CS,98.66,57.49,64.0,81.91,79.9,2.68,60.9,77.34,D,0,60,52.0,73.0,68.0
Female,23.0,Mathematics,73.4,74.68,91.66,92.54,90.8,5.04,67.6,66.47,F,1,64,36.0,94.0,100.0
Male,18.0,CS,83.93,79.5,47.89,58.59,57.11,0.48,61.66,82.66,A,0,72,85.0,74.0,68.0
Male,22.0,Engineering,87.75,51.99,62.4,53.39,66.4,4.96,73.27,87.78,B,1,57,61.0,80.0,54.0
Female,22.0,CS,75.25,82.2,69.49,54.89,74.84,6.86,83.31,94.01,C,0,33,100.0,53.0,62.0
Female,23.0,Engineering,72.27,65.18,95.12,93.54,69.44,0.3,71.59,54.19,B,1,68,52.0,70.0,80.0
Female,21.0,CS,95.97,59.92,44.59,98.41,57.67,4.09,61.84,72.89,F,1,48,100.0,86.0,84.0
Male,18.0,CS,54.0,47.21,46.75,65.16,83.59,4.21,52.92,90.7,A,0,55,86.0,83.0,90.0
Male,21.0,Engineering,55.93,85.66,85.94,66.21,83.02,6.84,65.84,74.45,B,1,74,89.0,97.0,69.0
Male,18.0,CS,83.02,61.03,59.28,66.47,75.56,0.17,72.75,87.6,A,1,78,44.0,63.0,82.0
Female,23.0,CS,63.2,78.45,57.64,78.54,57.37,3.98,87.59,88.67,F,0,67,84.0,71.0,46.0
Female,22.0,Engineering,54.56,84.71,73.23,56.72,67.83,1.52,79.07,61.01,F,1,35,45.0,83.0,52.0
Female,23.0,Engineering,96.7,60.82,86.49,79.82,55.59,0.27,86.6,57.02,D,0,53,92.0,86.0,45.0
Male,23.0,CS,73.12,62.68,70.2,95.45,89.58,,95.55,50.55,C,1,91,84.0,81.0,46.0
Male,20.0,Business,83.35,60.29,73.39,77.48,68.51,1.5,85.66,81.14,C,0,70,32.0,76.0,75.0
Male,23.0,CS,83.79,62.41,93.44,52.11,89.13,8.37,66.66,66.79,B,0,87,96.0,100.0,100.0
Male,19.0,Engineering,53.47,68.8,53.33,68.27,51.94,2.16,70.85,65.43,B,1,52,59.0,43.0,97.0
Female,19.0,CS,69.47,61.47,90.16,72.24,99.61,5.14,69.33,79.52,A,1,94,56.0,100.0,83.0
Female,18.0,CS,58.59,42.11,65.17,79.89,,7.77,65.25,73.1,A,1,45,79.0,79.0,53.0
Female,22.0,CS,59.04,98.9,78.29,63.99,62.23,1.42,72.53,50.79,B,0,33,50.0,88.0,42.0
Male,19.0,CS,70.15,71.19,51.93,72.24,89.64,8.86,67.66,79.22,B,0,30,53.0,89.0,80.0
Female,22.0,Engineering,75.61,55.17,,90.31,81.53,4.22,65.87,87.67,C,1,88,45.0,82.0,93.0
Male,19.0,Business,87.99,89.83,56.84,63.9,77.71,0.5,92.49,50.47,F,1,33,56.0,43.0,37.0
Female,19.0,Business,66.43,99.36,74.29,50.35,99.83,2.09,89.68,86.53,D,0,72,42.0,98.0,51.0
Female,23.0,CS,77.19,71.35,81.75,94.55,70.83,6.68,59.11,85.44,F,0,98,66.0,62.0,56.0
Male,19.0,Engineering,70.89,96.41,78.89,83.65,,2.48,65.15,85.28,B,0,43,28.0,81.0,45.0
Male,20.0,Business,75.07,82.27,47.36,98.71,63.15,9.3,96.51,76.06,A,1,65,81.0,88.0,90.0
Male,21.0,CS,97.28,44.73,44.34,78.6,83.15,1.48,66.99,71.79,A,0,70,46.0,99.0,65.0
Female,18.0,CS,99.25,89.32,83.95,81.3,67.57,0.08,61.51,56.92,C,0,85,97.0,89.0,66.0
Female,19.0,CS,61.27,71.64,58.92,56.77,77.47,5.63,62.95,99.04,B,0,98,90.0,78.0,56.0
Male,21.0,Business,64.22,56.24,48.86,85.59,95.14,2.49,66.05,61.36,A,1,68,60.0,79.0,54.0
Male,22.0,CS,60.51,68.01,52.29,94.81,72.59,2.26,51.58,70.85,A,1,62,57.0,95.0,37.0
Male,,CS,83.03,72.58,97.39,79.95,68.95,7.51,73.46,53.59,B,1,28,70.0,55.0,34.0
Female,20.0,CS,71.72,78.42,77.15,85.27,51.56,3.88,83.36,70.82,C,0,61,82.0,69.0,88.0
Female,23.0,Business,70.49,58.21,68.67,82.37,57.82,8.32,55.66,74.73,C,1,58,63.0,53.0,80.0
Female,22.0,Business,94.65,96.64,95.74,60.64,82.89,,75.73,60.96,F,0,83,49.0,56.0,77.0
Female,19.0,Mathematics,65.02,46.49,67.82,52.53,56.22,2.28,79.38,80.38,C,0,81,70.0,88.0,70.0
Male,20.0,CS,88.91,59.06,,86.63,86.65,8.31,75.09,91.07,A,0,57,99.0,85.0,68.0
Male,19.0,CS,91.94,83.93,88.71,91.27,54.54,3.46,88.9,51.52,B,1,76,39.0,76.0,63.0
Male,18.0,CS,82.97,55.6,77.18,85.82,84.02,7.1,83.06,69.26,A,0,43,36.0,68.0,71.0
Female,22.0,CS,74.86,70.84,97.43,60.59,65.24,9.7,98.16,63.85,D,0,81,69.0,42.0,59.0
Female,18.0,Business,85.51,89.6,99.93,,69.44,5.84,71.66,61.15,A,1,85,84.0,94.0,65.0
Female,18.0,Business,88.97,57.09,74.13,96.21,99.34,0.25,68.75,93.71,A,0,49,66.0,53.0,54.0
Male,23.0,Engineering,66.69,53.55,49.57,,59.78,8.46,88.11,76.76,A,1,60,44.0,79.0,43.0
Female,19.0,Engineering,99.69,50.61,48.17,91.95,61.94,9.1,89.52,97.06,A,0,75,83.0,60.0,88.0
Male,18.0,CS,79.11,58.52,92.01,83.72,86.9,4.41,84.15,55.83,A,1,50,82.0,100.0,80.0
Female,20.0,Engineering,56.59,44.44,66.7,65.11,60.68,8.26,82.76,96.0,B,1,55,82.0,78.0,44.0
Female,18.0,CS,59.3,95.27,73.48,55.07,56.68,3.03,77.9,88.44,A,1,75,80.0,44.0,62.0
Male,19.0,CS,61.19,63.69,72.98,98.87,91.36,1.42,88.58,69.6,C,0,60,69.0,83.0,75.0
Female,21.0,Engineering,83.68,49.71,81.22,66.81,73.23,,56.15,74.11,C,1,81,72.0,40.0,32.0
Female,21.0,CS,90.09,66.8,87.43,95.68,91.56,,59.8,73.98,D,0,59,80.0,65.0,97.0
Female,19.0,Business,92.93,89.94,62.8,71.83,79.72,2.53,93.81,55.02,F,0,95,62.0,81.0,45.0
Male,23.0,Business,85.95,47.06,61.46,71.87,96.72,0.41,58.56,94.0,C,1,27,57.0,79.0,61.0
Female,19.0,Business,85.84,93.91,57.73,98.98,98.17,7.17,63.48,51.03,A,1,80,70.0,76.0,53.0
Female,21.0,CS,79.59,,42.04,60.08,81.69,6.07,52.63,79.11,D,1,84,50.0,85.0,64.0
Male,18.0,Engineering,73.33,53.25,61.49,69.41,90.75,4.67,75.27,81.48,D,0,74,66.0,50.0,73.0
Male,18.0,CS,86.09,98.27,45.99,81.87,93.33,5.89,50.34,89.59,C,1,83,77.0,59.0,61.0
Female,19.0,Engineering,97.23,64.79,53.88,80.78,81.85,7.18,87.29,79.21,A,0,27,91.0,100.0,85.0
Male,22.0,CS,67.0,67.52,70.55,77.55,83.16,6.42,74.07,65.91,C,1,71,99.0,100.0,69.0
Male,23.0,Business,83.53,83.5,63.0,97.1,74.97,2.88,77.78,84.37,B,0,50,70.0,90.0,90.0
Female,21.0,Engineering,58.81,97.67,73.44,77.9,,3.42,93.16,78.67,F,1,41,88.0,99.0,46.0
Female,18.0,Engineering,63.37,48.91,92.48,94.86,61.81,2.96,55.49,92.65,A,0,31,86.0,61.0,61.0
Male,20.0,CS,57.37,61.1,74.72,,60.81,0.86,82.94,74.85,A,0,80,74.0,99.0,86.0
Female,18.0,Engineering,88.45,81.14,92.24,96.24,52.75,7.17,75.54,68.18,F,1,61,84.0,79.0,74.0
Female,21.0,Business,72.09,47.92,95.58,95.07,93.63,8.23,79.95,77.69,A,0,73,69.0,81.0,66.0
Female,23.0,CS,63.03,45.83,70.61,65.69,94.2,7.63,81.88,95.89,D,0,60,58.0,70.0,35.0
Female,22.0,Business,64.13,65.7,89.24,79.27,96.34,7.0,57.58,51.99,F,1,69,76.0,81.0,51.0
Female,20.0,CS,73.21,69.27,52.92,74.31,70.53,0.2,61.27,75.36,A,1,69,96.0,85.0,74.0
Female,18.0,Engineering,87.98,47.36,88.6,63.46,62.47,6.76,86.79,51.68,D,1,58,88.0,77.0,83.0
Male,21.0,Business,70.69,62.38,58.53,84.26,99.26,2.22,82.6,70.36,C,1,39,72.0,87.0,92.0
Male,20.0,CS,80.23,40.33,86.57,51.7,60.92,0.7,71.23,91.2,F,0,75,71.0,50.0,97.0
Female,20.0,Business,71.39,66.08,76.7,79.06,98.9,8.72,89.57,98.8,C,1,34,65.0,66.0,97.0
Male,22.0,CS,61.96,45.4,94.56,79.73,61.14,5.82,98.75,59.22,D,0,73,79.0,56.0,44.0
Male,19.0,Engineering,63.92,45.41,41.97,,81.5,3.88,68.32,74.93,A,1,64,50.0,73.0,100.0
Male,20.0,Engineering,55.12,72.21,74.35,73.28,69.91,9.69,78.85,52.55,C,1,60,57.0,95.0,58.0
Female,20.0,CS,69.85,55.17,78.13,75.1,85.62,2.54,58.58,60.86,F,0,68,38.0,65.0,85.0
Male,20.0,Business,61.8,87.93,59.58,83.21,69.43,3.96,67.72,91.74,A,0,59,100.0,84.0,49.0
Male,19.0,Engineering,54.73,67.99,52.13,84.43,94.09,7.37,80.12,75.29,B,1,46,67.0,53.0,49.0
Male,21.0, engineering ,73.38,83.03,49.59,63.64,54.82,6.24,98.66,73.4,A,0,82,92.0,84.0,74.0
Male,19.0,Business,62.18,70.75,85.01,54.03,50.09,8.84,91.93,65.05,A,0,78,100.0,95.0,41.0
Male,18.0,Business,80.69,44.97,47.86,81.2,64.63,7.57,89.74,51.42,F,0,56,59.0,64.0,46.0
Male,19.0,Business,82.18,63.43,48.68,90.65,80.01,6.7,92.95,81.08,A,0,49,91.0,67.0,70.0
Female,18.0,Engineering,60.38,84.38,56.56,59.03,61.22,2.48,84.07,98.14,B,0,74,70.0,96.0,76.0
Male,23.0,CS,52.85,85.85,70.84,93.91,88.9,2.34,97.4,78.34,F,1,68,40.0,93.0,88.0
Male,21.0,CS,62.74,91.32,46.89,64.08,84.28,8.57,98.88,81.37,B,0,65,94.0,93.0,82.0
Female,19.0,Engineering,53.84,75.85,65.52,72.56,83.46,5.61,50.56,87.13,C,0,65,77.0,100.0,64.0
Male,18.0,Math,92.03,63.28,46.29,85.47,73.66,5.27,,91.95,A,0,95,84.0,45.0,76.0
Male,21.0, engineering ,94.42,78.64,68.04,64.01,75.24,8.98,53.9,57.08,C,0,27,62.0,60.0,56.0
Female,19.0,CS,88.0,89.24,55.82,54.9,73.13,9.01,59.11,87.62,B,1,44,76.0,65.0,28.0
Male,20.0,CS,86.4,45.27,45.5,86.03,91.23,5.4,80.17,57.11,C,1,44,77.0,100.0,85.0
Male,21.0,Business,88.75,73.53,87.54,53.89,96.2,4.23,87.34,70.11,D,1,27,60.0,100.0,91.0
Male,18.0,CS,80.73,82.19,,50.57,72.1,6.35,57.62,72.89,A,0,69,45.0,83.0,86.0
Male,23.0,CS,81.35,50.2,99.23,93.21,50.57,0.54,78.33,65.33,A,0,81,85.0,62.0,74.0
Male,21.0,CS,73.6,50.53,68.48,73.6,53.23,5.52,65.04,59.45,F,1,37,46.0,73.0,71.0
Male,18.0,Engineering,87.5,83.47,43.06,80.81,77.77,2.83,71.31,65.56,C,1,55,63.0,32.0,81.0
Female,22.0,Engineering,72.96,81.36,82.31,56.32,92.26,6.86,60.68,51.14,A,0,75,82.0,31.0,87.0
Female,23.0,Mathematics,72.78,75.63,87.84,87.67,85.73,9.09,92.46,57.5,A,0,35,58.0,94.0,80.0
Male,22.0,CS,,91.21,,86.66,80.98,0.06,61.62,65.49,C,1,87,81.0,63.0,62.0
Male,18.0,CS,88.36,51.87,67.19,98.34,58.47,6.15,91.98,76.44,A,1,50,55.0,89.0,43.0
Female,19.0,Engineering,80.72,52.01,79.62,78.49,68.07,1.18,55.78,74.66,D,0,29,92.0,100.0,78.0
Female,18.0,Business,59.61,99.31,93.73,76.97,77.83,3.17,62.92,57.1,B,1,84,70.0,100.0,84.0
Male,22.0,CS,78.59,94.69,73.1,84.44,51.67,1.28,92.66,64.73,F,0,34,58.0,52.0,45.0
Male,21.0,Business,89.66,57.67,44.79,77.8,70.42,9.2,73.46,60.34,B,0,91,60.0,99.0,91.0
Male,19.0,Business,60.53,62.02,73.68,53.19,77.41,4.55,77.83,66.56,C,1,85,85.0,97.0,63.0
Male,19.0,CS,92.31,80.23,70.32,63.14,56.31,0.78,51.09,80.93,D,0,89,100.0,86.0,93.0
Male,20.0,Engineering,54.37,45.98,78.42,98.59,80.94,7.96,99.14,78.13,D,0,57,62.0,70.0,100.0
Male,19.0,Engineering,51.45,47.73,75.61,75.31,66.75,4.1,63.68,84.44,F,1,59,92.0,90.0,57.0
Male,20.0,CS,51.15,93.41,72.66,90.95,70.73,1.89,93.4,94.99,C,1,70,72.0,38.0,65.0
Male,21.0,Computer Science,81.51,76.47,99.96,63.56,98.02,1.98,89.84,63.92,D,0,63,53.0,52.0,86.0
Male,20.0,Engineering,64.93,68.65,85.3,85.8,65.91,3.03,63.1,62.89,D,1,55,65.0,83.0,30.0
Male,20.0,CS,94.41,87.38,,85.19,70.4,0.99,67.49,86.68,B,1,62,59.0,100.0,97.0
Female,22.0,CS,82.67,68.33,43.35,81.98,90.26,0.63,78.72,64.96,C,0,62,96.0,74.0,58.0
 MALE ,19.0,CS,96.81,88.68,73.62,59.93,60.25,2.62,63.96,69.67,A,0,73,91.0,84.0,62.0
Male,18.0,Business,70.47,50.75,90.35,61.23,86.29,1.16,80.53,75.5,F,0,68,79.0,87.0,62.0
Female,22.0,Engineering,88.36,80.32,52.83,71.57,52.76,4.61,94.5,81.47,A,1,57,80.0,70.0,50.0
Male,23.0,Engineering,66.53,41.18,52.64,97.34,69.68,0.54,87.93,55.15,A,0,79,47.0,61.0,41.0
Female,22.0,Business,77.45,58.66,40.09,98.99,58.35,7.37,94.43,87.2,C,1,71,82.0,100.0,67.0
Female,18.0,Business,80.38,75.69,42.92,68.51,92.3,7.93,72.66,88.2,B,0,56,63.0,58.0,88.0
Female,20.0,CS,81.09,67.3,85.41,75.41,73.15,2.15,88.99,64.71,D,1,62,73.0,92.0,37.0
Male,19.0,CS,97.48,52.84,62.21,68.3,62.69,4.09,61.43,88.68,F,1,45,55.0,59.0,69.0
Female,23.0,CS,50.55,91.93,80.3,53.34,58.71,9.73,65.44,71.91,A,0,59,60.0,95.0,87.0
Male,19.0,CS,98.78,81.59,54.55,51.64,77.44,4.0,84.83,62.06,A,1,68,54.0,88.0,89.0
Male,22.0,Business,77.73,69.08,79.66,56.62,61.89,2.81,82.15,87.55,B,0,72,84.0,70.0,71.0
Female,,Engineering,59.45,52.99,56.08,79.0,52.86,0.29,91.37,68.35,A,1,36,36.0,79.0,36.0
Male,20.0,Mathematics,87.21,84.13,40.79,82.06,67.4,9.41,98.53,64.07,C,1,80,54.0,53.0,42.0
Male,23.0,Engineering,94.85,63.01,50.56,62.95,82.64,1.08,52.94,80.11,F,1,30,55.0,83.0,60.0
Male,20.0,Mathematics,56.45,66.86,69.69,96.3,69.94,5.38,82.94,88.78,F,0,50,100.0,58.0,71.0
Male,22.0,Mathematics,91.46,92.25,66.7,91.1,59.19,1.33,65.79,96.11,D,0,79,84.0,62.0,37.0
Male,23.0,Business,94.43,94.89,65.7,52.98,58.16,6.35,96.85,98.85,B,1,84,53.0,59.0,57.0
Male,19.0,Engineering,69.22,48.2,90.89,98.92,78.55,8.83,66.53,88.04,D,1,69,82.0,59.0,84.0
Female,22.0,CS,88.06,43.33,54.95,85.85,67.39,7.11,81.54,68.77,F,1,59,75.0,93.0,78.0
Male,23.0,CS,95.93,41.27,94.32,62.76,79.03,8.65,53.36,58.18,A,1,28,34.0,70.0,78.0
Male,22.0,Mathematics,85.84,99.05,69.57,70.61,75.65,2.56,64.32,62.56,A,1,74,87.0,71.0,74.0
Male,19.0,Engineering,58.7,97.13,67.19,60.98,96.45,4.47,87.88,57.31,B,0,71,65.0,95.0,65.0
Female,19.0,Business,70.0,87.6,52.58,73.74,69.58,9.74,65.94,76.21,C,0,74,39.0,78.0,78.0
Female,18.0,Business,64.92,65.31,51.71,95.97,54.9,0.96,80.12,88.87,A,0,85,81.0,95.0,87.0
Male,20.0,CS,56.83,99.94,49.85,66.47,62.18,1.34,54.74,84.93,C,0,76,32.0,92.0,94.0
Female,19.0,Engineering,51.08,44.94,81.0,80.69,50.1,2.34,75.04,72.2,D,1,55,78.0,100.0,67.0
Female,20.0,CS,63.47,91.24,,76.22,78.94,3.37,76.46,98.43,B,0,44,77.0,100.0,76.0
Male,22.0,Business,66.89,68.9,73.02,64.86,85.05,7.1,63.95,59.85,B,1,27,68.0,100.0,72.0
Male,21.0,CS,76.31,62.08,99.67,65.56,64.41,3.85,91.94,52.15,D,0,90,85.0,50.0,57.0
 MALE ,20.0,Engineering,70.16,79.8,65.57,99.2,98.53,1.56,59.32,90.97,F,1,97,97.0,73.0,60.0
Female,20.0,CS,52.65,63.17,97.05,65.47,58.9,3.09,61.57,74.8,F,1,40,100.0,57.0,87.0
Male,19.0,CS,64.59,98.84,53.83,63.03,52.37,3.43,56.4,81.45,D,1,60,61.0,94.0,68.0
Male,23.0,CS,75.05,49.29,59.39,77.78,92.47,6.49,97.71,60.44,C,0,62,57.0,67.0,85.0
Female,22.0,Mathematics,57.38,87.36,96.02,63.91,70.51,4.58,81.46,52.79,D,0,51,43.0,83.0,50.0
Female,21.0,CS,60.94,64.96,73.24,91.62,57.43,9.32,81.82,92.37,A,1,70,90.0,67.0,66.0
Male,22.0,Business,76.55,60.86,52.94,70.89,66.19,5.12,77.17,51.47,D,1,44,73.0,73.0,84.0
Male,19.0,Engineering,91.34,59.61,74.32,53.24,67.3,8.43,51.79,71.63,B,0,64,100.0,100.0,56.0
Female,20.0,Math,73.49,63.12,80.68,61.47,97.14,5.49,73.06,74.35,B,0,84,92.0,45.0,57.0
Male,22.0,Engineering,56.56,42.85,42.99,74.74,50.53,4.18,89.5,56.78,A,1,34,80.0,53.0,56.0
Male,22.0,Engineering,85.18,70.26,67.91,90.34,95.88,5.92,69.6,99.04,B,1,54,97.0,79.0,46.0
Female,21.0,CS,79.67,46.8,54.17,73.25,55.86,1.3,92.08,56.39,A,0,47,50.0,56.0,68.0
 MALE ,22.0,CS,79.96,65.48,81.82,75.74,56.88,7.91,51.54,78.26,D,0,80,81.0,92.0,58.0
Female,23.0,Engineering,,40.24,96.53,77.96,68.94,4.16,96.46,67.84,D,1,74,72.0,80.0,73.0
Female,18.0,Engineering,77.7,66.95,55.45,79.58,82.65,0.92,88.37,92.03,C,1,85,88.0,64.0,78.0
Female,19.0,Mathematics,78.34,95.26,86.73,77.59,66.58,3.48,95.55,52.18,B,0,68,59.0,74.0,87.0
Female,18.0,CS,91.86,93.68,46.66,66.92,66.47,0.79,92.24,80.46,F,0,80,37.0,72.0,82.0
Male,20.0,CS,96.39,57.52,51.11,62.59,94.57,7.9,70.3,90.24,D,1,75,77.0,66.0,68.0
Male,21.0,Engineering,85.06,88.22,45.96,78.8,86.33,2.52,78.31,95.39,D,0,72,56.0,82.0,49.0
Male,18.0,CS,67.93,88.65,97.96,53.58,65.67,8.15,78.48,84.57,F,1,56,54.0,100.0,79.0
Female,21.0,CS,63.4,46.3,84.0,86.88,72.46,0.05,84.33,89.54,C,1,55,43.0,71.0,94.0
Female,23.0,Engineering,59.95,40.32,72.39,71.95,96.01,4.26,70.77,75.4,B,0,55,80.0,55.0,62.0
Male,18.0,Mathematics,85.56,43.08,40.53,68.49,54.87,2.02,96.98,51.5,C,0,65,58.0,27.0,92.0
Female,18.0,Mathematics,63.02,44.8,75.04,87.66,53.76,7.48,59.24,60.76,C,0,42,77.0,84.0,93.0
Female,21.0,CS,50.8,82.44,76.74,66.61,73.0,7.52,59.0,72.48,B,1,72,50.0,64.0,29.0
Male,22.0,Business,98.12,68.11,46.4,53.07,85.83,7.99,68.13,96.53,F,1,56,71.0,89.0,58.0
Female,23.0,CS,84.94,65.51,92.37,70.93,92.01,0.07,61.04,58.52,B,0,67,61.0,52.0,62.0
Male,21.0,Engineering,95.24,68.3,56.68,89.89,96.91,5.58,89.31,91.32,C,0,68,66.0,68.0,89.0
Female,21.0,CS,52.6,75.78,54.6,90.11,52.26,6.85,50.32,96.69,A,1,86,58.0,74.0,87.0
Male,21.0,Business,62.37,84.48,46.39,56.03,57.43,2.53,82.64,98.56,D,0,44,70.0,98.0,54.0
Female,,Business,55.13,68.49,64.05,57.81,57.97,4.23,58.14,90.62,C,0,37,49.0,79.0,69.0
Male,23.0,Mathematics,98.74,71.7,60.42,60.32,62.07,1.92,56.38,87.95,D,1,62,82.0,44.0,44.0
Male,21.0,Business,59.23,86.47,45.33,62.27,89.38,3.05,84.27,57.86,D,0,74,57.0,79.0,84.0
Female,19.0,Mathematics,59.87,65.11,81.52,91.78,55.36,7.51,60.32,96.15,A,1,51,68.0,67.0,73.0
Male,21.0,Engineering,55.82,48.29,56.76,92.63,80.43,0.38,67.56,68.45,C,1,55,66.0,24.0,72.0
Male,21.0,Engineering,63.82,85.2,55.75,74.69,75.62,3.79,86.09,60.48,B,1,45,59.0,87.0,100.0
Female,23.0,CS,69.66,95.82,83.33,50.7,59.9,4.12,92.85,79.9,F,0,89,67.0,74.0,89.0
Female,22.0,CS,69.81,51.92,67.95,94.49,86.12,5.61,93.92,83.82,A,0,64,54.0,92.0,79.0
Female,21.0,CS,82.89,50.02,45.53,67.96,55.99,1.63,84.85,54.5,D,0,72,62.0,75.0,46.0
Male,22.0,Business,66.25,45.74,92.15,78.88,57.21,3.89,99.6,98.84,A,1,46,70.0,72.0,90.0
Female,20.0,CS,52.68,98.71,43.73,92.59,94.39,3.76,50.31,71.73,F,0,37,100.0,76.0,61.0
Female,19.0,Business,52.32,88.59,96.86,71.46,60.1,1.81,64.17,74.86,D,0,72,67.0,78.0,83.0
Female,21.0,Engineering,64.77,63.38,69.88,61.37,90.51,6.21,91.66,94.09,A,0,67,60.0,80.0,45.0
Male,19.0, engineering ,90.15,74.62,96.02,73.81,99.27,9.92,60.27,55.74,F,0,78,87.0,96.0,100.0
Male,19.0,Engineering,54.73,92.64,57.21,77.75,69.88,6.46,68.35,95.76,F,0,96,76.0,69.0,68.0
Female,19.0,Engineering,82.73,57.81,70.16,62.74,75.4,6.7,84.65,61.55,D,1,64,69.0,85.0,75.0
Female,19.0,Engineering,53.75,70.51,78.88,53.65,67.67,9.88,82.87,79.49,C,0,54,49.0,91.0,72.0
Male,18.0,Computer Science,95.65,88.9,,70.26,74.34,4.42,98.87,96.86,C,0,60,61.0,85.0,59.0
Male,20.0,Engineering,58.23,59.61,89.76,91.83,50.69,0.24,57.44,65.58,D,0,55,39.0,58.0,61.0
Female,21.0,Mathematics,73.56,,59.75,79.53,55.82,2.28,77.12,77.06,B,1,61,76.0,94.0,65.0
Male,18.0,Mathematics,53.02,57.86,72.5,61.51,77.9,0.39,,57.55,B,0,65,82.0,74.0,74.0
Female,20.0,Business,66.44,93.41,68.71,94.27,,5.97,52.83,84.72,D,1,37,85.0,78.0,64.0
Male,22.0,Engineering,79.03,93.31,55.64,69.9,58.15,6.35,62.7,92.92,F,0,68,55.0,73.0,62.0
Female,19.0,CS,70.61,91.26,60.15,71.67,65.46,2.49,78.26,76.3,A,0,100,100.0,68.0,60.0
Female,23.0,Engineering,55.49,84.39,,95.34,56.57,3.95,96.15,60.34,B,1,62,57.0,88.0,37.0
Female,21.0,Mathematics,76.25,51.21,49.28,50.53,66.03,0.97,82.61,98.98,A,0,88,57.0,86.0,75.0
Male,23.0,CS,59.43,96.57,83.6,84.28,69.92,3.02,95.61,93.94,A,1,63,66.0,81.0,78.0
Female,20.0,CS,72.18,43.62,42.76,89.62,90.52,7.73,62.54,67.95,F,0,60,81.0,84.0,79.0
Male,23.0,CS,88.29,,56.45,50.76,82.77,2.8,81.37,51.26,A,1,63,34.0,80.0,99.0
Female,20.0,CS,60.01,69.81,90.73,88.25,82.17,4.11,74.96,85.04,A,1,60,36.0,75.0,86.0
Male,22.0,Mathematics,68.61,68.28,48.22,72.5,67.66,1.9,66.47,84.45,B,1,100,74.0,100.0,55.0
Male,19.0,Mathematics,54.13,57.86,78.12,99.64,91.16,2.03,99.9,65.6,F,0,67,100.0,66.0,76.0
Female,19.0,Engineering,90.65,60.8,64.11,99.52,57.46,7.76,91.67,80.22,C,1,58,66.0,86.0,84.0
Female,18.0,Business,54.01,76.8,94.84,66.26,95.05,5.19,69.35,91.12,F,0,65,96.0,84.0,69.0
Male,19.0,CS,77.34,66.46,62.73,63.87,54.91,4.43,59.02,62.25,C,0,65,44.0,75.0,48.0
Male,21.0,CS,99.94,85.98,60.12,55.63,63.74,4.45,98.07,79.03,C,0,37,72.0,58.0,71.0
Male,23.0,CS,57.4,51.35,50.17,64.37,83.1,0.55,63.65,52.97,A,1,63,59.0,91.0,100.0
Female,21.0,Business,78.99,98.53,98.81,98.58,85.55,5.63,51.8,68.55,D,1,57,78.0,65.0,88.0
Male,18.0,Business,77.68,63.64,53.33,78.99,62.69,3.09,85.67,56.34,A,1,27,95.0,88.0,59.0
Female,18.0,Mathematics,97.28,98.29,40.9,60.95,74.23,8.41,74.37,77.68,A,0,86,43.0,88.0,70.0
Male,19.0,Business,88.88,95.84,56.79,58.58,70.95,8.09,86.24,90.57,F,0,62,39.0,56.0,75.0
Male,23.0,Business,50.95,90.54,72.57,84.37,52.34,3.09,96.79,91.07,B,1,38,100.0,94.0,51.0
Male,21.0,CS,93.65,99.14,93.36,73.42,99.09,5.49,64.07,71.32,A,0,88,28.0,71.0,82.0
Female,22.0,CS,93.06,89.65,87.95,59.44,94.38,8.42,,78.71,A,0,62,93.0,70.0,87.0
Male,21.0,CS,73.47,44.12,,85.83,65.67,1.65,52.41,58.08,F,1,73,51.0,84.0,76.0
Female,22.0,Mathematics,61.68,75.79,56.91,62.91,63.49,4.34,94.41,89.02,C,1,60,82.0,58.0,69.0
Male,19.0,Mathematics,81.25,99.91,82.0,81.28,64.94,0.01,59.43,89.6,A,0,68,64.0,75.0,94.0
Male,23.0,Engineering,91.89,44.72,61.6,,94.11,0.75,84.7,66.14,F,1,78,60.0,96.0,55.0
Male,23.0,CS,55.88,73.82,54.41,98.73,79.42,1.7,88.75,89.46,A,0,40,100.0,66.0,60.0
Female,23.0,Business,51.96,50.68,65.69,63.77,71.84,1.4,64.48,74.61,F,0,58,95.0,72.0,43.0
Male,23.0,Engineering,54.55,88.15,60.75,92.19,71.77,5.33,68.06,75.61,B,0,58,63.0,88.0,76.0
Male,18.0,Business,88.44,92.92,94.57,73.46,88.13,3.61,52.37,66.71,A,0,78,26.0,77.0,85.0
Male,22.0,Mathematics,76.16,62.2,76.46,63.73,93.79,9.34,83.33,54.39,B,1,46,68.0,62.0,56.0
Female,,Business,65.64,77.05,47.54,95.62,84.35,2.49,82.17,98.98,D,0,100,44.0,89.0,61.0
Female,20.0,Engineering,86.11,77.07,71.82,89.79,84.81,6.05,57.99,53.17,B,1,44,83.0,95.0,83.0
Female,23.0,Engineering,72.15,78.54,82.79,80.34,77.84,6.31,93.49,72.45,A,0,85,38.0,72.0,50.0
Male,19.0,CS,56.62,87.21,50.05,64.37,75.93,7.5,62.15,71.15,A,1,80,53.0,94.0,95.0
Female,23.0,Engineering,78.38,57.21,65.29,95.97,53.57,1.27,75.11,92.86,F,1,76,75.0,87.0,100.0
Female,23.0,Business,95.29,77.09,42.08,93.85,57.22,0.85,97.11,70.63,D,0,67,57.0,93.0,40.0
Female,23.0,Business,75.91,57.6,98.39,84.03,75.32,1.89,61.03,56.31,F,1,47,82.0,83.0,61.0
Male,20.0,Engineering,63.65,96.3,80.59,88.98,65.63,0.02,84.81,62.69,A,1,72,85.0,49.0,69.0
Male,20.0,CS,84.84,81.57,85.92,64.65,75.55,2.37,93.09,50.89,B,0,55,64.0,85.0,41.0
Female,18.0,Engineering,72.3,77.31,53.4,60.34,65.95,9.88,70.79,78.5,D,1,90,72.0,75.0,82.0
Male,22.0,Business,61.75,49.98,69.7,66.1,55.05,0.19,62.56,62.27,D,1,70,57.0,70.0,45.0
Female,21.0,CS,53.53,65.78,75.36,66.2,99.01,5.42,97.81,78.18,C,0,48,57.0,64.0,78.0
Male,18.0,CS,85.65,60.39,48.39,72.17,98.43,7.73,55.91,54.54,F,1,90,71.0,77.0,66.0
Female,20.0,Business,91.99,96.08,51.01,67.36,67.51,4.7,79.04,96.84,C,0,59,41.0,48.0,99.0
Female,23.0,Business,71.98,99.48,64.61,88.49,97.01,8.11,55.53,90.4,B,0,76,82.0,75.0,54.0
Female,20.0,CS,64.99,77.34,42.34,59.09,95.66,7.59,85.05,64.94,A,1,65,63.0,77.0,61.0
Male,20.0,Business,75.75,80.31,63.53,93.88,69.99,3.43,89.74,55.54,A,1,57,65.0,93.0,85.0
Female,18.0,CS,59.94,41.54,82.85,93.98,86.19,1.48,68.57,88.3,A,1,76,32.0,95.0,93.0
Female,19.0,Computer Science,57.0,43.54,87.64,91.48,79.24,3.12,87.61,90.24,B,0,74,66.0,76.0,81.0
Male,23.0,Engineering,82.26,,66.08,64.67,90.49,6.73,78.22,58.06,F,0,70,56.0,84.0,58.0
Female,21.0,Business,94.09,43.93,68.58,53.82,90.73,3.86,94.0,89.98,F,0,78,58.0,77.0,54.0
Male,21.0,Engineering,55.63,99.04,96.57,58.48,80.94,6.02,95.06,77.25,A,1,49,79.0,88.0,34.0
Male,18.0,Business,90.93,99.26,54.26,51.01,58.71,0.15,98.17,93.13,F,0,92,67.0,61.0,87.0
Male,18.0,CS,55.96,92.57,94.26,64.15,77.94,6.72,69.16,71.52,D,0,80,86.0,63.0,51.0
Female,22.0,CS,63.28,44.29,67.03,79.92,87.15,0.91,64.6,69.84,F,1,61,77.0,87.0,80.0
Male,20.0,CS,89.73,83.39,76.5,77.71,90.62,5.05,86.52,84.99,A,1,58,89.0,48.0,66.0
 FEMALE ,18.0,Engineering,63.97,75.24,75.61,97.35,60.24,1.09,55.65,74.6,D,0,33,46.0,72.0,74.0
Female,20.0,CS,56.03,76.68,65.01,78.83,75.3,3.12,56.19,58.79,C,1,74,33.0,100.0,71.0
Female,23.0,Business,52.92,76.7,55.82,87.86,74.03,7.71,65.0,56.0,B,0,62,78.0,100.0,96.0
Male,22.0,Business,56.84,93.19,48.4,93.28,81.49,2.5,66.82,59.33,C,0,59,66.0,26.0,60.0
Female,18.0,Business,97.43,62.75,74.56,59.73,51.63,9.57,88.54,58.19,B,0,28,33.0,84.0,23.0
Male,18.0,CS,75.4,99.28,47.61,81.95,90.92,5.54,79.18,51.63,F,1,64,70.0,69.0,71.0
Male,19.0,Engineering,99.11,62.23,49.75,97.43,95.02,7.74,69.84,72.78,A,0,70,71.0,87.0,94.0
Female,23.0,Business,,82.15,79.75,96.43,69.83,0.38,93.4,84.83,C,0,61,68.0,74.0,77.0
Female,21.0,CS,82.19,40.15,49.09,66.25,92.85,9.25,56.2,94.75,A,0,52,52.0,75.0,70.0
Male,18.0,Mathematics,57.92,67.27,66.41,60.45,66.38,7.8,85.86,52.7,B,0,65,74.0,64.0,73.0
Female,19.0,Engineering,79.28,68.05,80.07,66.52,86.47,9.93,74.62,84.98,B,0,47,74.0,100.0,64.0
Female,21.0,Business,92.65,88.48,71.64,94.96,69.03,5.38,78.92,80.52,A,0,73,65.0,81.0,55.0
Female,23.0,Engineering,51.29,96.9,45.93,73.86,73.53,5.36,83.66,64.68,C,0,27,39.0,82.0,91.0
Male,21.0,CS,83.78,99.78,96.87,66.18,51.02,4.08,80.78,92.15,A,0,50,86.0,46.0,83.0
Female,20.0,Engineering,95.79,72.16,79.74,68.69,55.5,0.94,59.17,55.23,C,1,60,73.0,54.0,93.0
Male,21.0,CS,58.88,51.51,44.24,57.95,98.04,0.92,60.66,87.06,A,0,89,71.0,88.0,52.0
Male,18.0,Business,53.86,75.62,64.07,61.29,,9.53,64.22,77.29,B,1,59,58.0,61.0,85.0
Female,20.0,CS,89.07,71.43,80.09,52.62,84.26,1.39,,85.49,D,1,44,45.0,72.0,61.0
Female,23.0,CS,88.12,63.2,43.65,95.49,67.85,8.04,69.21,99.76,A,1,74,79.0,91.0,87.0
Male,21.0,Engineering,97.36,75.08,44.52,87.04,86.39,0.07,98.09,67.1,C,1,77,76.0,88.0,58.0
Male,23.0,Business,72.05,75.55,80.76,54.14,93.66,9.33,92.62,53.95,A,1,100,79.0,73.0,69.0
Male,19.0,Business,81.38,89.68,78.96,57.77,94.04,1.17,,51.43,D,1,57,59.0,81.0,65.0
Female,18.0,CS,52.44,46.78,69.03,99.06,68.99,1.28,79.58,75.44,D,1,98,78.0,65.0,94.0
Female,20.0,Business,86.78,88.34,94.56,78.85,82.27,2.38,59.31,91.4,B,1,53,70.0,81.0,78.0
Female,23.0,CS,68.28,56.98,74.25,81.4,87.47,8.67,94.86,51.07,B,0,46,83.0,92.0,89.0
Male,19.0,Business,50.7,72.72,55.05,85.65,75.09,9.91,95.03,78.54,B,0,73,66.0,61.0,67.0
Male,23.0,Engineering,83.24,41.25,99.17,57.3,58.74,6.99,81.7,73.66,A,1,72,92.0,84.0,78.0
Female,20.0,Engineering,80.02,92.87,74.22,96.11,89.08,8.79,89.54,82.29,D,0,50,100.0,69.0,79.0
Male,23.0,Engineering,75.99,83.38,63.79,73.68,50.31,0.87,51.69,86.79,A,1,34,80.0,72.0,40.0
Male,18.0,CS,71.67,91.44,97.75,53.71,96.67,6.14,66.35,83.09,A,0,82,32.0,40.0,59.0
Female,19.0,CS,51.04,54.81,48.52,75.65,66.33,0.61,52.34,66.26,F,0,41,45.0,98.0,99.0
Male,21.0,CS,66.34,89.05,99.62,78.76,50.91,6.36,80.35,98.97,C,0,86,53.0,87.0,51.0
Male,21.0,Engineering,53.15,90.63,50.91,,71.31,6.06,88.38,83.26,A,1,82,70.0,90.0,67.0
Male,19.0,CS,88.77,86.05,56.88,74.48,,1.29,89.34,65.61,C,1,74,56.0,96.0,64.0
Male,18.0,CS,92.64,77.91,72.58,51.42,61.71,9.8,81.08,85.44,A,0,83,87.0,30.0,78.0
Male,22.0,Engineering,71.66,78.79,54.57,60.87,85.02,9.72,93.46,75.89,A,1,84,75.0,51.0,69.0
Female,20.0,CS,53.05,92.38,93.44,54.76,84.77,4.55,96.4,50.45,C,1,64,100.0,77.0,78.0
Male,23.0,Business,55.92,94.91,77.18,71.6,78.74,4.25,80.54,63.82,B,0,41,73.0,36.0,58.0
Male,22.0,CS,95.76,91.81,62.41,62.13,,7.24,58.19,91.37,D,1,49,70.0,91.0,44.0
Female,23.0,Engineering,78.91,97.45,65.81,84.7,80.23,6.05,66.76,56.5,A,0,81,91.0,78.0,37.0
Female,22.0,Business,60.04,97.15,54.87,65.36,77.57,8.36,80.9,68.46,F,0,76,23.0,77.0,54.0
Male,21.0,Business,69.88,66.88,55.11,87.54,91.31,0.91,77.17,69.35,A,0,95,99.0,100.0,60.0
Male,22.0,CS,75.88,74.07,79.7,54.89,93.6,1.44,53.11,97.11,D,0,94,62.0,47.0,54.0
Female,18.0,Mathematics,52.29,98.51,78.75,85.91,70.37,7.14,51.53,81.3,C,0,90,97.0,69.0,60.0
Male,23.0,CS,66.06,46.56,98.68,93.41,75.69,8.43,50.3,71.72,D,0,35,62.0,100.0,98.0
Male,19.0,Business,81.87,57.14,98.43,66.14,56.34,9.12,80.65,72.06,A,0,74,93.0,73.0,56.0
Female,18.0,Business,76.01,70.17,80.06,84.61,98.87,8.98,84.76,75.95,D,1,95,73.0,72.0,52.0
Male,20.0, engineering ,78.46,45.29,87.71,94.45,80.92,2.61,75.0,54.1,A,1,60,78.0,79.0,58.0
Male,23.0,Engineering,63.74,93.91,86.44,59.08,87.38,8.68,55.0,90.28,F,0,28,56.0,97.0,43.0
Male,19.0,Engineering,82.88,42.46,63.72,73.74,95.63,4.72,58.18,54.97,A,0,84,72.0,63.0,34.0
Female,21.0,CS,55.26,86.7,71.17,86.97,74.46,0.49,86.13,82.32,B,0,79,98.0,81.0,90.0
Female,19.0,Engineering,81.29,50.09,71.89,53.01,73.51,6.63,71.09,68.42,D,0,76,77.0,59.0,79.0
Male,20.0,CS,81.43,54.57,87.62,92.61,73.88,2.17,63.37,81.49,D,0,27,49.0,77.0,68.0
Male,19.0, engineering ,69.61,72.86,70.91,64.68,55.03,8.39,75.44,84.09,D,0,75,78.0,64.0,61.0
Male,19.0,Engineering,57.83,74.81,64.85,88.32,93.75,6.45,89.93,61.66,D,1,31,58.0,51.0,57.0
Male,23.0,Engineering,86.58,95.01,58.76,53.51,,1.18,71.62,90.26,C,0,77,48.1,56.0,59.0
Female,21.0,CS,82.71,80.5,57.39,93.11,50.88,8.58,58.53,57.8,D,1,78,82.0,75.56,90.0
Female,21.0,Engineering,76.46,81.81,83.64,82.84,97.0,8.61,79.21,66.33,C,0,79,30.0,73.0,93.69
Female,19.0,Engineering,83.47,53.9,82.13,55.76,63.16,1.7,96.4,74.16,C,0,64,66.0,82.0,73.0
Male,22.0,Engineering,70.76,96.66,47.9,63.62,96.25,5.38,79.1,78.25,C,0,94,45.0,78.0,59.0
Female,20.0,Mathematics,96.99,64.72,71.45,59.85,94.08,2.09,53.37,55.98,C,0,87,70.0,78.0,90.0
Male,19.0,CS,59.85,89.11,54.0,96.75,87.06,1.47,91.17,87.49,F,0,70,69.0,73.0,42.0
Male,23.0,Business,54.69,59.11,60.32,69.86,91.31,4.12,52.05,67.13,D,1,32,87.0,43.0,91.0
Male,23.0,CS,91.88,45.44,49.91,57.07,52.75,9.92,83.69,94.03,A,0,51,89.0,87.0,58.0
Male,20.0,Computer Science,50.13,45.38,57.73,96.83,56.43,8.45,77.12,54.96,D,0,58,33.0,68.0,40.0
Male,18.0,Business,57.72,80.2,89.16,62.84,56.89,2.39,89.6,84.42,B,1,65,96.0,68.0,83.0
Female,21.0,Mathematics,80.92,92.12,82.05,60.63,81.21,9.15,,57.73,C,1,35,67.0,61.0,96.0
Female,18.0,Business,93.07,89.03,73.75,97.47,91.67,0.9,81.88,63.22,F,0,83,82.0,87.0,79.0
Male,19.0,Engineering,79.24,97.91,70.62,,77.23,8.42,96.68,80.17,A,0,77,64.0,82.0,81.0
Male,19.0,CS,96.36,55.86,67.38,60.88,77.1,5.37,94.66,75.43,F,0,88,56.0,97.0,63.0
Male,22.0,Business,68.23,46.49,58.09,67.86,74.46,2.99,87.89,73.35,A,0,63,69.0,84.0,31.0
Female,22.0,Business,95.09,51.04,,92.75,80.88,5.64,69.69,99.18,C,1,60,64.0,88.0,78.0
Male,20.0,CS,52.53,45.05,76.6,59.79,61.13,9.12,85.44,73.57,B,1,39,23.0,76.0,80.0
Male,21.0,Engineering,69.85,,41.75,59.25,60.61,1.53,77.25,74.19,F,1,38,100.0,78.0,63.0
Male,23.0,CS,55.59,81.55,56.03,99.38,55.77,8.31,81.7,96.51,A,1,73,56.0,95.0,65.0
Male,20.0,Mathematics,,89.19,74.23,54.07,96.25,5.55,99.64,91.07,B,0,71,35.0,47.0,67.0
Male,23.0,CS,96.33,48.01,65.44,72.26,50.13,8.22,57.46,80.45,F,1,81,43.0,59.0,75.0
Female,20.0,Engineering,53.05,58.57,66.22,51.82,97.96,4.38,54.87,84.14,C,0,63,65.0,74.0,80.0
Female,19.0,CS,51.64,41.05,94.31,53.56,53.74,8.31,70.45,75.74,C,0,34,82.0,65.0,70.0
Female,20.0,Engineering,56.82,68.44,57.29,81.51,84.74,6.55,66.08,53.38,C,1,55,93.0,55.0,58.0
Male,18.0,Mathematics,87.46,47.21,73.76,50.36,97.92,3.41,65.89,63.96,C,0,80,39.0,74.0,43.0
Female,19.0,Engineering,88.09,74.09,79.29,58.21,98.79,2.81,88.56,96.78,D,0,43,28.0,68.0,55.0
Male,23.0,Engineering,53.2,74.84,47.77,69.71,80.53,9.72,71.26,72.94,B,1,29,74.0,100.0,98.0
Female,21.0,Engineering,99.26,66.79,74.51,92.9,64.76,9.86,75.11,72.46,F,1,52,54.0,87.0,37.0
Female,, engineering ,66.48,78.61,46.7,83.94,57.56,0.66,86.48,86.24,A,0,74,88.0,79.0,69.0
Male,19.0,CS,83.1,82.38,54.69,99.11,,6.95,87.52,83.69,B,0,72,41.0,38.0,87.0
Male,21.0,Engineering,52.91,60.48,94.36,80.68,86.33,,77.38,93.8,F,1,55,52.0,72.0,75.0
Male,18.0,Mathematics,82.57,90.65,74.61,58.62,58.28,3.29,91.49,83.6,A,0,92,92.0,79.0,55.0
Male,21.0,Mathematics,78.06,50.36,85.99,93.83,57.91,0.79,88.49,91.63,B,0,56,68.0,88.0,73.0
Male,21.0,Business,71.79,70.2,72.3,52.82,90.78,0.91,67.43,54.19,C,1,58,62.0,100.0,73.0
Female,18.0,CS,59.74,54.92,41.35,87.79,75.51,3.21,78.81,86.06,A,1,69,76.0,93.0,74.0
Male,,Engineering,86.81,59.17,94.67,70.22,93.44,6.56,66.41,79.94,D,0,55,74.0,100.0,73.0
Male,23.0,Engineering,67.86,70.01,41.47,90.92,50.82,7.24,62.5,98.3,A,0,62,100.0,46.0,71.0
Male,18.0,Business,95.16,42.76,79.1,68.42,56.43,2.47,76.56,97.15,B,0,33,58.0,74.0,62.0
Male,18.0,CS,56.53,97.84,47.04,94.91,54.32,9.59,83.11,80.33,A,0,64,87.0,100.0,42.0
Male,21.0,Engineering,62.53,65.75,42.27,55.26,71.48,8.34,89.33,69.55,F,0,57,100.0,93.0,57.0
Male,22.0,CS,,62.96,44.65,86.49,55.09,9.05,99.16,56.2,B,0,93,97.0,69.0,78.0
Male,19.0,CS,84.66,66.73,80.5,87.42,76.39,6.42,67.38,77.85,A,0,74,62.0,93.0,92.0
Female,20.0,Computer Science,65.98,54.26,42.24,75.12,80.08,4.95,90.03,68.37,D,0,90,70.0,100.0,66.0
Male,22.0,Mathematics,,45.84,70.7,53.68,75.21,6.21,60.1,94.09,C,0,72,49.0,80.0,84.0
Female,20.0,CS,57.59,47.83,,67.18,67.33,1.01,96.88,98.43,F,1,76,72.0,76.0,83.0
Female,19.0,Engineering,61.54,84.05,77.27,70.77,50.88,8.72,63.12,91.96,D,1,84,90.0,95.0,67.0
Male,19.0,Engineering,74.36,95.87,94.74,,54.3,4.54,61.07,95.79,A,0,73,59.0,100.0,79.0
Male,22.0,Engineering,64.21,95.31,69.64,91.33,88.8,0.51,55.14,72.4,A,0,55,67.0,75.0,48.0
Female,23.0,Business,81.88,79.91,87.59,50.23,97.42,6.6,65.77,92.74,A,0,49,68.0,37.0,86.0
Male,21.0,Business,91.54,55.74,62.83,78.11,61.48,3.62,73.95,61.66,A,0,60,95.0,60.0,80.0
Male,21.0,Engineering,67.06,40.94,52.86,55.43,75.12,7.29,95.44,72.32,F,0,66,80.0,88.0,85.0
Male,21.0,CS,94.35,89.37,85.3,90.08,77.84,4.21,91.61,75.81,C,1,68,83.0,80.0,31.0
Female,20.0,Mathematics,91.12,46.01,95.77,59.21,70.67,1.79,87.91,61.31,A,1,55,44.0,57.0,75.0
Female,23.0,CS,84.95,78.94,,54.16,50.68,6.41,73.51,88.94,A,0,56,35.0,85.0,44.0
Male,18.0,CS,78.31,93.5,56.88,65.01,52.42,0.55,97.09,78.81,B,0,73,69.0,69.0,69.0
Male,23.0,CS,88.2,67.81,74.71,83.79,95.02,7.36,59.14,76.93,C,1,79,54.0,70.0,72.0
Female,19.0,CS,97.44,53.22,51.86,55.62,74.46,0.7,76.99,71.58,A,0,38,100.0,84.0,100.0
Male,18.0,Engineering,,97.27,72.41,50.71,75.05,2.3,81.86,50.59,D,0,77,99.0,86.0,86.0
Male,18.0,Engineering,92.1,40.29,81.87,95.25,70.01,0.65,95.84,62.3,D,0,27,54.0,81.0,63.0
Female,22.0,Engineering,83.11,79.22,90.37,63.55,78.77,6.13,62.67,66.66,C,1,65,58.0,95.0,100.0
Female,23.0,Engineering,60.22,42.79,51.31,62.28,88.65,4.66,67.27,52.41,C,0,79,68.0,58.0,42.0
Male,22.0,Mathematics,85.37,98.99,94.62,84.82,67.8,6.39,58.27,64.74,B,1,50,82.0,100.0,51.0
Female,18.0,CS,77.91,41.44,45.16,69.26,76.34,9.26,75.61,76.82,D,1,59,70.0,60.0,66.0
Female,21.0,Engineering,98.41,79.13,95.79,69.81,89.71,2.62,86.24,99.8,F,1,33,93.0,71.0,63.0
Female,,CS,73.63,53.43,57.77,51.43,90.88,5.91,61.47,83.25,D,1,66,52.0,77.0,66.0
 MALE ,21.0,Business,54.34,53.53,90.65,,92.64,5.84,59.56,93.67,A,0,79,73.0,100.0,79.0
Female,22.0,CS,65.38,44.51,94.82,53.82,57.94,9.35,75.08,81.89,B,1,55,77.0,100.0,23.0
Male,20.0,CS,66.71,51.95,90.23,66.15,68.71,2.1,78.86,90.19,C,0,65,54.0,77.0,100.0
Male,22.0,CS,57.99,87.56,55.26,90.34,98.61,7.28,96.36,98.05,D,0,76,89.0,76.0,60.0
Male,18.0,Engineering,89.07,74.46,59.15,71.73,78.38,8.25,80.3,53.36,F,1,85,46.0,52.0,90.0
Male,20.0,Engineering,78.33,56.44,64.15,84.03,50.54,1.95,50.54,51.45,D,1,27,78.0,80.0,45.0
Male,19.0,CS,62.51,70.23,89.63,50.58,87.86,0.41,89.39,57.03,C,0,81,51.0,99.0,31.0
Female,21.0,Computer Science,61.33,98.78,42.38,98.99,93.55,,52.4,68.25,D,0,70,97.0,69.0,59.0
Female,22.0,CS,87.45,75.01,70.21,86.09,94.28,6.21,85.64,78.63,F,1,76,61.0,74.0,84.0
Female,19.0,Engineering,87.1,85.92,92.24,71.1,79.39,2.09,71.26,86.53,D,0,67,78.0,77.0,77.0
Female,23.0,Business,94.01,89.78,95.56,94.05,52.11,0.93,76.55,75.38,D,0,77,79.0,95.0,80.0
Female,20.0,CS,59.61,48.45,81.17,77.25,85.07,3.12,86.53,50.21,A,0,48,79.0,54.0,68.0
Male,22.0,Business,,97.28,72.98,62.11,98.2,9.73,69.24,74.27,C,1,74,84.0,100.0,71.0
 FEMALE ,21.0,Mathematics,78.39,88.56,91.57,69.41,91.82,9.59,91.52,80.24,D,0,61,100.0,69.0,60.0
Female,20.0,CS,87.84,48.0,72.64,61.71,92.36,3.1,65.97,64.09,B,0,47,45.0,100.0,95.0
Female,22.0,Business,73.48,66.02,48.89,82.35,61.67,9.15,56.4,92.43,F,0,56,83.0,68.0,100.0
Female,18.0,Business,85.27,93.24,45.64,67.95,86.65,9.17,82.69,97.55,B,0,99,58.0,88.0,56.0
Male,21.0,CS,97.85,,77.36,51.27,75.43,6.63,93.87,95.36,A,0,53,67.0,59.0,90.0
Male,18.0,CS,89.93,91.75,85.96,97.83,96.99,8.6,63.74,98.96,B,0,75,73.0,78.0,76.0
Male,23.0,Business,71.84,49.89,71.63,68.77,88.95,9.97,81.86,86.06,A,1,59,23.0,82.0,46.0
Male,21.0,CS,59.42,76.97,77.98,58.1,85.67,2.98,75.64,84.87,D,0,76,31.0,91.0,72.0
Female,18.0,CS,53.55,79.82,73.15,58.24,86.61,4.97,77.05,94.49,D,0,64,76.0,100.0,100.0
Female,20.0,CS,68.31,81.4,96.32,93.13,66.09,4.44,89.68,82.94,D,0,45,60.0,73.0,55.0
Male,19.0,CS,92.7,89.25,68.13,98.99,67.62,3.68,67.21,69.78,F,1,70,68.0,78.0,61.0
Female,23.0,Engineering,55.39,43.5,45.68,64.56,95.49,1.28,60.66,66.52,D,1,52,59.0,84.0,78.0
Female,19.0,CS,99.63,59.74,94.05,54.06,88.84,1.12,87.27,67.86,F,1,87,55.0,50.0,53.0
Female,18.0,CS,90.14,99.52,59.13,53.43,65.05,2.45,80.99,63.44,A,0,76,81.0,95.0,79.0
Female,18.0,CS,79.76,72.52,54.21,87.21,94.63,9.83,65.17,88.65,C,1,59,91.0,65.0,43.0
Male,19.0,Engineering,81.54,60.41,48.27,56.84,59.7,9.85,61.04,54.26,C,1,49,77.0,93.0,91.0
Female,18.0,Engineering,91.6,67.6,41.44,73.89,82.93,5.76,95.9,55.71,A,1,83,80.0,78.0,45.0
Male,23.0,Engineering,50.7,88.35,88.22,70.12,70.42,7.15,82.91,61.18,D,0,90,61.0,87.0,94.94
Female,23.0,Business,54.65,69.04,59.53,69.13,91.6,2.47,52.74,83.54,D,0,57,60.0,21.14,61.0
Male,18.0,Computer Science,,62.71,44.22,62.9,52.74,5.39,53.16,52.89,F,0,54,97.6,59.0,47.0
Male,20.0,Engineering,,80.82,96.63,52.51,63.86,8.06,61.75,90.89,B,0,67,68.0,63.0,57.0
Female,18.0,CS,55.84,52.84,88.34,68.76,73.2,4.75,61.37,82.39,A,0,91,64.0,95.0,57.0
Male,18.0,CS,75.14,90.28,46.76,68.65,52.1,5.4,64.74,86.47,B,1,57,100.0,93.0,66.0
Female,19.0,Business,66.77,58.38,89.17,53.43,68.42,1.67,64.09,58.69,B,1,79,71.0,53.0,57.0
Male,18.0,Engineering,90.41,49.68,71.25,73.32,65.7,4.87,72.59,69.57,B,0,31,77.0,99.0,78.0
Female,19.0,Business,,80.68,68.52,76.2,53.41,4.01,60.87,89.64,B,0,62,78.0,92.0,86.0
Male,22.0,Engineering,82.9,99.8,74.9,78.28,65.12,0.8,99.44,89.64,C,1,79,95.0,85.0,64.0
Male,22.0,CS,77.78,63.75,61.99,78.56,91.65,0.7,54.98,62.57,D,0,95,81.0,70.0,81.0
Male,21.0,Mathematics,93.08,44.57,79.99,79.97,74.43,9.33,63.51,68.41,D,0,39,75.0,99.0,77.0
Male,18.0,CS,94.94,83.13,54.96,54.65,78.81,6.41,77.59,52.87,C,1,51,50.0,100.0,89.0
Female,23.0,CS,69.22,,70.9,77.74,99.75,5.61,60.05,50.62,A,1,87,63.0,82.0,88.0
Male,23.0,CS,71.82,78.06,88.9,92.72,82.59,6.11,61.79,99.07,C,0,59,70.0,82.0,81.0
Male,21.0,Mathematics,60.22,99.68,69.7,70.3,81.14,7.82,94.5,75.53,F,0,49,100.0,84.0,55.0
Male,19.0,Business,70.65,73.35,93.72,56.41,68.25,6.98,53.21,92.51,F,0,72,62.0,83.0,55.0
Female,23.0,Business,54.33,59.15,85.88,62.67,61.65,7.9,79.8,69.8,C,0,100,95.0,96.0,86.0
Male,19.0,CS,85.11,65.38,73.21,60.56,69.92,7.2,70.32,53.06,A,0,67,77.0,74.0,68.0
Male,23.0,Engineering,75.84,47.12,51.49,82.07,79.68,3.23,55.39,52.53,C,1,48,100.0,77.0,89.0
Female,19.0,Computer Science,95.67,67.88,92.73,83.27,82.45,8.5,,74.16,A,0,59,70.0,62.0,44.0
Male,21.0,BUSINESS,97.68,40.57,53.09,88.15,75.04,9.05,79.21,86.1,C,0,93,50.0,81.0,69.0
Male,20.0,Engineering,66.92,89.96,59.0,71.18,71.67,1.77,86.58,99.5,B,1,61,90.0,100.0,39.0
Male,20.0,Business,81.21,79.6,86.82,67.01,89.89,4.4,,84.07,C,1,65,24.0,63.0,50.0
Male,23.0,CS,82.05,75.97,94.89,58.29,64.36,8.53,74.56,92.01,A,0,57,62.0,97.0,51.0
 FEMALE ,18.0,CS,90.85,60.57,55.99,61.62,79.79,8.88,58.92,64.89,C,1,90,37.0,62.0,81.0
Male,18.0,Engineering,98.54,69.4,41.26,65.44,51.01,0.25,56.38,96.67,B,0,58,72.0,95.0,100.0
Female,21.0,Mathematics,78.4,79.51,95.36,66.34,84.67,8.32,79.21,63.44,F,0,70,79.0,78.0,65.0
Female,19.0,Mathematics,85.75,87.18,40.11,73.08,87.13,,54.3,63.1,D,1,49,91.0,100.0,75.0
Female,18.0,Mathematics,55.06,59.95,49.9,53.61,85.6,9.35,94.69,75.13,F,0,29,35.0,86.0,61.0
Female,23.0,CS,84.92,90.78,40.39,90.48,74.45,8.04,69.71,64.24,A,0,75,64.0,41.0,88.0
Female,21.0,Business,60.92,55.04,55.93,84.05,71.32,0.2,81.45,80.24,D,0,31,72.0,68.0,46.0
Female,22.0,Mathematics,90.46,89.28,41.8,94.48,93.24,8.79,63.78,86.53,C,0,27,100.0,76.0,71.0
Female,18.0,Business,66.0,48.19,46.88,89.39,81.27,4.61,77.25,98.54,B,1,74,80.0,74.0,67.0
Female,18.0,Mathematics,91.37,62.46,55.32,74.88,82.77,9.08,98.77,69.69,C,0,64,100.0,86.0,66.0
Female,19.0,Mathematics,89.47,96.54,57.12,62.92,93.39,,81.5,82.63,A,0,52,82.0,95.0,54.0
 MALE ,19.0,Engineering,95.81,66.85,,67.28,99.0,8.62,58.71,62.89,C,0,70,23.0,100.0,39.0
Male,20.0,Mathematics,53.7,58.31,96.6,52.33,89.64,5.48,50.64,70.65,D,1,37,34.0,78.0,76.0
Female,18.0,CS,51.83,65.92,86.74,76.74,99.74,7.44,82.45,97.97,B,1,51,100.0,74.0,56.0
Female,18.0,Business,99.85,82.43,76.68,66.94,53.97,4.65,52.89,95.06,A,0,50,80.0,94.0,83.0
Male,18.0,CS,52.51,84.4,68.36,60.99,53.65,8.35,53.93,51.04,B,1,69,63.0,57.0,80.0
Male,20.0,Business,82.63,98.96,85.78,81.9,53.5,5.8,70.98,68.43,B,0,44,71.0,56.0,77.0
Female,20.0,Mathematics,61.94,41.1,41.23,75.36,62.43,2.86,74.14,97.51,A,1,55,87.0,86.0,83.0
Male,23.0,Business,70.94,55.77,56.69,95.09,55.63,1.86,94.68,67.8,A,1,71,47.0,93.0,100.0
Male,20.0,Engineering,99.8,90.69,76.46,79.76,86.94,9.59,54.06,55.22,D,1,72,94.0,87.0,83.0
Male,23.0,Mathematics,,96.58,44.49,84.29,98.26,,78.59,75.14,D,1,60,66.0,100.0,59.0
Male,21.0,Engineering,79.65,61.12,83.96,71.69,98.25,7.74,86.47,87.54,B,1,89,61.0,74.0,60.0
Male,23.0,Engineering,72.05,50.43,72.25,60.12,,3.76,59.1,71.64,A,1,62,76.0,51.0,71.0
Female,22.0,Mathematics,70.26,45.13,64.5,72.75,71.78,6.03,66.29,88.19,A,1,78,81.0,55.0,41.0
Female,23.0,CS,85.74,50.79,64.26,61.02,59.09,4.63,56.74,61.95,B,1,100,76.0,100.0,92.0
Male,21.0,Mathematics,96.4,59.55,99.55,68.84,60.58,5.1,54.68,66.43,B,1,59,43.0,80.0,54.0
Female,18.0,Business,50.09,48.71,68.05,77.64,87.79,3.16,69.11,92.29,F,1,32,30.0,64.0,55.0
 MALE ,18.0,CS,83.21,47.16,47.07,84.85,63.98,6.75,77.66,67.78,D,0,83,79.0,50.0,90.0
Male,19.0,Business,96.03,63.88,95.85,80.45,92.67,9.62,89.66,99.16,B,0,59,66.0,100.0,49.0
Female,18.0,Engineering,77.04,81.71,75.42,51.74,98.25,1.21,57.97,66.38,B,0,84,59.0,66.0,68.0
 FEMALE ,20.0,Mathematics,82.45,42.82,56.58,91.21,90.29,0.08,64.44,94.48,B,1,50,49.0,51.0,65.0
Female,20.0,Engineering,50.24,86.78,52.48,59.38,62.21,9.35,97.66,75.24,C,1,53,87.0,82.0,70.0
Male,18.0,Engineering,58.03,92.06,69.56,99.59,77.65,3.22,67.26,80.12,A,0,58,23.0,74.0,89.0
Female,18.0,Engineering,73.72,94.8,96.71,78.51,81.34,0.57,66.94,60.97,B,0,45,74.0,82.0,84.0
Female,18.0,Engineering,73.48,68.33,56.69,99.66,87.77,9.25,63.39,65.73,B,1,51,51.0,68.0,100.0
Male,18.0,CS,56.73,52.08,63.62,61.0,61.81,8.32,57.26,82.6,A,1,70,72.0,100.0,74.0
Female,20.0,Mathematics,79.37,80.5,80.67,85.75,86.48,6.03,57.16,58.81,D,0,64,70.0,72.0,58.0
Female,20.0,Engineering,58.21,91.32,92.09,90.67,77.76,4.8,63.48,79.14,F,1,56,74.0,64.0,78.0
Male,18.0,Business,73.77,77.07,82.16,85.23,64.41,1.74,84.22,50.79,A,1,75,67.0,92.0,77.0
Male,21.0,Engineering,50.11,60.6,67.34,72.4,64.77,,63.75,96.49,C,0,100,95.0,72.0,83.0
Female,21.0,Business,50.14,51.69,56.46,72.76,55.9,9.98,59.82,67.22,D,0,93,48.0,69.0,68.0
Female,22.0,CS,89.41,98.37,74.81,62.92,52.15,8.14,,67.96,F,0,63,32.0,98.0,67.0
Male,21.0,Mathematics,,98.23,88.25,68.15,87.15,4.76,67.88,75.82,C,0,34,31.0,100.0,41.0
Female,23.0,CS,85.49,81.84,72.77,52.92,84.83,0.44,52.75,65.77,B,0,84,64.0,88.0,45.0
Male,18.0,Computer Science,98.41,86.83,79.44,89.57,85.6,4.25,76.11,52.05,D,1,68,70.0,63.0,40.0
Male,22.0,Computer Science,66.45,96.87,83.93,76.16,58.68,0.1,80.9,93.49,C,0,77,63.0,71.0,71.0
Male,18.0,Engineering,77.66,75.06,82.58,57.61,90.39,3.72,75.56,59.69,F,0,65,74.0,70.0,70.0
Male,19.0,CS,,85.32,79.12,52.79,93.19,7.55,72.58,81.72,A,0,49,57.0,71.0,59.0
Female,23.0,Business,,97.99,85.61,71.85,60.31,1.81,68.0,50.77,F,0,89,79.0,80.0,80.0
Female,22.0,CS,80.92,48.81,55.69,82.23,91.65,8.26,98.29,60.79,C,0,62,64.0,90.78,87.0
Male,20.0,CS,67.65,87.92,91.08,95.87,77.77,6.67,85.55,52.08,C,1,69,55.0,58.0,52.34
Female,19.0,Engineering,57.34,43.73,87.75,94.33,53.07,9.15,61.8,97.11,A,0,69,68.0,49.0,81.0
 MALE ,20.0,Computer Science,59.27,65.66,82.46,89.04,73.91,7.99,70.72,59.24,A,0,92,64.0,40.0,73.0
Female,23.0,CS,81.08,81.31,96.35,88.28,76.64,4.64,56.69,74.74,A,1,57,85.0,77.0,66.0
Male,23.0,CS,72.1,98.11,52.07,86.74,96.74,9.09,69.28,64.04,A,0,95,53.0,82.0,48.0
Female,23.0,CS,58.69,62.67,48.76,89.49,87.47,8.75,72.33,71.81,A,0,52,52.0,63.0,100.0
Female,23.0,Engineering,69.28,85.22,91.01,68.96,54.28,,82.05,97.14,D,0,49,81.0,38.0,78.0
Male,18.0,Business,91.9,55.15,67.44,63.36,97.43,5.91,64.65,52.7,C,0,90,56.0,85.0,70.0
Female,19.0,Engineering,65.78,48.73,47.9,79.86,77.47,4.64,96.79,54.34,F,0,72,77.0,59.0,41.0
Female,22.0,Business,91.04,83.22,76.05,92.36,61.02,6.56,75.07,88.17,A,1,45,37.0,77.0,71.0
Male,20.0,Engineering,61.33,53.81,80.87,93.6,51.88,8.41,52.3,65.65,D,0,67,100.0,65.0,62.0
Male,19.0,Business,74.81,60.4,80.51,64.13,56.15,4.97,56.78,55.44,C,0,30,67.0,94.0,36.0
Female,23.0,Business,79.37,40.5,91.15,76.59,82.64,5.05,68.04,58.67,A,0,54,79.0,54.0,41.0
Female,18.0, engineering ,98.11,53.74,97.73,63.18,90.31,0.32,50.62,90.69,D,1,80,51.0,84.0,64.0
Female,22.0,Engineering,58.69,93.74,69.58,57.97,80.3,7.5,97.23,78.35,C,0,65,89.0,79.0,73.0
Female,22.0,Engineering,54.45,44.68,61.49,52.57,92.85,1.29,,89.66,A,1,70,79.0,76.0,92.0
Female,18.0,CS,51.15,60.84,45.49,94.38,88.1,5.63,63.06,69.04,D,0,46,100.0,68.0,100.0
Female,23.0,Engineering,60.68,68.93,88.7,78.76,53.63,7.43,53.79,50.65,B,0,75,71.0,68.0,87.0
Male,23.0,Computer Science,90.82,62.2,91.15,62.21,85.94,2.56,78.46,53.28,F,0,64,52.0,53.0,64.0
Female,23.0,Engineering,88.98,53.38,93.75,63.46,58.98,9.82,61.7,93.9,D,0,88,56.0,98.0,79.0
Female,21.0,Engineering,94.16,62.37,97.09,51.74,82.21,9.31,58.02,82.92,F,1,64,83.0,66.0,90.0
Male,21.0,Mathematics,92.06,86.72,99.62,88.04,72.73,5.37,69.32,63.07,A,0,49,92.0,90.0,36.0
Female,18.0,CS,87.07,92.56,80.08,94.05,58.89,4.37,57.96,62.11,A,0,95,88.0,80.0,42.0
Male,19.0,Engineering,63.62,97.47,62.55,77.36,77.21,6.41,70.59,78.45,D,0,67,82.0,76.0,77.0
 MALE ,18.0,Engineering,58.53,70.87,66.09,55.2,52.88,5.44,63.37,69.57,B,0,65,57.0,51.0,32.0
Male,18.0,Mathematics,82.28,41.69,43.45,62.75,52.6,0.17,91.09,50.26,F,0,73,77.0,92.0,100.0
Female,23.0,Business,94.63,92.83,52.83,77.77,78.97,0.83,65.47,70.93,F,0,80,86.0,63.0,69.0
Female,21.0,CS,89.69,60.95,82.65,99.14,75.86,2.51,79.05,55.92,D,0,34,90.0,76.0,90.0
Male,21.0,Mathematics,57.98,89.12,46.44,51.5,52.52,5.96,64.84,54.9,A,1,37,40.0,95.0,98.0
Male,18.0,CS,77.66,52.84,57.92,97.66,79.61,2.08,87.85,67.29,C,0,65,58.0,75.0,95.0
Male,20.0,Business,92.79,96.13,48.35,77.5,78.83,4.12,54.69,67.36,C,1,31,74.0,100.0,74.0
Female,18.0,Mathematics,67.44,99.77,70.48,,52.15,5.26,82.13,86.97,F,0,66,73.0,63.0,36.0
Male,19.0,CS,93.85,71.85,43.02,80.84,76.22,7.35,94.44,94.29,D,1,81,100.0,55.0,91.0
Female,19.0,CS,80.02,69.32,47.13,70.62,50.57,7.61,57.8,94.03,A,0,56,89.0,61.0,59.0
Male,20.0,CS,83.49,85.21,42.0,74.81,92.0,9.5,63.39,83.47,D,0,32,44.0,38.0,70.0
Female,18.0,Mathematics,94.83,58.65,96.3,80.76,68.73,4.69,68.56,67.03,F,1,42,81.0,64.0,54.0
Female,20.0,CS,65.82,53.52,67.2,79.95,87.92,8.11,54.54,70.31,A,1,100,100.0,53.0,61.0
Female,22.0,CS,56.89,87.34,99.27,82.24,57.78,8.38,90.8,96.96,A,1,58,96.0,100.0,70.0
Male,22.0,CS,58.29,40.84,52.68,99.15,83.56,2.19,91.77,84.51,C,1,58,51.0,94.0,99.99
Male,20.0,Engineering,89.53,51.3,94.94,90.66,63.17,4.34,,81.77,F,0,51,100.0,82.0,100.0
Male,22.0,CS,89.65,83.48,40.33,61.92,91.67,,93.05,75.2,C,0,68,81.28,99.0,88.33
Male,19.0,Mathematics,82.44,55.08,63.14,54.82,58.55,2.34,78.33,91.22,A,1,71,82.0,58.0,53.0
Male,21.0,CS,77.6,48.81,90.73,82.38,78.31,2.6,67.3,77.35,A,0,74,91.0,85.0,79.0
Male,21.0,CS,80.45,44.98,60.36,75.23,65.86,6.68,91.66,75.29,D,1,33,23.0,100.0,82.0
Male,19.0,CS,52.36,81.73,85.94,67.24,69.53,1.45,86.44,93.53,A,0,60,92.0,68.0,61.0
Female,21.0,Mathematics,78.53,55.65,53.24,63.49,88.12,5.94,71.52,84.55,C,0,85,50.0,96.0,82.0
Female,22.0,Engineering,90.06,52.18,73.51,98.45,96.37,3.4,74.6,54.05,B,0,54,58.0,77.0,50.0
Female,21.0,Engineering,97.27,47.04,89.94,72.53,77.63,2.26,81.13,63.28,F,1,89,83.0,75.0,76.0
Female,21.0,Business,69.4,52.65,86.47,79.22,58.06,5.89,91.48,57.5,A,1,66,45.0,53.0,91.0
Male,22.0,Mathematics,80.23,92.23,52.31,69.08,88.57,4.53,95.56,99.91,B,0,68,88.0,94.0,94.0
Female,19.0,CS,60.77,55.73,47.39,74.32,69.16,3.91,87.95,71.3,B,0,62,78.0,69.0,81.0
Male,22.0,Business,92.93,43.63,43.45,57.23,64.88,7.14,88.33,85.53,A,0,72,59.0,41.0,67.0
Female,,CS,61.04,69.41,61.14,78.22,69.9,9.45,67.67,65.13,B,1,27,80.0,65.0,68.0
Male,19.0,CS,68.07,92.26,77.6,84.8,89.42,7.29,51.23,62.44,B,1,60,57.0,100.0,44.0
Male,21.0,CS,53.18,45.14,40.2,55.49,58.76,7.54,88.97,70.12,B,1,81,76.0,56.0,48.0
Male,21.0,Business,73.43,94.41,89.85,,58.46,4.02,81.66,97.39,A,1,55,26.0,15.0,66.0
Male,21.0,Business,96.0,49.16,49.63,57.73,62.08,3.37,85.13,55.63,D,1,61,54.0,100.0,87.0
Male,18.0,Business,66.02,83.79,93.76,54.06,70.03,4.14,59.02,67.7,A,0,39,56.0,83.0,58.0
Male,18.0,CS,87.12,78.82,85.11,71.32,68.86,1.15,92.67,83.43,D,0,54,59.0,71.0,71.0
Male,23.0,BUSINESS,50.6,72.2,90.26,84.83,75.48,9.2,66.05,61.97,C,1,49,57.0,74.0,58.0
Female,23.0,CS,76.07,93.3,54.24,94.98,99.66,9.96,59.01,82.34,A,0,51,74.0,86.0,87.0
Female,21.0,Business,64.2,61.96,69.9,77.68,74.83,5.03,76.07,91.4,C,0,71,74.0,100.0,77.0
Female,20.0,Mathematics,56.71,75.7,85.35,84.87,57.31,0.85,82.04,96.84,C,0,90,90.0,83.0,70.0
Female,21.0,Engineering,73.02,44.5,49.98,95.66,73.39,0.59,52.55,88.07,A,1,72,75.0,77.0,63.0
Female,21.0,Business,78.06,41.68,40.06,91.19,70.29,7.99,92.86,90.96,D,0,48,64.0,94.0,82.0
Female,18.0,CS,71.13,76.91,45.37,61.7,53.39,5.09,51.35,55.08,A,1,27,82.0,49.0,40.0
Male,22.0,CS,76.66,73.27,54.42,64.89,,9.26,92.7,58.77,A,1,59,76.0,40.0,72.0
Male,22.0,Business,91.22,66.45,72.99,69.67,86.8,5.63,84.75,99.65,D,0,55,89.0,62.0,81.0
Male,21.0,Engineering,71.77,45.62,87.5,85.36,93.24,,54.23,85.95,D,1,73,59.0,100.0,87.0
Female,20.0,Computer Science,96.1,87.25,56.37,96.48,73.45,0.02,88.61,72.1,A,0,71,83.0,26.0,41.0
Male,22.0,CS,85.26,78.84,95.38,60.69,64.87,9.62,94.86,81.15,F,1,64,100.0,73.0,76.0
Male,19.0,CS,98.98,84.22,52.3,84.57,64.14,8.76,58.44,86.1,F,0,67,100.0,77.0,75.0
Male,20.0,Mathematics,99.47,57.88,64.63,99.97,65.78,2.4,60.28,83.12,C,0,57,39.0,73.0,73.0
Male,21.0,CS,58.86,91.9,46.6,89.39,99.12,9.75,85.54,67.46,A,1,64,68.0,59.0,86.0
Female,19.0,Computer Science,78.95,79.44,65.87,84.69,70.72,0.32,58.03,67.89,F,1,77,49.0,74.0,59.0
Male,21.0,CS,84.12,51.4,55.85,53.56,89.49,1.72,66.88,80.22,A,1,64,45.0,45.0,69.0
Female,18.0,CS,83.31,91.61,69.08,66.17,,4.35,95.64,82.53,D,0,34,92.0,66.0,57.0
Male,23.0,Mathematics,91.95,52.76,41.47,86.54,73.66,3.87,62.61,74.34,C,0,93,72.0,95.0,48.0
Female,21.0,CS,97.98,81.68,67.26,,73.55,9.94,88.94,53.26,F,0,62,76.0,51.0,91.0
Male,22.0,CS,98.22,68.19,63.48,61.92,70.35,9.6,,61.22,C,0,73,53.0,97.0,60.0
Male,21.0,CS,57.94,91.6,46.97,73.65,53.2,4.56,55.05,90.08,A,0,27,56.0,85.0,58.0
Female,21.0,Business,50.98,82.02,48.84,93.34,88.09,4.64,78.82,87.77,D,0,64,100.0,79.0,65.0
 MALE ,22.0,Business,56.68,59.61,93.06,72.99,62.15,1.13,71.35,77.74,A,1,68,47.0,99.0,53.0
Male,22.0,CS,71.5,42.68,56.73,54.65,77.05,8.19,68.06,92.24,A,0,70,47.0,79.0,62.0
Male,21.0,Computer Science,63.62,44.72,58.11,62.06,61.05,7.5,84.6,92.13,B,1,71,92.0,86.0,99.0
Female,20.0,Engineering,89.45,98.65,64.98,99.75,54.98,3.09,75.28,76.89,D,0,72,100.0,87.0,96.0
Male,22.0,CS,52.92,69.74,93.26,,62.39,2.47,60.8,98.32,C,1,54,100.0,87.0,86.0
Female,19.0,Engineering,75.23,72.07,80.88,83.41,63.9,4.32,84.51,93.2,B,1,58,88.0,73.0,83.0
Female,22.0,Mathematics,53.69,60.65,69.28,52.39,61.46,5.14,53.01,67.77,B,0,79,74.0,77.0,68.0
Female,20.0,Business,59.91,41.48,68.7,85.05,86.51,0.74,85.06,59.77,A,0,36,70.0,67.0,76.0
Female,21.0,Engineering,86.82,78.51,75.0,72.67,68.72,9.92,,55.62,A,0,91,73.0,97.0,65.0
Male,21.0,Engineering,87.03,96.18,53.9,56.85,70.49,0.85,76.93,79.99,A,0,97,31.0,79.0,37.0
Male,18.0,Business,63.18,66.23,53.29,66.53,76.22,2.95,73.42,53.16,A,1,27,94.0,100.0,91.0
Male,20.0,Engineering,85.43,74.23,89.59,79.16,74.35,7.64,75.24,88.03,D,0,31,85.0,96.0,72.0
Female,22.0,CS,94.68,52.0,67.13,77.03,61.7,3.4,73.4,53.4,C,1,64,61.0,82.0,31.0
Female,19.0,Engineering,88.89,86.76,61.69,66.35,51.67,0.76,67.54,89.0,A,0,76,67.0,94.0,77.0
Female,18.0,Business,88.03,76.11,42.81,60.99,52.43,1.88,56.29,80.2,C,0,53,61.0,53.0,64.0
Female,20.0,CS,57.64,63.85,85.44,69.54,,8.14,72.99,90.39,A,0,27,89.0,79.0,91.0
Female,23.0,Business,80.49,94.55,98.45,51.48,88.86,2.08,98.63,53.72,B,1,79,75.0,56.0,88.0
Female,18.0,Business,75.56,69.92,74.88,78.94,84.28,4.3,99.83,64.86,A,0,62,59.0,100.0,75.0
Female,22.0,Engineering,75.2,93.88,77.09,64.29,63.98,3.98,72.96,87.35,D,1,62,78.0,72.0,79.0
Female,19.0,Engineering,92.61,85.19,46.93,79.71,73.68,9.2,58.4,85.95,A,0,63,86.0,100.0,63.0
Male,23.0,Engineering,74.52,78.34,87.79,74.41,,5.62,53.51,89.17,B,1,87,26.0,55.0,58.0
Female,22.0,Mathematics,61.27,74.19,90.38,72.08,52.03,7.47,76.99,57.42,D,0,49,34.0,98.0,40.0
Female,22.0,Engineering,54.67,48.97,58.92,59.77,83.32,3.42,95.87,90.11,A,1,28,79.0,87.0,51.0
Male,20.0,Business,70.11,71.99,96.08,75.89,59.86,3.89,85.62,89.76,A,0,58,100.0,42.0,49.0
Female,19.0,Mathematics,54.25,80.32,46.89,70.78,83.4,1.85,59.94,88.92,F,0,60,47.0,92.0,74.0
Female,23.0,Business,68.75,50.09,63.95,79.63,68.68,0.11,98.79,62.34,D,0,72,83.0,34.0,65.0
Male,22.0,Mathematics,55.52,,86.61,63.64,69.35,8.07,54.64,79.58,D,0,48,73.0,86.0,57.0
Female,21.0,CS,68.16,63.84,55.98,80.11,75.74,1.96,63.21,61.24,B,0,83,50.0,100.0,75.0
Male,19.0,CS,65.58,45.69,64.43,54.77,73.25,4.52,74.1,74.36,B,0,70,72.0,73.0,85.0
Female,20.0,Business,71.35,69.51,82.99,52.46,95.51,5.47,56.77,70.31,A,0,48,57.0,68.0,60.0
Male,18.0,CS,82.61,47.61,93.18,51.75,78.13,8.72,68.34,50.83,C,0,57,100.0,76.0,74.0
Male,21.0,Business,71.74,60.02,66.27,90.32,64.77,1.07,83.98,88.57,B,1,58,51.0,46.0,86.0
Female,21.0,Engineering,95.49,88.66,80.12,73.74,95.9,9.33,82.72,64.04,B,0,93,57.0,60.0,67.0
Male,18.0,Mathematics,97.6,80.91,95.29,98.28,57.86,3.65,99.7,56.26,B,0,67,89.0,59.0,46.0
Male,21.0,CS,89.59,84.26,77.3,87.64,85.2,9.87,91.25,80.77,F,1,84,82.0,78.0,76.0
Male,21.0,Engineering,94.58,82.33,70.46,68.47,70.37,5.04,74.62,75.36,B,0,66,83.0,56.0,63.0
Female,19.0,Engineering,96.17,81.54,86.72,80.5,98.89,8.27,75.65,82.35,D,0,70,38.0,99.0,35.0
Female,20.0,Mathematics,86.33,63.91,63.59,72.76,57.13,1.2,92.22,97.2,D,0,57,47.0,83.0,65.0
Female,22.0,Engineering,50.75,60.48,89.17,71.4,78.42,6.05,64.62,64.19,A,0,46,96.0,69.0,57.0
Male,20.0,Business,83.55,70.01,44.38,77.12,55.88,5.49,66.49,96.57,D,0,49,83.0,80.0,67.0
 FEMALE ,23.0,Engineering,85.99,71.48,71.79,62.73,72.72,3.17,97.09,59.81,F,0,76,68.0,84.0,75.0
Female,,Business,72.16,46.36,81.19,54.92,66.93,4.27,80.68,99.86,A,1,71,82.0,82.0,77.0
Female,22.0,CS,81.23,62.14,91.58,64.72,51.25,5.14,97.74,83.95,A,1,59,98.0,72.0,64.0
Male,19.0,CS,71.33,47.94,44.98,78.43,90.22,4.23,55.86,85.32,F,0,68,73.0,59.0,84.0
Female,19.0,Business,89.33,69.64,54.88,95.17,80.34,6.88,71.74,88.87,D,1,96,51.0,94.0,81.0
Male,18.0,CS,65.58,40.4,40.23,85.45,58.33,7.08,86.85,61.05,B,1,59,62.0,27.0,33.0
Female,21.0,Engineering,53.09,55.86,64.57,65.89,91.83,3.53,73.45,76.81,A,1,37,74.0,93.0,79.0
Male,20.0,CS,65.04,96.54,63.8,84.84,59.28,2.54,70.11,52.67,D,1,51,37.0,65.0,48.0
Male,20.0,Engineering,76.67,54.78,93.18,63.4,72.79,9.85,63.52,87.89,C,0,58,49.0,85.0,56.0
Female,21.0,CS,66.85,82.15,46.23,83.38,88.08,8.9,66.72,59.84,C,1,39,74.0,83.0,64.0
Male,18.0,Mathematics,71.37,59.09,71.04,59.52,90.56,7.05,59.04,64.96,B,1,69,89.0,71.0,72.0
Male,23.0,Mathematics,69.03,91.79,89.03,72.14,56.39,5.72,66.22,60.2,B,0,76,45.0,95.0,98.0
Male,23.0,Engineering,58.89,57.79,69.84,63.38,55.69,2.27,80.0,91.52,B,1,28,60.0,92.0,68.0
Female,21.0,Engineering,88.98,85.3,95.2,73.6,90.44,3.62,58.94,93.23,A,1,73,51.0,58.0,63.0
Female,19.0,Engineering,54.74,54.77,74.4,85.89,72.97,6.64,89.15,54.11,B,1,86,59.0,39.0,55.0
Female,18.0,CS,69.75,90.68,64.67,96.0,84.2,8.74,56.62,85.94,B,0,47,68.0,46.0,96.0
Female,22.0,Mathematics,98.24,51.09,63.97,79.5,66.88,4.98,60.12,55.4,B,0,88,66.0,76.0,59.0
Male,20.0,CS,80.01,48.97,99.8,91.5,66.8,4.0,90.74,96.84,C,0,60,96.0,93.0,99.0
Male,20.0,CS,72.62,97.28,45.19,98.98,80.69,8.03,53.82,75.81,A,0,56,67.0,100.0,68.0
Male,18.0,CS,76.69,90.39,77.64,75.26,69.19,4.4,90.12,62.73,A,1,36,73.0,75.0,61.0
Female,22.0,Engineering,70.62,95.54,61.58,52.78,68.11,4.57,91.75,91.71,B,1,60,100.0,61.0,50.0
Female,20.0,Engineering,55.97,98.94,91.81,74.88,61.1,4.08,78.08,98.75,A,0,43,72.0,87.0,51.0
Female,19.0,CS,75.64,65.01,73.22,66.33,84.51,2.01,75.02,54.71,C,1,42,71.0,82.0,60.0
Female,23.0,Mathematics,77.67,94.53,84.72,62.75,53.11,7.69,78.44,86.52,A,0,59,49.0,71.0,70.0
Female,20.0,Business,92.55,60.43,51.74,56.66,86.35,4.28,92.28,82.38,C,0,43,44.0,59.0,75.0
Female,23.0,Mathematics,70.86,41.99,97.15,81.52,90.82,1.71,,95.65,C,0,53,62.0,83.0,75.0
Male,21.0,Business,65.99,47.99,67.77,61.48,54.78,8.14,57.2,89.62,A,1,58,96.0,86.0,62.0
Male,22.0,CS,61.12,62.48,55.7,60.97,55.74,1.63,68.6,60.63,D,0,37,91.0,61.0,85.0
Male,19.0, engineering ,50.49,54.32,43.18,72.92,73.84,6.23,94.28,64.38,A,1,86,65.0,51.0,82.0
Male,22.0,Engineering,64.46,89.78,59.85,83.53,89.87,5.01,86.34,93.08,D,0,56,65.0,92.0,75.0
Female,23.0,CS,92.32,84.05,40.32,82.32,92.39,5.89,92.04,98.51,A,0,73,53.0,86.0,37.0
Female,18.0,Engineering,77.04,,88.12,87.09,77.7,1.79,75.41,85.25,A,0,86,59.0,82.0,95.0
Male,23.0,Computer Science,78.43,85.75,59.34,90.01,81.16,1.68,63.71,89.25,D,0,83,54.0,100.0,73.0
Female,23.0,Engineering,97.89,94.33,79.65,72.41,79.71,2.04,93.76,57.64,F,0,68,84.0,77.0,27.0
Female,20.0,CS,83.57,88.61,76.43,75.42,58.8,4.75,61.97,64.59,B,0,77,64.0,74.0,75.0
Male,21.0,Mathematics,64.38,97.38,59.01,85.98,76.98,8.43,56.89,77.1,A,0,63,76.0,55.0,80.0
Female,20.0,Business,94.88,79.87,62.13,93.75,79.06,3.81,70.82,77.32,C,1,94,77.0,51.0,75.0
Female,23.0,CS,68.58,64.14,44.1,50.52,74.09,5.72,94.23,78.66,B,0,67,100.0,85.0,64.0
Male,19.0,CS,85.16,73.38,80.38,52.1,51.87,1.32,84.66,50.76,B,0,59,91.0,99.0,45.0
Female,22.0,Business,66.93,72.52,87.54,61.57,58.02,9.18,59.24,91.62,A,1,92,96.0,74.0,80.0
Male,23.0,CS,90.85,52.96,89.93,78.7,60.79,9.9,79.81,86.42,A,1,48,93.0,80.0,86.0
Male,21.0,CS,83.77,80.06,96.01,73.16,89.28,1.78,95.93,82.72,B,0,47,100.0,55.0,74.0
Male,21.0,CS,94.57,62.08,78.7,60.25,80.49,7.33,93.37,94.22,A,1,83,56.0,68.0,47.0
Female,23.0,CS,69.77,60.43,82.73,53.32,61.45,0.52,89.15,71.91,A,1,74,76.0,95.0,91.0
Female,22.0,Business,57.53,55.29,57.48,51.37,87.53,5.73,75.55,81.11,B,0,65,100.0,68.0,79.0
Male,22.0, engineering ,68.84,88.2,70.26,84.23,74.9,0.67,68.04,76.62,B,1,53,48.0,45.0,80.0
Male,20.0,Engineering,91.81,80.81,54.18,51.19,62.17,9.86,,54.38,B,0,63,45.0,89.0,68.0
Male,19.0,Business,91.81,44.5,74.46,70.64,92.62,5.89,71.82,85.15,A,0,32,35.0,78.0,60.0
Male,19.0,CS,61.17,82.35,,52.12,98.98,0.5,97.03,87.98,A,1,59,94.0,95.0,62.0
Female,19.0,CS,97.39,54.79,53.27,90.59,93.62,9.8,90.13,62.8,B,0,64,81.0,42.0,64.0
Female,22.0,Engineering,,73.17,80.53,59.84,88.0,7.9,98.78,51.84,A,0,27,63.0,84.0,66.0
Female,19.0,CS,65.55,56.73,75.43,78.72,95.79,1.32,71.47,96.52,C,1,61,54.0,81.0,63.0
Male,19.0,Mathematics,66.17,50.18,60.31,87.59,83.53,7.41,68.77,79.57,A,0,63,86.0,75.0,62.0
Female,19.0,Engineering,90.23,47.42,52.13,64.98,84.18,2.38,73.62,89.76,A,1,100,82.0,65.0,46.0
Male,21.0,Math,51.93,81.16,57.46,86.37,93.68,4.41,54.02,74.9,B,0,69,69.0,68.0,66.0
Male,20.0,CS,87.25,56.85,53.93,88.56,81.34,0.94,99.64,68.36,A,0,27,73.0,100.0,63.0
Male,19.0,BUSINESS,84.35,92.89,69.15,82.29,68.61,4.62,87.4,85.03,D,1,78,81.0,45.0,72.0
Male,21.0,Business,86.78,83.43,60.4,65.04,77.74,3.44,97.82,84.1,C,0,54,80.0,81.0,78.0
Male,19.0,Engineering,75.24,59.37,70.01,95.85,52.96,7.8,60.24,87.81,F,1,39,100.0,97.0,78.0
Female,23.0,Mathematics,90.62,97.04,,53.4,55.08,7.22,52.97,76.85,F,1,81,56.0,99.0,69.0
Female,21.0,CS,86.56,58.49,91.31,75.03,89.38,6.68,76.13,97.89,D,0,65,90.0,67.0,80.0
Male,18.0,CS,85.06,91.73,79.17,69.03,71.94,8.96,86.19,81.72,D,1,80,59.0,79.0,78.0
Male,23.0,Computer Science,53.83,98.64,76.11,88.64,61.26,,94.56,54.46,D,1,47,98.0,39.0,59.0
Female,21.0,Mathematics,80.23,48.94,41.29,73.18,52.07,0.16,98.97,52.91,C,0,86,66.0,96.0,71.0
Male,19.0,Engineering,62.37,46.53,70.08,62.31,61.98,2.75,94.8,57.98,D,0,47,49.0,71.0,53.0
Female,18.0,CS,81.79,76.62,40.29,61.67,52.58,7.95,74.26,55.49,F,1,51,69.0,74.0,41.0
Female,21.0,Engineering,58.03,97.59,84.34,74.77,52.64,9.71,69.35,61.25,C,0,64,85.0,70.0,75.0
Female,22.0,Mathematics,89.3,86.35,81.26,62.17,87.0,8.19,60.43,96.09,B,0,76,50.0,96.0,76.0
Male,22.0,CS,52.86,61.72,46.15,75.77,78.22,1.36,93.16,79.85,F,0,50,50.0,68.0,97.0
Male,22.0,Engineering,57.76,75.6,78.93,70.36,92.47,5.01,84.58,55.61,B,0,71,45.0,81.0,63.0
Male,22.0,Engineering,79.69,87.98,67.53,,95.12,7.54,93.21,58.93,F,0,60,38.0,84.0,87.0
Male,20.0,Business,52.74,,71.09,84.37,59.63,8.25,86.42,74.25,B,1,83,41.0,79.0,68.0
Male,22.0,CS,63.77,62.76,48.47,96.82,60.38,1.73,89.85,93.99,A,0,85,34.0,76.0,75.0
Male,18.0,Engineering,90.08,73.87,47.25,63.01,71.11,4.34,69.63,79.94,A,0,30,58.0,70.0,47.0
Male,22.0,Engineering,75.51,63.3,75.4,94.15,85.39,8.79,64.03,52.44,A,1,85,70.0,79.0,89.0
Male,18.0,Engineering,88.24,43.33,66.74,91.02,75.98,7.34,89.42,85.86,C,0,61,92.0,69.0,83.0
Female,20.0,Business,75.59,83.5,53.99,96.92,89.03,3.6,70.93,82.12,D,1,91,94.0,67.0,53.0
Male,23.0,Business,83.16,61.16,92.71,72.72,94.62,6.55,51.69,94.14,C,0,66,69.0,62.0,78.0
Male,22.0,Engineering,85.89,94.52,89.05,52.35,53.15,8.77,55.12,80.25,C,0,85,96.0,63.0,71.0
Female,22.0,CS,50.06,94.36,96.48,94.97,76.89,5.79,58.81,74.16,C,0,58,34.0,76.0,77.0
Male,19.0,CS,92.68,92.25,57.57,60.51,78.7,3.22,68.63,57.22,B,0,27,95.0,69.0,79.0
Male,19.0,Business,90.2,66.67,82.23,94.91,87.07,1.89,91.73,88.83,A,0,59,63.0,76.0,71.0
Male,20.0,Business,55.85,52.41,79.29,89.96,54.94,8.64,89.51,74.86,B,1,51,47.0,100.0,54.0
Male,23.0,Business,65.68,47.82,45.95,70.71,75.41,7.74,75.31,52.38,F,1,58,23.0,97.0,73.0
Male,20.0,Business,69.59,91.61,91.17,86.69,82.53,7.09,66.75,91.84,D,0,51,89.0,73.0,39.0
Female,21.0,Business,61.51,44.99,63.7,87.65,99.31,9.2,54.16,88.7,A,1,72,84.0,88.0,82.0
Male,22.0,CS,80.42,63.62,,89.12,91.08,3.04,85.17,87.01,F,0,27,73.0,71.0,81.0
Male,19.0,CS,76.03,78.01,86.32,77.74,81.98,1.26,66.06,58.03,A,0,78,62.0,100.0,62.0
Male,21.0,Engineering,70.45,76.73,92.96,89.88,75.05,5.17,53.66,61.26,C,0,91,70.0,83.0,82.0
Female,20.0,Engineering,66.04,40.19,49.98,87.79,59.66,0.35,54.58,72.39,D,0,67,25.0,93.0,58.0
Female,23.0,Mathematics,98.82,46.24,,70.64,83.5,0.14,66.74,74.76,D,0,43,83.0,79.0,50.0
Male,18.0,Engineering,97.56,74.22,79.53,61.15,94.94,3.71,98.65,52.95,F,0,92,83.0,74.0,86.0
Female,23.0,Business,96.6,94.94,42.97,67.21,85.04,3.82,81.85,69.26,D,0,65,58.0,44.0,79.0
Male,18.0,Mathematics,77.9,54.08,97.86,81.38,77.44,5.16,80.32,59.55,F,1,83,77.0,80.0,50.0
Male,20.0,Engineering,52.84,89.77,59.65,83.15,82.51,0.44,85.53,66.56,B,0,59,99.0,72.0,92.0
Male,21.0,Engineering,76.25,90.86,75.69,56.95,80.46,1.05,53.18,80.86,D,0,100,75.0,69.0,49.0
Male,18.0,CS,97.89,55.54,48.69,81.16,71.23,2.71,89.22,90.77,C,1,76,58.0,59.0,39.0
Female,19.0,Mathematics,98.76,54.33,94.86,52.19,77.37,8.47,72.43,89.54,F,0,30,40.0,72.0,65.0
Male,19.0,Engineering,58.13,97.3,40.28,83.89,,7.61,73.87,85.13,F,0,70,74.0,99.0,52.0
Female,20.0,Engineering,,,67.42,65.77,76.29,9.06,87.3,97.25,A,0,61,79.0,92.0,56.0
Male,19.0,Engineering,,55.87,85.86,98.5,97.66,6.64,66.95,64.43,C,0,65,89.0,90.0,61.0
Male,19.0,Engineering,88.38,52.64,89.58,55.44,80.14,8.32,60.76,81.17,F,0,84,58.0,86.0,60.0
Female,21.0,Engineering,90.0,76.82,69.11,75.51,70.12,3.81,76.72,59.21,B,1,96,50.0,68.0,73.0
Male,20.0,CS,84.21,45.15,75.51,76.98,87.29,7.04,97.99,73.61,C,0,58,61.0,80.0,79.0
Female,21.0,Business,93.85,88.65,62.29,86.27,97.43,7.23,84.81,66.38,A,1,92,63.0,57.0,64.0
Male,20.0,CS,97.42,98.28,53.13,52.56,52.2,0.11,95.38,82.02,D,0,57,56.0,97.0,99.0
Male,20.0,CS,98.78,50.42,94.08,86.49,74.43,0.89,95.8,73.74,A,0,83,96.0,95.0,23.0
Male,19.0,CS,79.74,77.69,55.68,94.88,62.49,0.56,73.52,87.97,A,1,65,72.0,85.0,40.0
Male,21.0,CS,68.13,76.41,96.95,58.31,72.04,2.3,69.13,94.82,F,0,69,59.0,53.0,77.0
Female,22.0,CS,74.47,69.58,60.25,89.85,76.29,6.71,62.66,68.24,A,0,100,79.0,95.0,71.0
Female,20.0,Business,86.56,63.84,70.75,51.35,59.3,8.1,,54.44,A,1,27,90.0,87.0,100.0
Male,20.0,CS,74.18,70.77,40.73,88.64,82.85,7.9,75.71,83.24,F,0,38,62.0,55.0,76.0
Male,22.0,Engineering,89.22,63.69,47.06,90.39,53.0,0.11,94.9,83.62,A,0,45,86.0,68.0,57.0
Male,23.0,CS,70.72,58.26,51.95,77.2,93.34,1.93,95.98,84.37,A,0,80,66.0,75.0,73.0
Male,23.0,CS,92.5,62.08,64.38,66.2,96.64,9.1,56.85,70.05,B,1,45,41.0,83.0,35.0
Female,19.0,Business,65.01,73.23,62.91,63.53,69.36,2.74,91.28,55.28,A,1,76,44.0,64.0,61.0
Female,23.0,Engineering,83.89,89.24,79.1,91.04,90.49,3.85,61.12,69.68,A,1,45,51.0,75.0,48.0
Male,18.0,Engineering,64.48,77.51,47.78,79.2,65.8,7.13,51.26,91.21,A,0,77,67.0,53.0,72.0
Male,20.0,Engineering,89.62,77.36,62.69,93.24,63.84,9.31,94.16,93.2,C,0,93,67.0,81.0,97.0
Male,18.0,Business,63.16,73.78,46.78,61.46,55.56,1.79,92.23,75.77,C,0,58,29.0,64.0,65.0
Male,20.0,Engineering,96.67,74.92,70.12,77.32,60.29,4.01,78.08,72.74,B,0,78,45.0,97.0,80.0
Male,23.0,Engineering,88.26,48.7,88.43,92.18,80.91,4.67,56.45,68.82,C,0,48,100.0,77.0,52.0
Male,22.0,Engineering,72.81,51.58,42.88,82.04,61.21,9.13,51.38,64.86,B,0,51,42.0,100.0,88.0
Male,19.0,Engineering,53.5,65.96,,50.6,97.45,6.44,58.78,89.76,C,1,27,75.0,76.0,81.0
Female,18.0,Engineering,67.09,42.32,66.85,71.96,85.55,8.12,57.17,54.02,C,0,42,91.0,92.0,50.0
Female,20.0,Engineering,52.62,87.51,40.26,74.72,74.6,3.21,88.4,88.78,B,1,52,33.0,71.0,91.0
Male,22.0,Engineering,50.27,85.38,74.07,72.24,93.3,3.6,88.74,83.53,B,1,76,32.0,68.0,63.0
Male,18.0,Engineering,58.34,40.93,71.16,73.76,74.36,2.98,82.12,82.68,D,0,47,63.0,100.0,71.0
Male,21.0,Computer Science,54.78,52.45,56.13,63.07,59.21,1.09,79.34,71.72,B,1,61,83.0,80.0,70.0
Male,23.0,CS,59.0,59.38,98.77,96.21,63.27,2.24,94.73,64.95,F,1,66,61.0,100.0,60.0
Female,23.0,Business,94.41,87.92,94.8,86.94,50.44,3.56,87.48,50.63,C,1,46,97.0,98.0,84.0
Male,20.0,Business,91.66,,72.47,97.55,81.27,2.96,64.71,61.95,C,0,80,92.0,88.0,77.0
Male,23.0,CS,93.15,77.27,77.91,94.54,76.07,3.62,53.3,54.58,B,1,58,79.0,95.0,62.0
Female,21.0,Mathematics,66.4,84.83,74.68,52.83,53.72,8.97,80.01,81.73,B,0,60,56.0,93.0,42.0
Female,18.0,CS,53.38,41.6,63.14,88.36,99.22,8.44,85.53,66.25,D,1,78,97.0,47.0,56.0
Male,22.0,Business,53.6,41.31,95.57,65.33,52.54,0.27,81.46,81.36,C,0,54,32.0,34.0,32.0
Male,22.0,Engineering,53.36,88.51,57.46,87.52,95.34,3.8,91.22,96.44,F,0,73,90.0,93.0,66.0
Female,20.0,Business,62.88,90.59,85.41,83.75,77.17,3.37,68.21,68.46,F,0,67,48.0,91.0,86.0
Male,22.0,Mathematics,81.97,77.04,52.98,61.84,89.0,3.83,85.6,67.52,F,0,40,75.0,63.0,99.0
Female,23.0,CS,69.79,82.62,98.16,93.49,60.71,1.56,51.12,76.35,D,0,77,96.0,67.0,100.0
Male,19.0,Business,74.29,45.85,70.91,64.88,86.79,3.54,91.93,65.76,A,1,27,92.0,60.0,80.0
Male,18.0,Business,75.73,63.76,73.23,98.38,50.36,4.39,99.78,98.63,C,1,44,98.0,80.0,54.0
Female,23.0,Mathematics,88.7,41.45,88.29,67.01,66.55,0.52,,68.77,C,0,69,71.0,69.0,70.0
Female,22.0,Business,93.51,87.76,99.96,51.09,93.57,3.05,72.56,84.55,A,0,27,94.0,51.0,76.0
Male,22.0,CS,83.75,54.17,40.06,95.76,80.25,8.19,60.88,98.86,C,0,79,42.0,82.0,46.0
Female,18.0,Business,73.69,93.64,63.93,50.06,87.27,9.31,,64.61,D,1,53,37.0,73.0,38.0
Female,21.0,Computer Science,52.44,70.64,74.44,61.52,99.1,0.3,95.98,84.05,D,0,79,100.0,100.0,99.0
Male,21.0,Engineering,96.54,96.3,73.52,66.09,92.71,2.57,61.11,54.46,D,0,100,68.0,76.0,38.0
Female,23.0,Engineering,72.98,50.77,91.81,99.65,54.89,9.04,72.89,78.56,D,0,64,69.0,65.0,64.0
Male,20.0,Mathematics,,69.6,71.39,95.21,76.33,6.23,74.17,75.52,D,1,51,99.0,61.0,51.0
Male,20.0,Engineering,71.45,71.16,54.11,87.79,89.21,2.45,90.12,90.17,D,0,46,51.0,55.0,66.0
Male,22.0,Business,88.77,94.38,69.11,62.69,83.49,9.43,52.16,67.3,C,1,65,48.0,45.0,57.0
Male,20.0,CS,59.74,81.84,91.11,90.69,57.4,5.73,54.59,51.74,C,0,90,45.0,100.0,81.0
Male,22.0,Engineering,82.39,82.4,75.84,71.55,64.64,6.57,61.92,64.68,D,0,63,54.0,89.0,39.0
Female,20.0,Engineering,57.93,74.69,98.12,93.34,,0.5,96.86,56.14,A,0,100,56.0,37.0,69.0
Male,19.0,CS,,51.98,90.59,62.46,99.81,,77.05,95.29,F,0,47,77.0,100.0,69.0
Female,21.0,Mathematics,62.99,59.47,78.82,76.29,51.95,1.05,72.88,69.95,F,0,100,86.0,100.0,64.0
Female,20.0,Engineering,73.24,93.98,80.77,67.82,57.45,9.13,54.74,99.88,A,0,60,53.0,88.0,52.0
Female,22.0,Computer Science,98.81,55.34,82.03,80.61,76.17,1.76,56.82,99.4,B,0,86,35.0,70.0,34.0
Female,20.0,CS,92.53,43.77,91.19,96.38,62.01,2.27,60.92,89.14,A,1,67,62.0,70.0,65.0
Male,22.0,CS,74.31,79.87,64.36,66.5,92.45,7.9,91.4,53.03,A,1,82,50.0,74.0,60.0
Female,18.0,CS,93.04,49.8,61.59,85.96,96.16,0.24,96.4,76.54,D,0,69,61.0,65.0,50.0
Female,19.0,Business,83.75,68.25,52.48,,75.08,9.23,81.53,97.32,C,0,65,61.0,65.0,55.0
Female,23.0,Business,87.07,79.52,41.64,52.39,63.28,1.35,82.68,71.26,D,1,83,51.0,65.0,68.0
Female,21.0,CS,88.58,44.39,47.47,68.47,82.74,6.75,53.03,62.62,D,1,57,55.0,87.0,32.0
Male,23.0,CS,78.85,43.4,84.19,55.59,95.96,9.93,84.41,88.85,B,0,32,38.0,100.0,60.0
Male,18.0,CS,73.23,60.52,89.98,53.5,86.47,5.3,92.89,50.31,C,0,28,75.0,85.0,81.0
Male,19.0,CS,,74.0,78.53,99.57,57.19,8.97,90.56,84.61,D,0,27,40.0,80.0,49.0
Male,23.0,CS,58.92,76.16,92.16,86.18,78.31,7.77,58.95,76.52,B,1,70,51.0,88.0,71.0
Male,21.0,CS,92.29,96.31,83.4,58.06,,5.15,68.54,53.89,D,0,47,80.0,89.0,79.0
Female,18.0,Engineering,97.1,94.11,55.93,56.98,76.48,6.61,94.02,65.78,A,1,68,63.0,64.0,60.0
Male,18.0,CS,51.15,98.49,,68.48,92.38,0.94,82.84,65.63,D,1,40,88.0,96.0,89.0
Male,23.0,Business,,70.21,52.39,95.13,67.81,7.99,99.09,96.79,A,0,56,88.0,69.0,61.0
Male,19.0,CS,93.84,86.27,76.6,61.57,55.06,3.66,67.42,58.13,D,0,76,66.0,68.0,35.0
Female,18.0,CS,98.34,93.57,53.01,91.18,75.57,7.52,77.16,60.29,F,0,78,76.0,93.0,67.0
Male,18.0,CS,67.62,79.31,92.45,81.21,69.56,8.37,97.15,80.02,D,1,67,100.0,45.0,72.0
Male,21.0,Computer Science,54.59,80.22,79.68,,61.79,8.56,77.39,55.93,B,0,72,57.0,80.0,86.0
Male,19.0,CS,62.07,72.21,96.46,67.3,70.58,6.42,72.32,87.38,D,0,51,95.0,96.0,82.0
Female,20.0,Computer Science,66.95,98.02,94.52,50.48,96.21,5.58,50.76,84.23,A,1,69,100.0,76.0,71.0
Female,19.0,Business,98.28,92.29,85.64,71.05,82.72,8.4,82.37,52.71,F,0,27,62.0,85.0,80.0
Male,18.0,Engineering,87.01,96.07,52.95,60.26,94.5,0.73,78.75,54.66,B,0,62,100.0,69.0,81.0
Male,22.0,Business,77.45,46.23,58.86,82.35,59.9,3.88,59.7,91.26,B,1,89,100.0,80.0,77.0
Male,,CS,52.27,52.77,48.39,94.85,74.37,1.48,93.26,51.1,A,1,75,82.0,86.0,66.0
Male,23.0,Math,90.54,87.26,,92.42,88.2,9.85,90.23,61.41,F,0,72,47.0,65.0,75.0
Female,19.0,CS,55.46,46.36,68.68,76.14,93.56,2.67,73.12,96.8,D,1,79,78.0,41.0,74.0
Male,21.0,CS,62.01,88.67,92.27,95.81,93.03,1.22,95.51,68.29,C,0,48,77.0,87.0,59.0
Female,20.0,Mathematics,74.92,84.27,82.5,84.09,78.2,5.27,52.55,81.98,B,0,66,53.0,87.0,40.0
Male,22.0,Business,90.99,79.87,72.19,97.97,92.52,,91.17,63.28,B,0,57,71.0,77.0,76.0
Male,22.0,CS,79.43,,97.32,51.98,89.19,1.33,86.62,74.55,F,0,93,71.0,65.0,67.0
Female,22.0,Engineering,69.34,86.13,70.62,96.34,73.79,2.43,79.78,78.19,B,1,70,67.0,69.0,69.0
Male,23.0,BUSINESS,68.31,59.09,97.38,64.06,99.26,8.26,59.35,58.07,D,1,65,33.0,69.0,49.0
Male,23.0,BUSINESS,84.27,94.02,54.99,61.47,53.0,4.63,88.2,67.52,D,1,55,82.0,65.0,66.0
Female,23.0,CS,60.81,96.93,87.79,98.23,93.94,7.36,69.12,65.34,A,1,82,75.0,46.0,63.0
Male,20.0,BUSINESS,51.81,63.56,60.22,92.15,62.94,5.05,98.48,96.45,C,1,61,77.0,54.0,65.0
Male,18.0,CS,73.74,41.16,69.92,84.28,56.08,0.45,80.62,85.53,B,1,72,80.0,99.0,71.0
Male,18.0,CS,63.49,70.29,46.18,77.11,98.47,2.37,84.15,91.49,D,1,55,56.0,100.0,88.0
Male,,Engineering,96.18,78.9,63.86,76.93,59.47,6.06,96.99,54.26,A,1,31,61.0,86.0,83.0
Female,19.0, engineering ,75.61,45.65,88.28,86.2,60.88,0.96,75.56,59.87,F,1,65,79.0,65.0,86.0
Male,19.0,Business,77.99,81.32,53.78,54.82,80.86,1.76,96.35,60.72,D,0,65,79.0,60.0,74.0
Male,20.0,Engineering,81.67,44.9,79.69,85.97,61.82,8.41,72.85,66.59,A,0,65,43.0,100.0,54.0
Male,18.0,Business,75.63,56.35,99.42,64.36,71.0,1.71,96.39,62.16,B,1,80,41.0,71.0,84.0
Female,22.0,Business,89.29,51.45,57.62,64.57,86.1,4.3,71.59,60.6,A,0,59,65.0,77.0,58.0
Male,21.0,Engineering,99.68,45.06,41.88,88.28,91.82,7.8,56.11,80.3,C,1,45,50.0,94.0,82.0
Female,23.0,CS,99.47,63.06,67.88,70.49,52.29,1.26,91.53,60.37,A,0,42,68.0,85.0,76.0
Male,21.0,Mathematics,91.22,78.04,92.3,75.52,78.03,7.71,64.26,96.22,C,1,79,83.0,81.0,34.0
Male,21.0,CS,69.18,99.83,51.76,98.24,54.49,2.79,84.33,92.89,C,0,27,74.0,64.0,86.0
Female,21.0,CS,96.45,92.16,45.37,56.96,87.79,8.03,80.72,76.02,A,0,65,65.0,78.0,60.0
Female,23.0,Engineering,80.84,51.63,62.47,91.83,54.44,8.33,75.35,71.7,F,0,53,73.0,100.0,43.0
Male,22.0,Business,87.45,82.48,71.15,82.78,60.14,2.9,,87.26,B,0,76,59.0,85.0,50.0
Female,23.0,Business,89.48,89.7,81.48,64.33,73.71,3.64,78.95,82.56,C,0,72,72.0,89.0,49.0
Female,20.0,CS,98.36,96.0,,69.72,61.32,3.37,86.79,71.16,A,1,61,59.0,86.0,74.0
Male,,CS,97.39,82.27,49.19,93.29,78.73,8.1,79.68,87.38,A,1,73,87.0,73.0,80.0
Male,18.0,Engineering,82.14,90.97,92.25,53.15,71.46,0.06,95.78,76.68,C,0,100,57.0,58.0,26.0
Male,19.0,CS,70.09,51.34,78.9,69.57,,7.49,90.85,80.98,A,1,78,61.0,86.0,89.0
Male,23.0,CS,79.21,66.79,56.75,96.32,50.48,9.0,75.26,80.44,D,1,55,80.0,56.0,88.0
Male,19.0,Engineering,91.84,85.66,75.07,80.53,79.61,1.67,81.45,57.73,A,1,100,100.0,52.0,74.0
Female,21.0,Business,,68.24,69.53,65.55,63.53,9.99,88.06,73.62,D,1,93,68.0,53.0,82.0
Male,20.0,Engineering,60.66,75.45,61.9,54.09,95.72,4.06,98.64,62.4,D,1,63,93.0,70.0,61.0
Female,18.0,CS,63.84,91.04,84.35,90.19,90.4,7.91,67.22,59.65,D,1,48,92.0,71.0,68.0
Female,21.0,CS,58.32,90.77,94.53,94.32,76.6,5.53,55.42,66.48,B,0,70,77.0,67.0,60.0
Female,22.0,Engineering,80.13,49.68,93.47,88.85,93.49,3.74,51.18,92.8,A,1,57,54.0,64.0,46.0
Male,19.0,Business,97.65,58.74,96.99,93.24,63.98,1.49,78.31,82.91,B,0,75,49.0,59.0,88.0
Male,18.0,Business,50.82,57.55,58.28,92.2,52.1,2.89,91.36,66.28,A,0,86,38.0,55.0,65.0
Female,22.0,Engineering,51.48,56.39,40.15,99.95,75.23,2.25,88.74,80.91,A,0,100,78.0,90.0,61.0
Female,23.0,CS,52.93,74.74,86.91,82.87,86.1,0.51,92.91,79.37,A,0,49,100.0,86.0,75.0
Male,22.0,CS,51.77,96.12,75.55,71.08,80.35,9.53,56.86,58.39,D,0,69,72.0,83.0,71.0
Female,20.0,Business,86.52,87.24,40.42,67.93,80.53,3.45,78.23,65.25,C,0,48,71.0,75.0,85.0
Male,18.0,CS,51.05,99.82,74.65,77.22,59.99,1.21,90.32,80.32,F,1,28,77.0,77.0,87.0
Female,19.0,Engineering,59.07,83.7,95.6,71.41,75.49,8.12,56.3,74.6,D,1,74,56.0,100.0,98.0
Female,20.0,Computer Science,74.76,75.36,91.37,72.69,67.81,7.2,88.5,54.84,A,1,49,95.0,94.0,89.0
Male,19.0,CS,79.3,44.22,98.28,63.71,58.31,8.16,73.99,86.88,F,0,45,74.0,74.0,91.0
Female,,CS,82.32,82.31,72.57,72.62,76.01,7.49,84.59,84.75,A,1,54,94.0,100.0,73.0
Male,21.0,CS,53.31,77.9,61.95,88.94,67.45,1.76,89.12,90.35,A,0,92,65.0,69.0,77.0
Female,20.0,Business,90.2,67.57,89.92,64.81,83.03,3.58,,77.43,A,0,41,100.0,59.0,77.0
Male,18.0,Computer Science,65.28,86.72,48.24,53.91,63.57,3.3,98.72,55.71,B,1,93,80.0,69.0,60.0
Female,23.0,Computer Science,50.87,59.33,92.65,67.26,69.71,4.67,63.48,63.71,A,0,73,68.0,100.0,52.0
Male,21.0,CS,98.26,89.14,99.13,68.26,72.97,2.78,65.39,54.27,A,1,67,66.0,78.0,37.0
Female,20.0,CS,67.42,96.21,93.11,79.88,51.27,4.94,76.09,64.61,C,0,71,69.0,77.0,93.0
Female,19.0,CS,91.26,44.17,99.28,65.45,90.73,8.5,80.68,67.79,F,1,92,46.0,63.0,97.0
Male,20.0,Business,57.27,87.63,99.1,83.08,65.07,9.23,58.34,79.34,C,0,59,66.0,86.0,80.0
Female,19.0,Business,99.15,90.55,72.12,73.17,77.33,0.97,97.32,76.32,A,1,89,85.0,56.0,73.0
Female,23.0,Engineering,71.18,46.69,64.21,70.77,76.67,9.01,66.15,57.97,C,0,86,77.0,81.0,67.0
Male,20.0,Business,95.39,80.81,96.71,89.51,54.1,0.35,88.7,81.96,C,0,35,81.0,74.0,41.0
Male,20.0,Engineering,78.92,78.72,,51.21,84.14,8.4,61.54,80.08,A,0,71,71.0,90.0,77.0
Female,19.0,Engineering,99.08,65.44,65.08,89.53,90.14,1.67,58.8,78.12,A,1,47,98.0,77.0,68.0
Male,21.0,Business,56.29,54.14,82.14,66.32,77.95,1.31,72.16,58.33,D,0,88,84.0,66.0,71.0
Female,21.0,Business,92.04,43.99,95.55,90.36,69.0,9.49,68.03,93.79,A,1,27,100.0,58.0,89.0
Female,19.0,Business,86.22,41.12,67.03,94.63,63.61,3.35,75.2,97.57,A,0,61,62.0,82.0,68.0
Male,19.0,Engineering,71.78,77.81,41.14,78.17,81.78,6.63,83.66,98.85,A,0,60,47.0,80.0,57.0
Female,21.0,Business,52.97,92.12,99.04,60.98,84.17,3.72,99.23,90.01,A,0,52,82.0,57.0,69.0
Female,19.0,CS,81.92,90.3,87.75,96.23,58.27,0.82,93.98,71.96,A,0,51,86.0,72.0,55.0
Male,19.0,Mathematics,70.91,40.91,82.39,65.82,66.24,9.01,83.32,95.99,B,0,70,53.0,80.0,59.0
Male,20.0,Mathematics,69.64,41.42,43.81,62.18,67.31,9.34,52.45,78.61,D,1,63,72.0,85.0,87.0
Female,22.0,Engineering,66.41,53.42,79.46,85.51,92.23,1.65,76.44,56.98,A,0,71,59.0,80.0,69.0
Female,22.0,CS,58.52,93.83,55.85,53.84,93.22,3.15,59.82,79.67,F,0,32,63.0,78.0,77.0
Male,21.0,CS,54.78,76.83,58.61,99.79,76.34,4.9,90.04,63.84,B,0,65,48.0,54.0,60.0
Female,19.0,Engineering,74.49,51.96,96.17,87.85,89.38,6.72,72.51,60.88,C,0,59,56.0,68.0,77.0
Male,,Engineering,85.77,45.76,50.76,62.58,71.24,8.58,79.05,80.31,D,0,59,62.0,91.0,77.0
Male,20.0,Engineering,74.03,93.83,77.01,85.89,70.57,8.44,54.59,53.18,A,1,86,24.0,94.0,54.0
Male,23.0,CS,84.81,68.64,59.61,63.65,72.76,0.51,68.12,64.94,F,1,63,80.0,80.0,61.0
Male,21.0,Engineering,88.52,67.76,66.09,65.97,59.91,4.7,83.2,94.56,B,1,83,81.0,79.0,48.0
Female,18.0,Engineering,75.38,58.26,,87.33,53.27,1.45,59.34,96.98,A,0,70,79.0,87.0,96.0
Male,20.0,Business,99.34,74.12,90.16,,60.33,8.72,76.41,68.08,C,0,27,79.0,67.0,78.0
Female,19.0,CS,71.47,61.93,78.3,58.81,92.47,8.88,50.5,86.96,B,1,51,54.0,47.0,44.0
Female,18.0,Engineering,70.82,61.66,90.88,83.76,56.12,4.92,81.1,82.85,D,1,65,71.0,71.0,55.0
Male,20.0,Business,50.95,57.43,66.94,90.45,62.81,9.86,85.98,64.68,A,0,27,100.0,63.0,100.0
Male,20.0,Mathematics,82.94,44.87,52.83,73.28,70.32,8.01,62.77,80.83,A,0,80,60.0,82.0,58.0
Female,22.0,CS,60.31,74.25,90.17,76.79,60.13,6.25,79.48,51.49,B,0,33,45.0,97.0,61.0
Female,21.0,CS,66.03,73.39,99.3,66.64,86.62,5.24,81.96,60.11,C,0,77,81.0,75.0,55.0
Male,21.0,CS,80.21,54.76,53.91,71.48,76.12,2.25,84.95,85.67,B,1,60,80.0,100.0,87.0
Female,20.0,CS,79.4,93.3,53.52,55.69,52.21,8.47,69.65,80.27,B,0,44,90.0,98.0,59.0
Male,21.0,Business,71.42,79.83,59.73,85.12,99.04,8.22,62.04,93.14,D,1,44,42.0,45.0,75.0
Female,18.0,Business,68.73,96.03,96.12,87.68,58.4,6.48,75.72,74.43,A,1,44,72.0,64.0,63.0
Male,21.0,Business,60.16,86.1,75.66,97.9,68.25,8.61,79.5,99.45,A,0,76,67.0,89.0,81.0
Female,21.0,Computer Science,98.84,86.78,,76.28,67.11,6.24,63.02,56.49,B,0,70,51.0,71.0,67.0
 FEMALE ,22.0,Mathematics,73.77,79.27,90.3,77.19,59.3,9.6,64.01,51.05,A,0,32,53.0,100.0,65.0
Female,22.0,Mathematics,65.13,69.0,75.63,73.59,87.55,8.75,96.58,94.29,F,0,71,28.0,88.0,58.0
Male,20.0,Business,55.8,95.63,56.82,56.54,72.35,3.75,69.14,87.87,A,0,79,44.0,79.0,71.0
Male,20.0,CS,80.33,57.46,62.51,88.55,78.49,9.37,,78.9,D,0,44,57.0,100.0,60.0
Male,18.0,CS,89.14,73.33,83.27,94.72,68.51,0.63,50.9,96.47,A,0,85,71.0,84.0,50.0
Female,20.0,CS,97.34,53.29,81.16,86.68,57.55,1.63,70.45,78.0,F,1,34,39.0,86.0,59.0
Male,18.0,Business,70.19,79.2,42.33,81.11,78.84,5.19,84.91,76.74,B,0,28,55.0,87.0,98.0
Female,19.0,CS,78.88,88.93,50.11,54.51,97.17,8.76,78.19,79.93,C,0,69,95.0,68.0,100.0
Male,21.0,CS,98.19,50.96,50.21,91.05,87.44,6.83,85.85,51.96,B,0,66,32.0,70.0,84.0
Female,20.0,Business,61.38,54.6,77.83,59.43,83.35,3.32,54.98,55.26,A,0,71,60.0,79.0,100.0
Male,18.0,Mathematics,99.32,60.65,52.63,63.68,60.39,9.74,52.73,96.81,A,1,82,18.23,79.0,50.0
Female,21.0,Engineering,97.03,66.02,97.91,88.48,95.66,9.13,79.94,50.32,C,0,45,92.0,17.9,25.0
Male,20.0,CS,67.89,45.11,88.39,58.63,94.22,6.69,51.7,76.74,B,0,74,68.0,76.0,28.09
Female,22.0,Engineering,74.61,86.4,51.36,93.84,88.13,8.48,94.36,78.55,D,1,58,50.0,75.0,88.0
Male,22.0,Engineering,68.51,50.59,78.85,76.02,78.88,9.42,55.0,60.63,A,0,75,58.0,63.0,78.0
Male,22.0,Business,72.91,93.5,81.61,96.36,78.1,6.68,98.09,85.27,C,0,44,82.0,73.0,67.0
Female,21.0,Business,64.24,47.85,76.85,79.9,73.45,2.72,98.16,64.59,D,1,57,83.0,69.0,82.0
Female,20.0,BUSINESS,52.7,90.96,80.41,63.19,88.09,0.1,60.99,51.9,C,1,68,55.0,66.0,84.0
Female,18.0,CS,57.8,84.98,66.76,56.1,72.57,8.42,71.1,78.55,A,0,72,91.0,77.0,82.0
Female,22.0,Engineering,70.27,45.56,79.23,81.96,58.49,1.52,78.41,66.92,D,1,83,100.0,71.0,73.0
Female,19.0,Engineering,87.62,,,61.17,84.06,5.87,96.43,79.86,A,1,68,71.0,58.0,62.0
Female,22.0,CS,97.01,87.41,76.77,67.64,64.56,2.87,58.39,66.75,D,0,71,53.0,45.0,58.0
Male,19.0,Engineering,94.68,43.63,84.72,67.62,93.68,,97.98,57.77,D,0,85,92.0,88.0,83.0
Female,23.0,Engineering,56.24,78.91,91.36,67.14,73.15,6.47,79.22,83.59,A,1,83,41.0,100.0,56.0
Female,21.0,Business,56.32,76.78,95.03,96.53,52.81,5.81,98.29,97.04,A,0,99,86.0,89.0,84.0
Male,19.0, engineering ,92.99,97.52,76.57,94.56,64.06,8.85,,72.75,C,0,40,63.0,82.0,65.0
Male,23.0,Engineering,90.09,51.56,46.02,96.76,86.78,9.83,72.34,82.5,B,0,46,54.0,74.0,47.0
Male,22.0,Mathematics,91.34,63.69,62.14,71.35,57.87,5.84,70.99,92.43,B,0,62,56.0,59.0,43.0
Female,21.0,CS,99.28,97.27,83.42,61.17,66.5,1.49,54.35,94.85,D,0,81,66.0,92.0,41.0
Male,22.0,Math,84.64,84.27,60.73,78.34,73.67,4.07,84.65,64.86,B,0,36,70.0,100.0,63.0
Male,19.0,Mathematics,98.89,61.7,50.68,52.83,69.61,6.49,90.37,89.64,A,0,29,70.0,92.0,94.0
 FEMALE ,22.0,Engineering,51.99,86.61,52.97,63.22,78.71,1.16,89.27,72.55,A,0,45,71.0,55.0,59.0
Female,22.0,Computer Science,74.69,64.8,93.46,71.43,50.87,4.65,94.93,50.75,B,1,56,58.0,85.0,86.0
 FEMALE ,18.0,Mathematics,54.64,71.79,67.28,97.15,75.14,1.0,88.24,86.55,C,1,71,52.0,82.0,73.0
Female,19.0,Engineering,94.98,76.66,55.05,70.25,65.71,7.83,56.53,72.28,C,0,60,80.0,73.0,61.0
Male,18.0,Engineering,69.67,63.23,98.78,91.29,60.05,8.33,74.0,69.82,A,0,76,55.0,59.0,59.0
Male,21.0,Computer Science,50.63,53.05,47.86,75.77,63.63,0.05,93.7,54.75,D,0,68,82.0,55.0,53.0
Male,22.0,Business,97.45,42.81,66.23,71.18,80.53,2.08,61.66,72.47,C,0,42,93.0,76.0,68.0
Female,20.0,Engineering,68.37,58.6,87.0,67.9,91.87,0.32,76.49,54.9,F,0,63,50.0,41.0,65.0
Female,21.0,CS,52.11,51.49,55.14,54.29,76.35,7.04,90.67,83.76,B,1,84,74.0,74.0,75.0
Female,19.0,Engineering,62.33,,88.51,81.59,75.15,6.72,92.91,85.7,A,1,59,86.0,92.0,59.0
Male,23.0,Engineering,99.82,93.97,62.79,94.0,78.46,6.76,80.85,74.73,A,1,64,82.0,57.0,48.0
Female,21.0,CS,72.79,70.95,44.18,58.61,71.45,,93.2,75.0,B,0,60,79.0,71.0,84.0
Female,20.0,Engineering,67.72,56.24,,98.45,95.6,6.82,57.48,66.35,D,1,34,85.0,85.0,69.0
Male,23.0,Engineering,97.0,63.96,75.59,68.41,76.19,8.01,54.51,69.82,D,0,74,41.0,80.0,89.0
Female,19.0,Business,63.55,41.71,43.69,50.12,56.02,2.69,81.75,86.42,C,0,69,49.0,50.0,82.0
Female,21.0,CS,55.1,40.86,87.3,76.75,83.0,2.26,91.21,74.09,D,1,48,92.0,86.0,85.0
Female,19.0,Engineering,78.98,74.34,97.21,56.19,98.02,5.37,81.2,75.96,A,1,73,100.0,43.0,72.0
Male,19.0,CS,63.05,,45.69,67.03,81.39,9.13,67.81,98.0,D,0,90,98.0,70.0,67.0
Female,23.0,Business,73.56,50.23,96.33,85.86,54.38,3.21,98.63,89.49,F,0,77,53.0,100.0,47.0
 FEMALE ,22.0,Engineering,66.85,73.34,63.18,99.32,81.94,7.07,79.6,82.88,D,1,72,100.0,86.0,62.0
 FEMALE ,23.0,Business,67.56,81.66,56.41,53.02,93.65,2.64,55.76,81.48,A,0,34,78.0,83.0,83.0
Male,22.0,Engineering,63.95,99.71,69.27,79.01,55.66,7.71,92.69,65.98,B,1,71,45.0,79.0,52.0
Male,23.0,CS,93.45,66.22,94.66,75.63,72.05,4.92,83.02,91.74,F,1,80,57.0,74.0,93.0
Female,20.0,Engineering,71.8,61.24,76.46,59.79,62.49,4.62,85.01,55.84,F,1,56,68.0,66.0,79.0
Female,20.0,CS,89.92,73.67,91.11,64.11,89.06,2.16,77.51,65.46,F,0,65,73.0,64.0,91.0
Female,20.0,Engineering,70.02,85.12,58.99,91.11,62.07,9.5,75.92,98.85,B,0,64,100.0,61.0,82.0
Male,18.0,CS,56.36,60.45,86.63,59.82,51.34,5.56,84.97,91.91,B,1,67,89.0,83.0,62.0
Female,19.0,CS,79.84,73.91,84.8,67.15,69.25,2.88,95.8,98.92,D,0,92,82.0,53.0,57.0
Female,19.0,Business,93.02,94.18,88.08,70.54,80.07,6.38,81.98,92.69,F,0,63,65.0,78.0,54.0
Male,20.0,CS,57.91,68.31,75.5,99.26,63.79,3.78,87.16,88.25,A,0,61,99.0,80.0,68.0
Female,18.0,CS,50.86,50.37,70.89,96.03,99.7,,88.29,88.66,C,0,71,25.0,78.0,56.0
Female,22.0,CS,92.08,60.03,45.48,63.1,64.1,9.76,64.13,84.48,A,0,79,60.0,66.0,48.0
Female,20.0,Mathematics,85.49,89.15,77.57,88.09,,2.42,68.04,96.23,A,1,27,98.0,90.0,87.0
Female,23.0,Business,52.6,,95.85,52.67,70.32,8.77,56.44,77.06,F,0,64,54.0,64.0,68.0
Male,19.0,Business,97.11,56.71,48.05,85.0,93.26,7.18,69.09,97.62,A,0,58,90.0,99.0,77.0
Female,19.0,Engineering,98.11,46.28,76.62,69.58,71.48,6.9,61.12,79.59,A,0,63,96.0,71.0,85.0
Male,19.0,CS,90.78,83.72,76.75,96.51,61.98,5.06,,58.44,A,0,58,61.0,83.0,68.0
Male,19.0,CS,79.88,69.32,46.51,73.85,,5.05,54.57,79.22,B,0,42,82.0,60.0,87.0
Female,18.0,Engineering,62.0,61.8,64.65,51.51,94.01,4.85,57.28,92.14,D,1,54,74.0,79.0,47.0
Male,23.0,Engineering,83.08,47.65,,86.92,81.61,6.67,98.29,73.91,D,0,76,49.0,80.0,66.0
Female,21.0,Business,64.77,59.65,58.79,83.7,90.74,9.82,90.51,61.86,B,0,27,84.0,85.0,51.0
Male,20.0,Business,57.19,99.85,52.07,52.59,76.13,1.36,71.12,70.26,A,0,57,79.0,76.0,55.0
Male,23.0,Business,54.67,78.45,80.98,84.47,85.51,4.72,82.82,68.64,C,1,65,94.0,80.0,32.0
Male,22.0,CS,87.36,74.26,71.33,68.87,50.73,9.58,72.09,75.04,A,0,45,80.0,98.0,54.0
Male,18.0,CS,83.1,70.51,89.55,53.49,54.65,8.01,77.63,87.44,A,0,58,36.0,62.0,48.0
Female,22.0,Engineering,90.06,95.73,84.97,61.84,84.45,9.88,96.23,68.18,B,0,76,68.0,87.0,46.0
Male,23.0,Mathematics,71.15,56.71,47.06,95.98,70.16,4.05,75.8,75.05,F,0,28,50.0,96.0,34.0
Male,19.0,CS,51.75,83.52,52.8,50.61,61.33,7.11,97.12,98.85,D,1,86,65.0,40.0,86.0
Female,23.0,CS,87.94,68.31,73.45,67.7,94.2,2.83,56.76,53.97,A,0,49,80.0,86.0,66.0
Male,18.0,Engineering,64.21,76.1,44.88,,82.57,8.52,64.98,97.66,B,0,90,51.0,77.0,75.0
Female,21.0,CS,92.9,,72.28,68.69,57.3,1.07,97.59,57.26,F,1,27,53.0,99.0,94.0
Male,19.0,Engineering,68.71,56.61,82.48,84.02,76.54,4.4,95.26,59.63,B,0,99,66.0,79.0,60.0
Male,21.0,Business,75.04,42.94,62.97,67.86,71.0,2.56,66.21,67.68,F,0,79,77.0,95.0,60.0
Female,22.0,Engineering,55.79,79.43,54.86,93.3,75.24,5.71,73.1,72.64,C,0,63,51.0,62.0,69.0
Female,21.0,CS,69.47,67.7,77.03,79.28,72.35,4.7,65.44,65.71,D,0,48,72.0,69.0,60.0
Female,21.0,Engineering,67.92,78.1,79.21,97.34,65.62,4.93,61.65,81.04,F,0,50,56.0,84.0,41.0
Male,22.0,CS,62.29,50.88,96.46,82.42,67.45,0.39,70.37,95.02,A,1,54,62.0,96.0,39.0
Male,22.0,Business,80.71,43.39,77.05,66.69,50.54,9.7,93.33,91.27,A,0,68,52.0,60.0,51.0
Female,23.0,Mathematics,52.76,80.44,96.35,52.2,,7.04,51.53,64.51,D,1,69,70.0,100.0,57.0
Female,23.0,Engineering,97.97,59.2,83.16,59.57,74.98,6.09,64.53,94.56,F,0,87,32.0,90.0,76.0
Male,21.0,CS,85.52,62.25,69.91,76.42,54.61,2.4,64.19,88.05,F,0,76,80.0,100.0,70.0
Male,20.0,CS,58.79,78.9,88.41,51.99,57.99,7.41,76.58,76.77,C,0,80,100.0,62.0,81.0
Male,23.0,Business,76.61,60.33,81.0,68.18,92.13,,58.07,50.39,A,0,86,82.0,60.0,46.0
Female,23.0,Engineering,65.2,95.72,67.27,70.02,50.61,6.14,96.02,97.57,B,1,51,36.0,81.0,50.0
Male,20.0,CS,86.92,55.96,58.19,93.01,79.58,7.42,74.89,79.27,F,1,68,85.0,59.0,76.0
Female,18.0,Engineering,61.27,46.1,74.33,82.16,97.38,7.35,58.19,65.56,C,0,43,80.0,90.0,63.0
Female,22.0,Business,85.0,91.38,56.38,90.36,95.62,3.37,85.11,50.69,C,1,42,48.0,100.0,57.0
Female,23.0,Engineering,63.53,70.42,96.7,60.68,52.92,6.24,60.97,61.36,D,0,64,41.0,97.0,75.0
 MALE ,18.0,Mathematics,57.02,49.4,96.94,56.83,98.6,2.42,92.32,68.15,B,1,53,72.0,50.0,55.0
Male,18.0,CS,87.44,81.84,69.84,97.98,77.24,3.41,81.06,88.41,D,0,73,70.0,84.0,81.0
Female,22.0,Engineering,91.92,71.42,55.35,74.37,,0.14,72.6,66.78,F,0,83,66.0,50.0,62.0
Female,20.0,Engineering,90.45,86.99,64.58,75.71,82.04,0.39,91.49,82.3,C,0,94,56.0,82.0,84.0
Female,21.0,CS,62.44,48.65,48.54,69.51,89.22,7.66,55.17,87.69,A,0,63,83.0,83.0,76.0
Male,20.0,Business,61.11,75.07,57.32,51.4,89.82,8.28,52.54,83.0,D,0,34,30.0,77.0,65.0
Male,23.0,Computer Science,53.07,49.82,64.4,98.32,74.48,1.82,70.35,53.8,A,0,57,66.0,76.0,80.0
Male,21.0,CS,76.27,46.44,76.09,82.68,70.04,7.37,92.6,82.81,F,0,51,67.0,77.0,93.0
Female,19.0,Engineering,54.51,96.45,91.48,,56.32,6.39,84.08,55.68,F,1,79,90.0,74.0,39.0
Male,23.0,Engineering,99.61,66.97,86.67,67.8,91.06,6.93,71.66,58.24,D,0,47,51.0,84.0,77.0
Female,21.0,Engineering,88.85,67.29,54.47,50.48,71.7,6.11,76.58,57.86,D,1,49,89.0,57.0,68.0
Female,23.0,Mathematics,81.09,66.34,52.72,88.53,69.47,0.66,67.01,66.79,B,0,57,70.0,51.0,80.0
Female,21.0,CS,84.71,86.28,83.45,,54.77,9.95,63.53,79.61,C,0,68,57.0,86.0,63.0
Female,20.0, engineering ,80.48,52.11,81.5,63.58,60.45,5.81,78.39,73.08,B,0,65,87.0,63.0,98.0
Female,22.0,CS,55.9,72.28,63.22,77.68,74.96,2.8,93.98,63.5,F,0,56,74.0,65.0,88.0
Male,19.0,CS,51.28,83.65,97.87,63.61,54.59,7.62,67.06,88.56,F,1,58,93.0,59.0,76.0
Female,20.0,BUSINESS,89.67,66.62,52.49,90.02,59.86,2.88,87.45,96.29,D,1,30,56.0,65.0,79.0
Male,19.0,Business,83.87,84.71,62.88,85.65,79.65,4.44,82.41,66.46,B,1,54,60.0,50.0,87.0
Male,18.0,Mathematics,65.42,96.62,72.13,88.89,99.13,6.54,75.71,57.93,F,0,85,62.0,87.0,71.0
Male,21.0,Business,87.3,78.97,80.23,66.76,92.02,2.62,65.69,68.85,D,0,70,79.0,80.0,93.0
Female,21.0,Mathematics,81.95,77.87,96.19,95.16,74.44,1.27,88.02,69.75,A,0,65,49.0,74.0,53.0
Female,22.0,Engineering,64.34,71.59,95.97,82.7,60.86,0.48,73.2,85.42,B,0,37,45.0,75.0,45.0
Female,23.0,CS,79.54,96.62,77.46,91.96,,8.11,74.71,78.47,B,0,82,83.0,86.0,88.0
Male,22.0,CS,96.29,72.87,66.68,76.11,57.07,5.77,69.45,72.16,C,0,51,89.0,78.0,77.0
Female,22.0,CS,92.29,97.85,89.43,84.5,76.53,8.0,61.66,68.14,B,1,76,63.0,62.0,77.0
Male,20.0,CS,74.13,53.33,51.13,94.66,74.72,8.41,90.56,71.86,F,1,54,57.0,26.0,45.0
Male,19.0,Engineering,75.6,42.24,41.61,80.09,63.16,1.11,86.07,91.42,F,1,60,54.0,81.0,99.0
Female,20.0,Business,75.62,60.36,73.93,,81.28,8.46,87.14,70.72,F,1,74,86.0,100.0,70.0
Male,18.0,CS,93.36,53.43,99.67,73.17,62.02,6.53,94.76,56.57,B,0,61,95.0,95.0,66.0
Female,20.0,Mathematics,54.5,81.89,75.19,50.32,89.18,7.07,73.54,72.49,A,0,56,80.0,70.0,91.0
Female,18.0,Mathematics,86.52,90.66,68.63,98.62,95.29,9.2,75.02,78.98,F,0,29,23.0,81.0,82.0
Female,20.0,CS,97.91,55.79,52.4,86.41,74.71,7.42,52.89,72.46,A,1,53,32.0,71.0,66.0
Female,21.0,Engineering,80.59,89.35,91.49,61.38,65.12,4.94,81.44,99.0,A,0,79,67.0,70.0,66.0
Male,23.0,Mathematics,74.06,83.28,69.67,80.41,97.51,3.96,69.41,83.0,F,0,41,90.0,75.0,48.0
Male,,Engineering,57.78,41.05,97.58,96.71,79.42,9.43,57.62,95.87,F,1,67,93.0,61.0,46.0
Male,23.0,Business,59.39,42.46,67.18,92.44,,3.11,65.58,84.03,A,0,60,74.0,80.0,62.0
Female,18.0,CS,59.22,56.99,47.69,50.79,63.09,2.83,63.66,67.54,A,0,28,72.0,72.0,68.0
Male,21.0,Engineering,62.91,82.05,48.99,83.84,75.52,4.93,69.49,57.83,A,1,39,74.0,52.0,50.0
Male,19.0, engineering ,99.37,86.76,81.47,90.08,52.13,9.69,67.77,98.42,F,1,87,54.0,100.0,49.0
 FEMALE ,22.0,Engineering,52.96,74.29,92.7,84.6,69.5,7.25,52.17,63.83,A,0,47,61.0,96.0,82.0
Male,20.0,Business,78.78,90.34,67.96,91.49,67.35,1.7,61.13,82.11,B,0,53,71.0,47.0,66.0
Female,20.0,CS,53.17,62.61,72.29,65.92,97.4,0.75,70.07,78.48,A,1,94,38.0,82.0,51.0
Male,22.0,Computer Science,73.85,69.27,56.02,92.39,73.08,8.51,50.71,97.39,A,0,81,55.0,87.0,100.0
Female,22.0,CS,63.79,69.26,90.29,69.88,88.65,3.43,77.75,83.19,A,0,47,89.0,89.0,89.0
Female,22.0,Mathematics,60.85,85.0,43.19,62.58,96.76,5.21,57.2,93.74,C,0,87,89.0,55.0,71.0
Female,23.0,Engineering,59.29,64.87,66.4,60.78,88.12,,71.81,50.49,B,0,90,50.0,95.0,60.0
Male,20.0,Business,55.55,89.35,67.53,99.56,84.75,6.45,95.07,94.93,F,0,58,45.0,44.0,40.0
Male,21.0,Engineering,,,50.09,90.12,95.73,6.98,87.72,69.01,D,0,71,86.0,42.0,63.0
Male,21.0,Business,87.43,49.24,47.51,79.34,78.06,5.05,74.16,70.77,C,0,40,70.0,61.0,40.0
Male,20.0,CS,64.75,89.77,62.45,82.18,66.72,7.36,72.56,66.75,B,1,59,64.0,45.0,70.0
Male,21.0,CS,59.05,93.64,44.06,91.15,67.77,6.52,68.37,73.57,D,1,87,69.0,100.0,47.0
Female,20.0,Mathematics,77.77,79.5,59.37,68.23,79.04,4.34,89.2,66.4,A,0,92,57.0,63.0,53.0
Male,19.0,Engineering,89.5,93.43,94.03,69.91,71.24,4.43,64.57,93.59,B,1,100,65.0,81.0,56.0
Male,23.0,Mathematics,72.51,48.93,74.68,63.51,64.45,9.92,76.44,65.55,F,0,79,59.0,97.0,44.0
Male,23.0,Engineering,66.33,47.49,,79.48,65.3,7.07,52.94,69.17,C,0,66,60.0,63.0,40.0
Male,21.0,CS,,49.09,97.62,71.88,77.21,0.16,56.25,94.66,B,1,27,67.0,83.0,59.0
Female,18.0,Business,59.81,78.44,89.98,76.72,58.69,0.77,51.14,80.3,A,0,68,60.0,51.0,75.0
Female,18.0,Mathematics,87.13,48.14,84.48,74.78,91.35,7.06,62.24,81.82,D,1,45,40.0,76.0,82.0
Male,19.0,Business,80.39,83.59,97.98,78.89,92.13,2.09,98.12,72.72,A,0,59,100.0,90.0,86.0
Female,19.0,CS,68.8,60.06,87.96,97.23,82.04,9.58,96.73,83.89,B,0,66,47.0,61.0,65.0
Male,21.0,CS,73.64,79.36,96.94,96.22,53.03,5.42,,62.54,B,1,69,80.0,74.0,62.0
Male,20.0,Business,78.79,92.52,48.25,86.47,58.08,3.62,87.73,96.09,A,0,53,97.0,53.0,79.0
Female,19.0,Business,58.65,41.2,70.93,92.57,95.75,7.15,85.42,85.05,B,1,68,71.0,62.0,50.0
Male,23.0,CS,70.04,97.26,79.49,66.14,55.18,0.21,52.56,97.62,A,0,38,82.0,65.0,74.0
Male,23.0,Mathematics,52.22,52.18,53.07,78.52,59.88,3.13,84.15,82.05,B,0,43,73.0,85.0,75.0
Male,21.0,CS,,69.5,57.69,68.42,57.84,1.09,76.69,82.5,A,0,59,67.0,70.0,54.0
Male,20.0,CS,89.89,51.17,41.3,78.39,83.08,3.69,92.26,87.35,A,0,75,89.0,100.0,65.0
Female,19.0,CS,70.72,81.89,52.36,55.35,69.53,8.44,59.24,64.83,F,1,90,56.0,86.0,56.0
Male,19.0,Business,87.42,78.18,74.13,74.43,78.47,3.72,71.68,53.09,B,0,72,35.0,86.0,81.0
 MALE ,20.0,CS,65.28,49.25,49.09,52.96,60.7,4.38,71.2,97.09,B,1,54,76.0,100.0,72.0
Male,20.0,CS,55.38,76.46,51.49,98.58,77.57,3.65,62.88,95.25,B,0,50,71.0,51.0,85.0
Female,18.0,CS,58.73,52.22,90.18,67.58,69.05,0.27,73.56,52.29,C,1,53,72.0,82.0,82.0
Male,23.0,Engineering,77.41,66.4,75.37,58.49,90.24,2.92,90.5,60.33,C,0,83,47.0,49.0,72.0
Male,22.0,CS,59.75,66.96,63.0,71.33,54.18,0.43,73.11,96.2,F,1,80,30.0,63.0,61.0
Male,18.0,Business,68.37,92.19,56.04,84.14,84.94,6.3,73.07,80.73,A,1,50,100.0,69.0,69.0
Male,20.0,Engineering,55.67,85.82,97.08,60.91,88.56,9.0,69.23,90.15,A,0,70,72.0,74.0,86.0
Female,21.0,CS,57.77,52.73,45.98,79.97,93.28,2.21,67.83,67.21,D,0,63,35.0,96.0,68.0
Male,19.0,Mathematics,62.22,88.14,81.57,97.79,89.63,0.69,51.2,65.46,C,1,61,89.0,82.0,51.0
Male,20.0,Engineering,86.47,,87.22,79.21,88.01,5.83,98.4,84.29,B,0,75,70.0,80.0,84.0
Male,23.0,Engineering,52.74,61.47,87.59,79.74,82.51,0.01,65.39,60.31,F,0,66,76.0,86.0,41.0
Male,18.0,Business,64.55,65.45,44.16,90.99,67.68,5.17,55.21,88.04,C,0,51,75.0,82.0,67.0
Female,20.0,Business,76.32,54.1,57.38,60.1,83.73,3.79,99.5,65.83,B,0,64,73.0,82.0,59.0
Male,20.0,CS,68.79,76.54,70.49,53.97,64.01,6.02,74.9,99.13,D,0,85,92.0,59.0,68.0
Male,23.0,CS,96.21,90.93,93.42,57.79,65.0,0.65,74.56,91.8,A,0,44,91.0,72.0,80.0
Male,18.0,Mathematics,93.8,81.99,55.29,95.87,92.9,1.73,75.21,70.45,C,1,39,100.0,56.0,75.0
Female,21.0,CS,94.69,97.95,63.49,72.27,51.92,2.2,87.24,90.24,C,0,45,75.0,80.0,91.0
Female,18.0,Business,98.83,61.16,42.88,72.48,70.25,7.85,99.26,60.73,D,0,27,68.0,82.0,89.0
Male,20.0,Business,69.28,47.18,49.51,54.2,84.78,8.59,87.37,84.18,C,0,66,50.0,56.0,52.0
Male,22.0,Business,72.8,83.59,56.84,94.94,55.81,1.59,97.71,66.12,A,0,51,51.0,66.0,91.0
Female,23.0,CS,52.51,58.61,89.11,62.06,90.4,3.49,81.97,52.62,B,1,59,47.0,78.0,50.0
Female,22.0,CS,79.63,94.76,44.06,91.7,65.53,1.23,98.35,61.43,D,0,55,80.0,90.0,64.0
Female,23.0,CS,89.44,97.92,96.46,68.53,69.08,5.81,63.69,57.27,B,0,69,30.0,65.0,75.0
Male,20.0,Engineering,81.02,46.55,50.7,53.45,75.8,1.47,71.21,80.47,D,0,78,44.0,89.0,72.0
Female,21.0,Engineering,92.67,44.51,56.55,81.96,90.32,1.51,51.46,53.95,F,1,34,70.0,71.0,64.0
Male,23.0,CS,58.06,63.96,98.17,56.05,50.09,4.11,54.57,78.73,B,1,59,44.0,72.0,61.0
Female,23.0,Business,67.36,74.68,40.68,52.87,84.42,8.26,91.55,52.59,A,0,60,81.0,71.0,78.0
Female,21.0,Engineering,63.24,45.01,74.09,,77.5,3.13,58.26,74.61,A,0,52,88.0,70.0,80.0
Male,22.0,CS,52.11,96.89,56.33,88.84,98.68,8.22,61.84,51.1,A,0,74,65.0,79.0,74.0
Male,21.0,Engineering,68.16,66.06,42.45,96.05,65.88,5.5,57.69,74.66,F,1,56,70.0,85.0,100.0
Female,18.0,CS,66.24,64.04,57.62,55.91,98.02,4.88,51.28,90.97,D,1,56,41.0,89.0,50.0
Male,20.0,CS,51.96,48.36,,72.12,52.26,3.94,86.05,67.86,B,1,27,69.0,90.0,98.0
Female,22.0,CS,72.67,43.68,85.85,90.01,93.53,3.11,93.53,79.76,D,0,89,50.0,74.0,81.0
Male,20.0,CS,96.41,61.75,67.28,93.5,50.2,4.74,96.04,92.11,F,0,96,42.0,82.0,51.0
Female,18.0,Business,97.62,93.26,83.49,76.55,94.87,6.96,86.49,76.59,D,0,44,54.0,100.0,89.0
Female,18.0,Engineering,60.56,64.63,41.23,69.95,75.3,9.44,91.56,54.12,B,0,49,77.0,73.0,58.0
Female,18.0,CS,62.3,69.33,61.01,94.66,75.07,9.73,66.36,70.0,D,1,60,71.0,91.0,80.0
Female,20.0,CS,94.48,99.18,53.46,88.89,70.86,4.77,87.22,58.48,F,0,32,85.0,70.0,71.0
Male,22.0,Engineering,96.22,63.0,67.34,66.85,78.37,5.97,99.64,59.0,F,0,97,38.0,78.0,67.0
Male,19.0,CS,90.67,91.85,77.81,74.37,60.5,0.04,73.87,77.39,D,0,86,52.0,76.0,80.0
Female,18.0,Business,75.79,76.08,71.93,60.92,87.41,4.82,69.33,99.89,A,0,27,68.0,76.0,67.0
Female,20.0,CS,58.9,79.75,51.92,54.71,75.01,4.93,76.05,53.64,C,0,72,42.0,70.0,68.0
Female,19.0,CS,79.47,41.46,77.39,58.26,72.78,6.12,86.44,91.93,F,1,79,70.0,56.0,85.0
Male,21.0,CS,62.84,,,82.86,80.66,7.43,62.89,99.09,A,0,61,59.0,77.0,58.0
Female,19.0,Engineering,70.02,92.18,41.07,63.71,56.46,5.49,,51.83,C,1,75,89.0,100.0,90.0
Male,18.0,CS,89.61,63.87,60.15,91.91,80.51,8.73,92.61,52.39,F,0,73,58.0,33.0,64.0
Female,20.0,CS,78.66,53.03,87.67,85.44,61.56,6.1,70.48,81.44,A,0,65,78.0,100.0,69.0
Male,20.0,CS,64.46,93.63,78.2,75.05,81.2,4.89,94.46,63.87,C,1,73,95.0,43.0,75.0
Male,20.0,Engineering,68.75,69.82,51.91,99.73,66.81,9.19,84.57,71.74,D,1,31,100.0,79.0,46.0
Female,23.0,Engineering,77.58,74.25,41.31,87.33,55.68,6.05,97.81,77.76,B,0,56,74.0,69.0,78.0
Male,18.0,Business,90.4,55.42,75.51,64.78,83.01,3.88,74.25,66.74,D,0,61,67.0,70.0,66.0
Female,18.0,Mathematics,85.33,75.7,69.76,59.32,53.48,8.66,88.24,68.56,F,0,81,77.0,80.0,57.0
Female,18.0,CS,98.21,91.55,43.67,67.63,74.35,6.21,56.55,96.53,D,1,100,83.0,64.0,55.0
Male,23.0,Engineering,76.02,69.96,81.8,85.74,71.03,4.78,71.98,72.33,D,1,50,54.0,95.0,59.0
Male,20.0,Engineering,,88.4,76.15,96.78,,0.83,79.51,64.3,D,1,100,94.0,40.0,42.0
Male,21.0,CS,95.04,59.36,50.45,79.69,79.86,7.15,64.71,60.07,A,1,45,37.0,80.0,67.0
Male,18.0,Engineering,79.68,90.63,81.21,82.23,68.41,1.18,73.31,52.28,B,0,47,53.0,74.0,92.0
 MALE ,20.0,CS,97.26,89.86,93.69,85.34,55.08,1.6,79.62,92.58,B,1,85,51.0,100.0,88.0
Female,23.0,CS,70.69,55.41,51.73,92.28,76.28,8.67,79.12,96.21,B,1,62,76.0,56.0,42.0
Female,21.0,CS,67.8,45.75,98.53,64.77,92.46,2.74,97.32,94.98,A,0,52,89.0,62.0,49.0
Male,23.0,Mathematics,68.69,43.06,84.63,93.92,80.61,7.78,85.94,89.75,A,0,42,73.0,36.0,68.0
Female,18.0,CS,63.01,59.43,70.37,82.36,87.58,4.59,68.28,82.97,B,1,74,100.0,79.0,76.0
Female,23.0,CS,62.09,89.0,73.72,73.24,70.37,6.8,77.17,85.64,C,1,69,100.0,56.0,72.0
Female,19.0,Engineering,68.43,42.95,66.25,85.11,84.08,3.13,79.96,98.12,D,0,67,100.0,61.0,54.0
 MALE ,18.0,Business,62.98,59.57,87.33,74.79,69.1,4.33,71.02,76.51,D,0,44,100.0,89.0,60.0
Female,22.0,CS,74.04,56.48,51.92,95.22,68.86,3.73,60.46,94.62,C,1,72,100.0,83.0,68.0
Male,21.0,CS,58.17,54.69,96.27,73.59,79.23,6.17,83.23,56.54,D,0,55,100.0,78.0,32.0
Male,18.0,Mathematics,88.09,94.34,91.89,90.94,77.08,2.03,60.9,68.0,B,0,72,33.0,90.0,86.0
Male,,Business,93.53,64.95,73.15,72.48,67.41,9.46,57.86,74.71,D,0,93,58.0,43.0,62.0
Male,19.0,Engineering,81.89,73.52,84.53,65.61,62.37,3.89,84.15,84.4,A,0,62,78.0,63.0,66.0
Male,21.0,Mathematics,77.46,89.38,43.93,92.55,80.05,7.38,91.11,73.36,B,1,58,85.0,77.0,51.0
Male,20.0,CS,86.62,44.64,84.39,90.26,84.06,3.79,56.28,98.43,A,0,27,95.0,76.0,66.0
Male,21.0,Mathematics,97.13,54.3,56.2,59.45,73.93,0.28,58.75,85.51,B,1,52,43.0,98.0,80.0
Male,20.0,Business,72.61,79.74,68.37,51.2,63.61,2.3,65.94,58.08,B,1,62,75.0,58.0,87.0
Male,19.0,Engineering,,78.83,63.57,84.56,62.53,9.47,95.64,98.64,A,1,62,70.0,59.0,77.0
Female,21.0,Engineering,91.9,56.72,59.12,66.51,98.38,6.36,88.0,85.07,F,0,71,94.0,72.0,60.0
Female,19.0,CS,65.54,75.76,73.47,91.44,78.12,9.0,69.4,93.95,D,1,64,68.0,77.0,71.0
Male,22.0,Engineering,62.59,82.81,58.36,90.89,51.83,8.95,75.62,61.03,F,1,63,80.0,79.0,57.0
Male,21.0,CS,85.26,53.19,84.28,92.39,76.04,0.14,88.23,60.3,C,1,64,55.0,100.0,94.0
Female,23.0,Engineering,79.2,41.22,75.49,98.32,81.98,6.14,78.41,91.96,C,0,64,87.0,79.0,64.0
Female,22.0,Engineering,66.39,47.99,84.04,61.91,80.8,8.0,77.71,93.27,F,0,60,62.0,76.0,87.0
Male,20.0,Business,71.4,77.85,92.06,55.26,95.17,2.67,63.24,92.43,D,0,60,77.0,95.0,55.0
Female,21.0, engineering ,90.93,98.91,44.91,58.34,86.74,8.82,79.69,84.81,A,0,70,27.0,76.0,90.0
Male,20.0,Business,73.93,92.67,93.95,95.62,60.78,5.36,52.62,73.98,D,1,86,61.0,91.0,68.0
Male,21.0,CS,88.16,74.34,54.8,66.5,98.0,5.18,60.8,91.87,A,0,76,52.0,83.0,62.0
Female,22.0,Engineering,63.76,75.92,49.64,55.12,85.23,6.26,99.27,58.11,F,1,72,99.0,66.0,60.0
Female,21.0,Computer Science,96.32,77.74,50.39,90.28,67.26,2.99,62.41,92.34,B,0,84,86.0,72.0,99.0
Male,19.0,Engineering,52.57,94.03,40.63,77.26,98.1,0.76,65.23,68.98,A,0,48,100.0,61.0,66.0
Male,22.0,CS,96.56,90.66,71.65,80.53,60.27,4.29,99.7,51.11,F,1,39,76.0,86.0,74.0
Male,21.0,CS,64.96,60.32,73.67,94.9,96.47,,84.87,91.15,D,0,60,52.0,91.0,66.0
Female,23.0,CS,85.29,59.88,75.8,54.32,93.4,8.35,62.73,58.86,A,0,67,41.0,89.0,57.0
Male,21.0,Engineering,90.15,92.76,98.03,67.8,95.27,2.58,95.11,73.09,B,0,42,88.0,83.0,57.0
Female,19.0,Engineering,56.27,94.95,40.2,90.55,54.55,8.76,92.74,83.74,A,1,55,55.0,75.0,89.0
Female,21.0,Business,74.12,75.03,71.67,77.16,93.51,2.59,60.33,67.51,F,1,79,57.0,100.0,87.0
Female,21.0,CS,67.78,87.13,99.81,73.63,74.83,9.37,71.12,53.13,A,1,73,76.0,100.0,33.0
Male,23.0,Engineering,93.56,53.06,47.3,50.6,75.64,6.93,55.4,75.68,F,1,67,65.0,69.0,58.0
Male,19.0,Business,60.41,80.27,47.87,54.14,89.69,4.5,78.31,77.57,C,0,63,55.0,65.0,44.0
Male,18.0,CS,60.07,66.95,73.91,51.67,64.96,3.09,78.05,67.75,D,1,86,51.0,53.0,63.0
Male,23.0, engineering ,64.84,73.13,80.56,86.62,54.31,1.72,67.07,76.61,F,0,100,38.0,97.0,46.0
Female,21.0,Engineering,,42.91,59.23,73.68,70.06,5.75,76.65,75.96,F,1,97,48.0,61.0,75.0
Female,20.0,Business,66.83,44.76,65.65,75.12,61.39,8.81,81.26,56.98,A,0,57,86.0,91.0,84.0
Female,18.0,CS,56.17,98.1,78.94,67.59,51.55,3.75,52.42,81.28,A,1,62,53.0,91.0,44.0
Female,19.0,Mathematics,71.08,59.8,55.26,77.27,59.47,8.41,78.62,62.23,A,0,62,86.0,74.0,72.0
Male,23.0,Engineering,73.83,51.29,52.18,62.85,71.28,0.08,91.77,97.68,A,0,79,83.0,87.0,53.0
Female,22.0,Business,73.24,59.61,69.48,50.81,62.73,3.84,52.07,99.65,A,1,73,75.0,100.0,66.0
Female,22.0,Business,80.11,77.63,69.12,73.08,69.02,6.11,62.41,74.29,A,0,65,39.0,52.0,68.0
Female,22.0,Engineering,58.38,54.06,54.57,77.42,86.19,1.07,68.21,67.77,A,1,74,87.0,73.0,42.0
Female,19.0,CS,83.46,96.25,41.57,64.9,65.76,2.33,,57.12,A,0,27,51.0,86.0,64.0
Female,21.0,Engineering,52.3,41.22,57.71,97.26,81.41,4.28,53.88,94.1,D,0,65,81.0,73.0,54.0
Male,18.0,Business,92.23,97.3,93.72,66.09,56.66,2.85,53.54,98.66,F,1,65,84.0,80.0,50.0
Female,22.0,Engineering,68.39,43.24,74.74,91.34,52.31,3.14,97.14,69.83,A,0,89,76.0,85.0,69.0
Male,19.0,Mathematics,98.11,69.69,83.9,75.68,78.51,3.19,94.46,55.2,C,0,78,53.0,68.0,71.0
Female,23.0,CS,,64.24,49.19,81.73,57.51,0.85,67.52,54.29,A,1,63,97.0,65.0,54.0
Female,21.0,Engineering,89.95,94.07,98.14,79.51,68.53,1.69,58.92,59.24,D,0,50,100.0,88.0,66.0
Female,19.0,Mathematics,79.66,48.31,61.23,68.0,54.34,9.98,98.44,91.75,D,1,73,51.0,80.0,78.0
Female,21.0,CS,84.09,63.24,72.79,84.94,87.86,1.05,62.68,56.2,C,0,52,45.0,93.0,59.0
Female,19.0,Engineering,65.54,57.52,98.6,68.01,51.57,2.78,80.17,74.04,B,1,61,75.0,86.0,66.0
Male,20.0,Business,60.61,42.82,70.38,81.29,85.73,0.57,81.0,62.12,C,0,56,43.0,100.0,97.0
Male,,Business,84.59,99.5,40.22,52.44,92.35,4.33,82.83,99.87,C,0,54,78.0,59.0,72.0
Female,23.0,CS,82.28,97.29,71.86,93.27,83.83,7.99,96.3,86.68,F,1,58,44.0,82.0,84.0
Male,21.0,CS,67.56,98.14,,87.49,99.93,6.88,94.43,82.25,D,1,80,80.0,69.0,65.0
Female,19.0,Engineering,84.16,52.99,58.97,88.06,67.15,8.16,58.5,97.07,F,1,33,74.0,61.0,76.0
Female,22.0,Engineering,57.72,60.25,,86.29,57.66,3.5,68.4,97.4,F,0,49,90.0,48.0,38.0
Male,20.0,CS,59.35,46.3,51.78,80.45,80.27,0.67,61.81,91.32,C,0,57,56.0,88.0,84.0
Female,20.0,Business,95.66,79.12,87.79,66.57,89.9,8.6,57.7,57.05,D,0,85,73.0,70.0,52.0
Female,21.0,Business,86.37,58.11,73.49,98.52,59.72,4.03,83.44,97.0,A,1,95,85.0,69.0,61.0
Male,19.0,CS,80.16,69.19,80.76,81.08,87.66,0.92,83.49,81.33,D,0,89,67.0,100.0,95.0
Male,23.0,CS,77.65,42.96,45.92,99.26,51.84,6.38,64.12,72.99,A,0,63,77.0,63.0,68.0
Female,23.0,CS,57.39,74.01,43.35,71.71,61.49,0.25,63.56,54.75,B,0,57,86.0,69.0,75.0
Female,18.0,Engineering,89.75,76.47,75.27,55.18,93.72,9.67,83.2,70.85,C,1,27,77.0,100.0,57.0
Male,21.0,CS,51.92,50.61,66.83,88.13,75.86,3.17,57.22,70.34,A,0,66,81.0,87.0,46.0
 MALE ,21.0,CS,57.47,72.73,97.95,77.14,69.16,4.95,67.32,83.06,D,0,99,67.0,65.0,98.0
Male,20.0,CS,92.66,60.04,76.83,67.56,91.38,8.02,92.64,88.42,C,0,74,60.0,88.0,72.0
Female,18.0,CS,78.67,88.95,81.19,57.93,65.05,6.04,80.63,68.36,B,0,72,51.0,54.0,85.0
Female,18.0,Business,67.02,77.38,61.48,79.42,71.43,9.76,63.51,86.73,B,0,83,82.0,88.0,86.0
Female,20.0,Business,89.55,67.29,58.07,96.15,83.67,1.06,87.29,74.0,F,1,55,85.0,84.0,98.0
Male,22.0,CS,50.3,80.52,98.01,81.73,65.28,6.6,62.32,55.63,A,0,46,63.0,100.0,59.0
Male,19.0,Engineering,90.69,79.67,52.37,66.52,91.03,0.45,88.19,69.33,C,0,54,81.0,47.0,58.0
Male,19.0,CS,83.77,98.43,,68.77,69.8,3.55,89.47,80.8,D,1,97,69.0,93.0,88.0
Female,22.0, engineering ,88.65,58.43,85.31,52.21,72.97,8.97,75.32,51.89,A,1,27,55.0,94.0,50.0
Male,22.0,Business,79.74,63.6,57.97,54.02,,4.64,88.6,62.53,A,1,83,77.0,100.0,40.0
Male,22.0,CS,97.98,85.91,73.77,85.58,,2.06,,65.84,B,1,97,51.0,78.0,53.0
Female,22.0,CS,64.42,70.13,45.45,57.5,71.03,3.67,85.87,67.99,C,0,49,100.0,70.0,60.0
Male,20.0,Engineering,79.01,99.57,81.32,51.54,53.69,1.14,62.01,83.63,A,1,89,97.0,100.0,58.0
Female,21.0,Engineering,56.46,67.43,99.32,69.59,76.71,5.34,93.86,80.59,D,1,63,37.0,64.0,32.0
Female,20.0,CS,81.5,83.62,41.33,,58.18,8.0,76.22,62.25,A,1,72,48.0,63.0,51.0
Male,20.0,Mathematics,82.86,77.63,50.51,94.61,62.47,7.34,86.02,52.51,A,1,27,82.0,67.0,41.0
Female,21.0,Engineering,70.91,82.3,53.09,96.54,77.67,9.96,79.57,75.4,C,1,76,100.0,25.0,58.0
Female,22.0,CS,75.82,69.7,43.64,84.85,52.75,9.91,79.87,80.22,A,1,82,68.0,59.0,80.0
Female,18.0,Business,53.21,58.29,91.44,97.54,77.6,0.74,51.63,74.48,C,0,62,53.0,87.0,82.0
Male,18.0,CS,75.74,45.04,50.18,75.71,51.67,7.14,77.69,89.11,A,0,62,73.0,85.0,91.0
Male,18.0,Mathematics,83.8,43.18,56.1,82.66,50.93,0.26,60.43,92.01,A,1,90,100.0,97.0,53.0
Female,,CS,51.25,90.85,94.17,54.83,73.22,1.11,51.16,52.26,F,0,57,77.0,62.0,64.0
Male,18.0,CS,90.07,67.83,47.25,52.46,64.18,2.96,92.46,62.75,A,1,68,43.0,76.0,44.0
Male,18.0,Business,81.59,51.57,84.94,93.07,74.73,1.06,52.52,93.73,D,1,66,71.0,83.0,47.0
Female,23.0,CS,78.65,69.52,88.65,87.04,71.39,9.12,79.01,95.83,B,1,58,96.0,88.0,53.0
Male,20.0,Business,70.13,95.38,49.27,70.42,70.36,6.68,85.17,90.82,C,0,61,81.0,82.0,93.0
Male,,Business,96.39,95.15,54.92,66.24,63.62,5.35,,66.74,A,0,57,84.0,84.0,62.0
Male,22.0,Engineering,76.71,77.57,43.33,50.81,71.69,1.48,60.39,98.43,A,1,67,75.0,89.0,78.0
Male,22.0,Engineering,59.22,55.28,40.83,56.62,83.98,8.92,54.79,53.55,F,0,36,63.0,75.0,88.0
Male,22.0,CS,75.86,97.58,90.8,81.37,86.96,2.18,50.28,98.15,C,0,36,94.0,96.0,77.0
Male,21.0,Engineering,73.6,84.13,81.65,89.09,92.8,2.46,86.47,50.71,B,0,65,89.0,73.0,81.0
Male,19.0,CS,84.79,71.37,79.03,74.32,83.84,7.84,99.55,69.47,A,0,63,56.0,94.0,50.0
Male,19.0,CS,63.82,65.71,48.7,54.18,50.33,9.14,80.77,59.91,F,0,33,71.0,97.0,79.0
Male,19.0,Business,54.81,85.14,52.47,57.31,76.16,8.02,74.24,76.89,B,1,78,84.0,79.0,69.0
Female,19.0,CS,79.27,74.82,72.51,53.49,94.3,3.98,,66.3,F,1,60,74.0,98.0,56.0
Female,18.0,Engineering,98.87,41.29,74.45,90.25,71.57,5.16,73.06,52.36,B,1,53,83.0,46.0,67.0
Female,21.0,Engineering,67.74,83.29,95.82,57.48,54.02,4.21,51.17,67.74,C,0,87,66.0,76.0,61.0
Female,20.0,Engineering,61.7,81.78,49.49,90.06,69.06,4.78,87.37,55.48,A,0,62,36.0,79.0,63.0
Male,19.0,CS,67.03,79.72,52.27,55.25,74.54,6.04,68.45,88.6,D,1,70,84.0,80.0,66.0
Male,20.0,Engineering,69.2,91.18,63.66,71.16,61.6,2.37,,52.06,C,1,78,32.0,84.0,93.0
Male,19.0,Engineering,70.61,77.55,78.09,83.73,78.23,3.92,,86.06,B,0,79,74.0,51.0,58.0
Female,19.0,Engineering,65.98,,59.08,69.36,78.6,0.09,79.67,71.72,B,0,50,63.0,74.0,77.0
Female,23.0,Engineering,65.74,62.91,93.19,79.98,56.76,6.5,85.56,65.63,A,0,89,40.0,81.0,64.0
Female,23.0,Engineering,84.95,55.84,62.86,94.43,88.23,6.19,66.39,76.43,F,0,91,58.0,76.0,92.0
Male,23.0,Engineering,71.24,74.38,,54.48,99.32,4.21,95.39,70.09,C,0,74,70.0,79.0,73.0
Male,22.0,CS,95.8,91.03,76.77,56.41,68.08,9.1,72.48,60.49,F,1,49,66.0,97.0,84.0
Male,,Engineering,61.85,60.1,59.05,93.63,52.06,4.46,84.71,70.8,A,1,51,69.0,50.0,77.0
Female,18.0,CS,79.82,76.68,88.11,94.38,97.67,8.55,77.64,83.73,F,1,34,82.0,75.0,62.0
Female,22.0,Mathematics,89.63,83.96,75.43,85.89,99.96,0.83,82.93,79.03,B,1,66,46.0,64.0,80.0
Male,19.0,CS,58.96,63.02,50.04,76.02,75.92,6.55,78.93,64.26,A,0,80,86.0,93.0,83.0
Female,22.0,Mathematics,80.23,82.96,53.57,98.31,77.83,5.05,73.75,99.12,C,0,73,60.0,58.0,81.0
Female,20.0,CS,54.33,60.53,60.8,97.16,52.41,5.82,67.06,97.08,A,1,60,64.0,76.0,57.0
Female,22.0,CS,65.17,97.38,59.07,95.18,91.67,0.61,70.14,65.74,A,0,90,68.0,75.0,82.0
Female,21.0,Engineering,91.43,51.49,71.5,67.97,72.14,9.58,88.22,77.7,A,0,31,95.0,58.0,57.0
Female,20.0,Business,90.23,56.08,73.24,76.84,97.45,7.81,92.15,53.96,B,1,99,41.0,78.0,55.0
Male,23.0,CS,93.14,88.91,57.2,76.16,69.71,4.83,70.57,78.14,A,1,68,100.0,100.0,84.0
Female,23.0,CS,54.68,83.88,76.24,78.57,54.01,9.72,69.14,88.52,D,1,51,94.0,78.0,96.0
Female,18.0,Engineering,97.93,48.92,54.23,73.55,90.03,6.96,83.28,91.18,A,1,72,94.0,65.0,55.0
Male,22.0,Business,72.57,69.91,47.05,52.81,68.46,1.18,72.23,50.83,F,0,59,71.0,81.0,51.0
Male,18.0,Engineering,63.09,74.21,66.07,92.36,52.18,2.16,74.1,64.59,B,1,27,98.0,87.0,76.0
Female,23.0,CS,86.49,69.51,75.43,85.18,55.35,4.83,98.26,79.59,B,0,78,60.0,46.0,58.0
Male,22.0,CS,78.22,42.96,87.08,64.03,99.32,4.94,93.03,70.12,F,0,37,92.0,99.0,73.0
Male,19.0,CS,82.53,67.36,84.23,73.42,65.82,0.42,51.39,62.95,F,1,70,71.0,100.0,90.0
Male,21.0,CS,69.21,95.31,94.97,57.24,92.22,5.22,76.33,71.52,B,0,87,60.0,100.0,89.0
Female,18.0,Engineering,85.72,62.64,83.79,90.83,96.94,2.21,72.53,67.97,F,0,31,89.0,93.0,80.0
Male,21.0,Engineering,71.77,45.62,87.5,85.36,93.24,,54.23,85.95,D,1,73,59.0,100.0,87.0
Male,21.0,CS,76.31,62.08,99.67,65.56,64.41,3.85,91.94,52.15,D,0,90,85.0,50.0,57.0
Male,22.0,Business,86.72,94.46,50.62,77.42,69.27,,86.46,87.77,A,1,58,93.0,76.0,77.0
Male,20.0,Business,88.86,96.96,71.32,77.65,81.1,6.72,92.7,73.25,B,0,52,77.0,72.0,81.0
Male,18.0,Engineering,85.51,56.56,93.9,89.87,61.08,5.07,78.52,54.14,D,1,58,80.0,82.0,76.0
Male,20.0,Computer Science,50.13,45.38,57.73,96.83,56.43,8.45,77.12,54.96,D,0,58,33.0,68.0,40.0
Female,21.0,CS,68.13,89.85,59.78,77.07,54.2,1.56,52.81,80.68,A,0,71,96.0,90.0,85.0
Male,22.0,CS,85.09,77.65,,95.33,83.53,8.77,70.92,60.21,A,0,75,86.0,63.0,77.0
Female,19.0,CS,72.81,64.2,60.91,64.85,94.7,3.31,63.68,82.54,A,0,53,67.0,82.0,75.0
Male,22.0,Mathematics,98.57,,90.78,53.83,65.17,5.63,86.55,57.58,A,1,38,91.0,79.0,98.0
Female,20.0,CS,56.51,98.57,96.5,87.89,69.57,5.5,54.01,58.74,A,0,54,93.0,28.0,38.0
Male,21.0,CS,85.32,51.96,52.74,99.49,77.74,9.04,85.15,98.72,A,1,22,58.0,48.0,59.0
Female,24.0,CS,61.27,,99.52,66.56,86.78,8.81,88.59,67.54,B,1,40,83.0,65.0,69.0
Female,21.0,Business,63.57,45.48,88.09,64.01,66.72,9.27,64.87,51.96,A,1,15,60.0,57.0,74.0
Female,22.0,Engineering,91.92,71.42,55.35,74.37,,0.14,72.6,66.78,F,0,83,66.0,50.0,62.0
Male,21.0,Mathematics,60.22,99.68,69.7,70.3,81.14,7.82,94.5,75.53,F,0,49,100.0,84.0,55.0
Male,20.0,CS,70.98,44.17,77.69,93.53,54.75,8.15,73.76,66.83,D,1,35,80.0,60.0,40.0
Male,18.0,CS,69.27,45.57,71.27,97.05,61.66,9.39,54.67,68.99,A,0,83,58.0,61.0,83.0
Female,22.0,CS,53.81,77.89,99.86,74.46,59.07,8.0,51.9,98.52,D,0,28,100.0,48.0,97.0
Male,20.0,CS,79.98,97.4,43.84,53.66,71.64,8.78,94.22,89.86,C,0,57,96.0,73.0,58.0
Male,18.0,Business,51.29,65.59,41.35,89.56,68.65,5.63,75.87,81.48,F,0,63,73.0,68.0,67.0
Male,20.0,Business,58.97,55.84,96.9,56.6,96.71,6.85,92.96,80.5,F,0,59,84.0,45.0,82.0
Female,,Engineering,98.11,64.37,60.41,72.39,71.81,0.24,72.65,81.79,A,1,88,84.0,80.0,62.0
Male,22.0,Computer Science,67.13,51.73,80.04,97.15,57.36,6.9,96.05,87.05,C,0,92,53.0,58.0,9.0
Male,24.0,CS,80.53,87.83,43.7,69.29,69.46,1.84,65.16,81.18,F,1,48,86.0,34.0,45.0
Female,23.0,CS,99.45,93.38,61.03,80.3,89.58,6.07,96.29,81.19,A,1,65,76.0,42.0,87.0
Male,20.0,CS,91.64,99.21,79.02,77.16,55.95,6.89,53.04,86.32,A,0,37,96.0,73.0,82.0
Female,18.0,Engineering,92.26,69.02,70.76,78.47,68.35,0.79,97.21,94.34,A,0,14,100.0,58.0,50.0
Male,19.0,Engineering,89.45,85.06,82.35,77.8,83.21,6.14,94.51,57.22,F,0,44,50.0,96.0,19.0
Female,24.0,CS,91.55,44.42,52.89,72.54,78.22,3.0,54.4,98.94,A,0,54,50.0,32.0,70.0
